ALT,P1,P2,P3,P4,P5,P6,T1,T2,T3,T4,T5,T6,H2O_1,H2O_2,H2O_3,H2O_4,H2O_5,H2O_6,CO2_1,CO2_2,CO2_3,CO2_4,CO2_5,CO2_6,O3_1,O3_2,O3_3,O3_4,O3_5,O3_6,N2O_1,N2O_2,N2O_3,N2O_4,N2O_5,N2O_6,CO_1,CO_2,CO_3,CO_4,CO_5,CO_6,CH4_1,CH4_2,CH4_3,CH4_4,CH4_5,CH4_6,O2_1,O2_2,O2_3,O2_4,O2_5,O2_6,BRD_1,BRD_2,BRD_3,BRD_4,BRD_5,BRD_6,NO,SO2,NO2,NH3,HNO3,OH,HF,HCL,HBR,HI,CLO,OCS,H2CO,HOCL,N2,HCN,CH3CL,H2O2,C2H2,C2H6,PH3,COF2,SF6,H2S,HCOOH,HO2,O,CLONO2,NOPLUS,HOBR,C2H4,CH3OH,CH3BR,CH3CN,CF4,C4H2,HC3N,H2,CS,SO3,BRO
 0.000E+00, 1.013E+03, 1.013E+03, 1.018E+03, 1.010E+03, 1.013E+03, 1.013E+03, 2.997E+02, 2.942E+02, 2.722E+02, 2.872E+02, 2.572E+02, 2.882E+02, 2.593E-02, 1.876E-02, 4.316E-03, 1.194E-02, 1.405E-03, 7.745E-03, 3.300E-04, 3.300E-04, 3.300E-04, 3.300E-04, 3.300E-04, 3.300E-04, 2.869E-08, 3.017E-08, 2.778E-08, 2.412E-08, 1.802E-08, 2.660E-08, 3.200E-07, 3.200E-07, 3.200E-07, 3.100E-07, 3.200E-07, 3.200E-07, 1.500E-07, 1.500E-07, 1.500E-07, 1.500E-07, 1.500E-07, 1.500E-07, 1.700E-06, 1.700E-06, 1.700E-06, 1.700E-06, 1.700E-06, 1.700E-06, 2.090E-01, 2.090E-01, 2.090E-01, 2.090E-01, 2.090E-01, 2.090E-01, 2.450E+13, 2.496E+13, 2.711E+13, 2.549E+13, 2.855E+13, 2.548E+13, 3.000E-10, 3.000E-10, 2.300E-11, 5.000E-10, 5.000E-11, 4.400E-14, 1.000E-14, 1.000E-09, 1.700E-12, 3.000E-12, 1.000E-14, 6.000E-10, 2.400E-09, 7.700E-12, 7.810E-01, 1.700E-10, 7.000E-10, 2.000E-10, 3.000E-10, 2.000E-09, 1.000E-20, 1.000E-20, 1.000E-20, 1.000E-20, 1.000E-20, 1.000E-20, 1.000E-20, 1.000E-20, 1.000E-20, 1.000E-20, 1.000E-20, 1.000E-20, 1.000E-20, 1.000E-20, 1.000E-20, 1.000E-20, 1.000E-20, 1.000E-20, 1.000E-20, 1.000E-20, 0.000E+00
 1.000E+00, 9.040E+02, 9.020E+02, 8.973E+02, 8.960E+02, 8.878E+02, 8.988E+02, 2.937E+02, 2.897E+02, 2.687E+02, 2.817E+02, 2.591E+02, 2.817E+02, 1.949E-02, 1.378E-02, 3.454E-03, 8.701E-03, 1.615E-03, 6.071E-03, 3.300E-04, 3.300E-04, 3.300E-04, 3.300E-04, 3.300E-04, 3.300E-04, 3.150E-08, 3.337E-08, 2.800E-08, 2.940E-08, 2.072E-08, 2.931E-08, 3.200E-07, 3.200E-07, 3.200E-07, 3.100E-07, 3.200E-07, 3.200E-07, 1.450E-07, 1.450E-07, 1.450E-07, 1.450E-07, 1.450E-07, 1.450E-07, 1.700E-06, 1.700E-06, 1.700E-06, 1.700E-06, 1.700E-06, 1.700E-06, 2.090E-01, 2.090E-01, 2.090E-01, 2.090E-01, 2.090E-01, 2.090E-01, 2.231E+13, 2.257E+13, 2.420E+13, 2.305E+13, 2.484E+13, 2.313E+13, 3.000E-10, 2.740E-10, 2.300E-11, 5.000E-10, 5.960E-11, 4.400E-14, 1.000E-14, 7.490E-10, 1.700E-12, 3.000E-12, 1.000E-14, 5.900E-10, 1.070E-09, 1.060E-11, 7.810E-01, 1.650E-10, 6.700E-10, 1.950E-10, 1.720E-10, 2.000E-09, 1.000E-20, 1.000E-20, 1.000E-20, 1.000E-20, 1.000E-20, 1.000E-20, 1.000E-20, 1.000E-20, 1.000E-20, 1.000E-20, 1.000E-20, 1.000E-20, 1.000E-20, 1.000E-20, 1.000E-20, 1.000E-20, 1.000E-20, 1.000E-20, 1.000E-20, 1.000E-20, 0.000E+00
 2.000E+00, 8.050E+02, 8.020E+02, 7.897E+02, 7.929E+02, 7.775E+02, 7.950E+02, 2.877E+02, 2.852E+02, 2.652E+02, 2.763E+02, 2.559E+02, 2.752E+02, 1.534E-02, 9.680E-03, 2.788E-03, 6.750E-03, 1.427E-03, 4.631E-03, 3.300E-04, 3.300E-04, 3.300E-04, 3.300E-04, 3.300E-04, 3.300E-04, 3.342E-08, 3.694E-08, 2.849E-08, 3.379E-08, 2.336E-08, 3.237E-08, 3.200E-07, 3.200E-07, 3.200E-07, 3.100E-07, 3.200E-07, 3.200E-07, 1.399E-07, 1.399E-07, 1.399E-07, 1.399E-07, 1.399E-07, 1.399E-07, 1.700E-06, 1.700E-06, 1.700E-06, 1.700E-06, 1.700E-06, 1.700E-06, 2.090E-01, 2.090E-01, 2.090E-01, 2.090E-01, 2.090E-01, 2.090E-01, 2.028E+13, 2.038E+13, 2.158E+13, 2.080E+13, 2.202E+13, 2.094E+13, 3.000E-10, 2.360E-10, 2.300E-11, 4.630E-10, 6.930E-11, 4.400E-14, 1.230E-14, 5.610E-10, 1.700E-12, 3.000E-12, 1.000E-14, 5.800E-10, 4.040E-10, 1.220E-11, 7.810E-01, 1.630E-10, 6.430E-10, 1.920E-10, 9.570E-11, 2.000E-09, 1.000E-20, 1.000E-20, 1.000E-20, 1.000E-20, 1.000E-20, 1.000E-20, 1.000E-20, 1.000E-20, 1.000E-20, 1.000E-20, 1.000E-20, 1.000E-20, 1.000E-20, 1.000E-20, 1.000E-20, 1.000E-20, 1.000E-20, 1.000E-20, 1.000E-20, 1.000E-20, 0.000E+00
 3.000E+00, 7.150E+02, 7.100E+02, 6.938E+02, 7.000E+02, 6.798E+02, 7.012E+02, 2.837E+02, 2.792E+02, 2.617E+02, 2.709E+02, 2.527E+02, 2.687E+02, 8.600E-03, 5.984E-03, 2.088E-03, 4.820E-03, 1.166E-03, 3.182E-03, 3.300E-04, 3.300E-04, 3.300E-04, 3.300E-04, 3.300E-04, 3.300E-04, 3.504E-08, 4.222E-08, 3.200E-08, 3.887E-08, 2.767E-08, 3.318E-08, 3.200E-07, 3.200E-07, 3.200E-07, 3.100E-07, 3.200E-07, 3.200E-07, 1.349E-07, 1.349E-07, 1.349E-07, 1.349E-07, 1.349E-07, 1.349E-07, 1.700E-06, 1.700E-06, 1.700E-06, 1.700E-06, 1.700E-06, 1.700E-06, 2.090E-01, 2.090E-01, 2.090E-01, 2.090E-01, 2.090E-01, 2.090E-01, 1.827E+13, 1.843E+13, 1.922E+13, 1.873E+13, 1.950E+13, 1.891E+13, 3.000E-10, 1.900E-10, 2.300E-11, 3.800E-10, 7.910E-11, 4.400E-14, 1.970E-14, 4.220E-10, 1.700E-12, 3.000E-12, 1.000E-14, 5.700E-10, 2.270E-10, 1.140E-11, 7.810E-01, 1.610E-10, 6.220E-10, 1.890E-10, 6.740E-11, 2.000E-09, 1.000E-20, 1.000E-20, 1.000E-20, 1.000E-20, 1.000E-20, 1.000E-20, 1.000E-20, 1.000E-20, 1.000E-20, 1.000E-20, 1.000E-20, 1.000E-20, 1.000E-20, 1.000E-20, 1.000E-20, 1.000E-20, 1.000E-20, 1.000E-20, 1.000E-20, 1.000E-20, 0.000E+00
 4.000E+00, 6.330E+02, 6.280E+02, 6.081E+02, 6.160E+02, 5.932E+02, 6.166E+02, 2.770E+02, 2.732E+02, 2.557E+02, 2.655E+02, 2.477E+02, 2.622E+02, 4.441E-03, 3.813E-03, 1.280E-03, 3.380E-03, 7.898E-04, 2.158E-03, 3.300E-04, 3.300E-04, 3.300E-04, 3.300E-04, 3.300E-04, 3.300E-04, 3.561E-08, 4.821E-08, 3.567E-08, 4.478E-08, 3.253E-08, 3.387E-08, 3.200E-07, 3.200E-07, 3.200E-07, 3.079E-07, 3.200E-07, 3.200E-07, 1.312E-07, 1.312E-07, 1.312E-07, 1.312E-07, 1.312E-07, 1.312E-07, 1.700E-06, 1.697E-06, 1.697E-06, 1.697E-06, 1.697E-06, 1.700E-06, 2.090E-01, 2.090E-01, 2.090E-01, 2.090E-01, 2.090E-01, 2.090E-01, 1.656E+13, 1.666E+13, 1.724E+13, 1.682E+13, 1.736E+13, 1.704E+13, 3.000E-10, 1.460E-10, 2.300E-11, 2.880E-10, 8.870E-11, 4.400E-14, 3.180E-14, 3.190E-10, 1.700E-12, 3.000E-12, 1.000E-14, 5.620E-10, 1.400E-10, 9.800E-12, 7.810E-01, 1.600E-10, 6.070E-10, 1.840E-10, 5.070E-11, 1.980E-09, 1.000E-20, 1.000E-20, 1.000E-20, 1.000E-20, 1.000E-20, 1.000E-20, 1.000E-20, 1.000E-20, 1.000E-20, 1.000E-20, 1.000E-20, 1.000E-20, 1.000E-20, 1.000E-20, 1.000E-20, 1.000E-20, 1.000E-20, 1.000E-20, 1.000E-20, 1.000E-20, 1.741E-17
 5.000E+00, 5.590E+02, 5.540E+02, 5.313E+02, 5.410E+02, 5.158E+02, 5.405E+02, 2.703E+02, 2.672E+02, 2.497E+02, 2.601E+02, 2.409E+02, 2.557E+02, 3.346E-03, 2.225E-03, 8.241E-04, 2.218E-03, 4.309E-04, 1.397E-03, 3.300E-04, 3.300E-04, 3.300E-04, 3.300E-04, 3.300E-04, 3.300E-04, 3.767E-08, 5.512E-08, 4.720E-08, 5.328E-08, 3.801E-08, 3.768E-08, 3.200E-07, 3.200E-07, 3.200E-07, 3.024E-07, 3.200E-07, 3.200E-07, 1.303E-07, 1.303E-07, 1.303E-07, 1.303E-07, 1.303E-07, 1.303E-07, 1.700E-06, 1.687E-06, 1.687E-06, 1.687E-06, 1.687E-06, 1.700E-06, 2.090E-01, 2.090E-01, 2.090E-01, 2.090E-01, 2.090E-01, 2.090E-01, 1.499E+13, 1.503E+13, 1.542E+13, 1.508E+13, 1.552E+13, 1.532E+13, 3.000E-10, 1.180E-10, 2.300E-11, 2.040E-10, 9.750E-11, 4.400E-14, 5.630E-14, 2.390E-10, 1.700E-12, 3.000E-12, 1.000E-14, 5.550E-10, 1.000E-10, 8.010E-12, 7.810E-01, 1.600E-10, 6.020E-10, 1.770E-10, 3.990E-11, 1.950E-09, 1.000E-20, 1.000E-20, 1.000E-20, 1.000E-20, 1.000E-20, 1.000E-20, 1.000E-20, 1.000E-20, 1.000E-20, 1.000E-20, 1.000E-20, 1.000E-20, 1.000E-20, 1.000E-20, 1.000E-20, 1.000E-20, 1.000E-20, 1.000E-20, 1.000E-20, 1.000E-20, 4.149E-17
 6.000E+00, 4.920E+02, 4.870E+02, 4.627E+02, 4.740E+02, 4.467E+02, 4.722E+02, 2.636E+02, 2.612E+02, 2.437E+02, 2.531E+02, 2.341E+02, 2.492E+02, 2.101E-03, 1.510E-03, 5.103E-04, 1.330E-03, 2.369E-04, 9.254E-04, 3.300E-04, 3.300E-04, 3.300E-04, 3.300E-04, 3.300E-04, 3.300E-04, 3.989E-08, 6.408E-08, 5.837E-08, 6.564E-08, 4.446E-08, 4.112E-08, 3.200E-07, 3.200E-07, 3.200E-07, 2.906E-07, 3.200E-07, 3.200E-07, 1.288E-07, 1.288E-07, 1.288E-07, 1.288E-07, 1.288E-07, 1.288E-07, 1.700E-06, 1.672E-06, 1.672E-06, 1.672E-06, 1.672E-06, 1.700E-06, 2.090E-01, 2.090E-01, 2.090E-01, 2.090E-01, 2.090E-01, 2.090E-01, 1.353E+13, 1.351E+13, 1.376E+13, 1.357E+13, 1.383E+13, 1.373E+13, 3.000E-10, 9.710E-11, 2.300E-11, 1.460E-10, 1.110E-10, 4.400E-14, 9.180E-14, 1.790E-10, 1.700E-12, 3.000E-12, 1.000E-14, 5.480E-10, 7.440E-11, 6.420E-12, 7.810E-01, 1.600E-10, 6.000E-10, 1.660E-10, 3.190E-11, 1.900E-09, 1.000E-20, 1.000E-20, 1.000E-20, 1.000E-20, 1.000E-20, 1.000E-20, 1.000E-20, 1.000E-20, 1.000E-20, 1.000E-20, 1.000E-20, 1.000E-20, 1.000E-20, 1.000E-20, 1.000E-20, 1.000E-20, 1.000E-20, 1.000E-20, 1.000E-20, 1.000E-20, 6.558E-17
 7.000E+00, 4.320E+02, 4.260E+02, 4.016E+02, 4.130E+02, 3.853E+02, 4.111E+02, 2.570E+02, 2.547E+02, 2.377E+02, 2.461E+02, 2.273E+02, 2.427E+02, 1.289E-03, 1.020E-03, 2.321E-04, 7.971E-04, 1.470E-04, 5.720E-04, 3.300E-04, 3.300E-04, 3.300E-04, 3.300E-04, 3.300E-04, 3.300E-04, 4.223E-08, 7.764E-08, 7.891E-08, 7.738E-08, 7.252E-08, 5.009E-08, 3.200E-07, 3.200E-07, 3.200E-07, 2.822E-07, 3.200E-07, 3.200E-07, 1.247E-07, 1.247E-07, 1.247E-07, 1.247E-07, 1.247E-07, 1.247E-07, 1.699E-06, 1.649E-06, 1.649E-06, 1.649E-06, 1.649E-06, 1.699E-06, 2.090E-01, 2.090E-01, 2.090E-01, 2.090E-01, 2.090E-01, 2.090E-01, 1.218E+13, 1.212E+13, 1.225E+13, 1.216E+13, 1.229E+13, 1.228E+13, 3.000E-10, 8.300E-11, 2.300E-11, 9.880E-11, 1.260E-10, 4.410E-14, 1.530E-13, 1.320E-10, 1.700E-12, 3.000E-12, 1.000E-14, 5.400E-10, 6.040E-11, 5.420E-12, 7.810E-01, 1.600E-10, 6.000E-10, 1.490E-10, 2.800E-11, 1.850E-09, 1.000E-20, 1.000E-20, 1.000E-20, 1.000E-20, 1.000E-20, 1.000E-20, 1.000E-20, 1.000E-20, 1.000E-20, 1.000E-20, 1.000E-20, 1.000E-20, 1.000E-20, 1.000E-20, 1.000E-20, 1.000E-20, 1.000E-20, 1.000E-20, 1.000E-20, 1.000E-20, 8.966E-17
 8.000E+00, 3.780E+02, 3.720E+02, 3.473E+02, 3.590E+02, 3.308E+02, 3.565E+02, 2.503E+02, 2.482E+02, 2.317E+02, 2.392E+02, 2.206E+02, 2.362E+02, 7.637E-04, 6.464E-04, 1.077E-04, 3.996E-04, 3.384E-05, 3.667E-04, 3.300E-04, 3.300E-04, 3.300E-04, 3.300E-04, 3.300E-04, 3.300E-04, 4.471E-08, 9.126E-08, 1.039E-07, 9.114E-08, 1.040E-07, 5.966E-08, 3.200E-07, 3.195E-07, 3.195E-07, 2.759E-07, 3.195E-07, 3.200E-07, 1.185E-07, 1.185E-07, 1.185E-07, 1.185E-07, 1.185E-07, 1.185E-07, 1.697E-06, 1.629E-06, 1.629E-06, 1.629E-06, 1.629E-06, 1.697E-06, 2.090E-01, 2.090E-01, 2.090E-01, 2.090E-01, 2.090E-01, 2.090E-01, 1.095E+13, 1.086E+13, 1.086E+13, 1.088E+13, 1.087E+13, 1.094E+13, 3.000E-10, 7.210E-11, 2.300E-11, 6.480E-11, 1.390E-10, 4.450E-14, 2.410E-13, 9.960E-11, 1.700E-12, 3.000E-12, 1.010E-14, 5.320E-10, 5.010E-11, 4.700E-12, 7.810E-01, 1.600E-10, 5.980E-10, 1.230E-10, 2.550E-11, 1.790E-09, 1.000E-20, 1.000E-20, 1.000E-20, 1.000E-20, 1.000E-20, 1.000E-20, 1.000E-20, 1.000E-20, 1.000E-20, 1.000E-20, 1.000E-20, 1.000E-20, 1.000E-20, 1.000E-20, 1.000E-20, 1.000E-20, 1.000E-20, 1.000E-20, 1.000E-20, 1.000E-20, 1.281E-16
 9.000E+00, 3.290E+02, 3.240E+02, 2.993E+02, 3.108E+02, 2.829E+02, 3.080E+02, 2.436E+02, 2.417E+02, 2.257E+02, 2.322E+02, 2.172E+02, 2.297E+02, 4.098E-04, 4.129E-04, 5.566E-05, 1.300E-04, 2.976E-05, 1.583E-04, 3.300E-04, 3.300E-04, 3.300E-04, 3.300E-04, 3.300E-04, 3.300E-04, 5.000E-08, 1.111E-07, 1.567E-07, 1.420E-07, 2.100E-07, 9.168E-08, 3.195E-07, 3.163E-07, 3.163E-07, 2.703E-07, 3.163E-07, 3.195E-07, 1.094E-07, 1.094E-07, 1.094E-07, 1.094E-07, 1.094E-07, 1.094E-07, 1.693E-06, 1.615E-06, 1.615E-06, 1.615E-06, 1.615E-06, 1.693E-06, 2.090E-01, 2.090E-01, 2.090E-01, 2.090E-01, 2.090E-01, 2.090E-01, 9.789E+12, 9.716E+12, 9.612E+12, 9.701E+12, 9.440E+12, 9.719E+12, 3.000E-10, 6.560E-11, 2.320E-11, 3.770E-11, 1.530E-10, 4.560E-14, 4.040E-13, 7.480E-11, 1.700E-12, 3.000E-12, 1.050E-14, 5.250E-10, 4.220E-11, 4.410E-12, 7.810E-01, 1.600E-10, 5.940E-10, 9.090E-11, 2.400E-11, 1.720E-09, 1.000E-20, 1.000E-20, 1.000E-20, 1.000E-20, 1.000E-20, 1.000E-20, 1.000E-20, 1.000E-20, 1.000E-20, 1.000E-20, 1.000E-20, 1.000E-20, 1.000E-20, 1.000E-20, 1.000E-20, 1.000E-20, 1.000E-20, 1.000E-20, 1.000E-20, 1.000E-20, 1.853E-16
 1.000E+01, 2.860E+02, 2.810E+02, 2.568E+02, 2.677E+02, 2.418E+02, 2.650E+02, 2.370E+02, 2.353E+02, 2.197E+02, 2.252E+02, 2.172E+02, 2.233E+02, 1.912E-04, 2.472E-04, 2.960E-05, 4.240E-05, 2.000E-05, 6.996E-05, 3.300E-04, 3.300E-04, 3.300E-04, 3.300E-04, 3.300E-04, 3.300E-04, 5.595E-08, 1.304E-07, 2.370E-07, 1.890E-07, 3.000E-07, 1.313E-07, 3.179E-07, 3.096E-07, 3.096E-07, 2.651E-07, 3.096E-07, 3.179E-07, 9.962E-08, 9.962E-08, 9.962E-08, 9.962E-08, 9.962E-08, 9.962E-08, 1.685E-06, 1.579E-06, 1.579E-06, 1.579E-06, 1.579E-06, 1.685E-06, 2.090E-01, 2.090E-01, 2.090E-01, 2.090E-01, 2.090E-01, 2.090E-01, 8.747E+12, 8.656E+12, 8.472E+12, 8.616E+12, 8.069E+12, 8.602E+12, 3.000E-10, 6.080E-11, 2.380E-11, 2.030E-11, 1.740E-10, 4.680E-14, 6.570E-13, 5.680E-11, 1.700E-12, 3.000E-12, 1.210E-14, 5.180E-10, 3.630E-11, 4.340E-12, 7.810E-01, 1.600E-10, 5.880E-10, 5.790E-11, 2.270E-11, 1.580E-09, 1.000E-20, 1.000E-20, 1.000E-20, 1.000E-20, 1.000E-20, 1.000E-20, 1.000E-20, 1.000E-20, 1.000E-20, 1.000E-20, 1.000E-20, 1.000E-20, 1.000E-20, 1.000E-20, 1.000E-20, 1.000E-20, 1.000E-20, 1.000E-20, 1.000E-20, 1.000E-20, 2.908E-16
 1.100E+01, 2.470E+02, 2.430E+02, 2.199E+02, 2.300E+02, 2.067E+02, 2.270E+02, 2.301E+02, 2.288E+02, 2.192E+02, 2.252E+02, 2.172E+02, 2.168E+02, 7.306E-05, 9.556E-05, 1.000E-05, 1.330E-05, 1.000E-05, 3.613E-05, 3.300E-04, 3.300E-04, 3.300E-04, 3.300E-04, 3.300E-04, 3.300E-04, 6.613E-08, 1.793E-07, 3.624E-07, 3.050E-07, 3.500E-07, 2.149E-07, 3.140E-07, 2.989E-07, 2.989E-07, 2.600E-07, 2.989E-07, 3.140E-07, 8.964E-08, 8.964E-08, 8.964E-08, 8.964E-08, 8.964E-08, 8.964E-08, 1.675E-06, 1.542E-06, 1.542E-06, 1.542E-06, 1.542E-06, 1.675E-06, 2.090E-01, 2.090E-01, 2.090E-01, 2.090E-01, 2.090E-01, 2.090E-01, 7.780E+12, 7.698E+12, 7.271E+12, 7.402E+12, 6.898E+12, 7.589E+12, 3.000E-10, 5.790E-11, 2.620E-11, 1.090E-11, 2.020E-10, 4.800E-14, 1.200E-12, 4.590E-11, 1.700E-12, 3.000E-12, 1.870E-14, 5.090E-10, 3.430E-11, 4.650E-12, 7.810E-01, 1.600E-10, 5.790E-10, 3.430E-11, 2.080E-11, 1.300E-09, 1.000E-20, 1.000E-20, 1.000E-20, 1.000E-20, 1.000E-20, 1.000E-20, 1.000E-20, 1.000E-20, 1.000E-20, 1.000E-20, 1.000E-20, 1.000E-20, 1.000E-20, 1.000E-20, 1.000E-20, 1.000E-20, 1.000E-20, 1.000E-20, 1.000E-20, 1.000E-20, 4.351E-16
 1.200E+01, 2.130E+02, 2.090E+02, 1.882E+02, 1.977E+02, 1.766E+02, 1.940E+02, 2.236E+02, 2.223E+02, 2.187E+02, 2.252E+02, 2.172E+02, 2.167E+02, 2.905E-05, 2.944E-05, 6.000E-06, 6.000E-06, 6.000E-06, 1.906E-05, 3.300E-04, 3.300E-04, 3.300E-04, 3.300E-04, 3.300E-04, 3.300E-04, 7.815E-08, 2.230E-07, 5.232E-07, 4.100E-07, 4.000E-07, 3.095E-07, 3.095E-07, 2.936E-07, 2.936E-07, 2.549E-07, 2.936E-07, 3.095E-07, 7.814E-08, 7.814E-08, 7.814E-08, 7.814E-08, 7.814E-08, 7.814E-08, 1.662E-06, 1.508E-06, 1.508E-06, 1.506E-06, 1.506E-06, 1.662E-06, 2.090E-01, 2.090E-01, 2.090E-01, 2.090E-01, 2.090E-01, 2.090E-01, 6.904E+12, 6.814E+12, 6.237E+12, 6.363E+12, 5.893E+12, 6.489E+12, 3.000E-10, 5.600E-11, 3.150E-11, 6.300E-12, 2.410E-10, 4.940E-14, 1.960E-12, 4.360E-11, 1.700E-12, 3.000E-12, 3.180E-14, 4.980E-10, 3.390E-11, 5.010E-12, 7.810E-01, 1.600E-10, 5.660E-10, 1.950E-11, 1.760E-11, 9.860E-10, 1.000E-20, 1.000E-20, 1.000E-20, 1.000E-20, 1.000E-20, 1.000E-20, 1.000E-20, 1.000E-20, 1.000E-20, 1.000E-20, 1.000E-20, 1.000E-20, 1.000E-20, 1.000E-20, 1.000E-20, 1.000E-20, 1.000E-20, 1.000E-20, 1.000E-20, 1.000E-20, 6.323E-16
 1.300E+01, 1.820E+02, 1.790E+02, 1.611E+02, 1.700E+02, 1.510E+02, 1.658E+02, 2.170E+02, 2.158E+02, 2.182E+02, 2.252E+02, 2.172E+02, 2.167E+02, 9.900E-06, 8.000E-06, 5.000E-06, 4.450E-06, 4.450E-06, 1.085E-05, 3.300E-04, 3.300E-04, 3.300E-04, 3.300E-04, 3.300E-04, 3.300E-04, 9.289E-08, 3.000E-07, 7.036E-07, 5.000E-07, 6.500E-07, 3.846E-07, 3.048E-07, 2.860E-07, 2.860E-07, 2.494E-07, 2.860E-07, 3.048E-07, 6.374E-08, 6.374E-08, 6.374E-08, 6.374E-08, 6.374E-08, 6.374E-08, 1.645E-06, 1.479E-06, 1.479E-06, 1.471E-06, 1.471E-06, 1.645E-06, 2.090E-01, 2.090E-01, 2.090E-01, 2.090E-01, 2.090E-01, 2.090E-01, 6.079E+12, 6.012E+12, 5.351E+12, 5.471E+12, 5.039E+12, 5.546E+12, 2.990E-10, 5.590E-11, 4.450E-11, 3.120E-12, 2.760E-10, 5.190E-14, 3.120E-12, 6.510E-11, 1.700E-12, 3.000E-12, 5.610E-14, 4.820E-10, 3.500E-11, 5.220E-12, 7.810E-01, 1.590E-10, 5.480E-10, 1.080E-11, 1.230E-11, 7.220E-10, 1.000E-20, 1.000E-20, 1.000E-20, 1.000E-20, 1.000E-20, 1.000E-20, 1.000E-20, 1.000E-20, 1.000E-20, 1.000E-20, 1.000E-20, 1.000E-20, 1.000E-20, 1.000E-20, 1.000E-20, 1.000E-20, 1.000E-20, 1.000E-20, 1.000E-20, 1.000E-20, 8.120E-16
 1.400E+01, 1.560E+02, 1.530E+02, 1.378E+02, 1.460E+02, 1.291E+02, 1.417E+02, 2.103E+02, 2.157E+02, 2.177E+02, 2.252E+02, 2.172E+02, 2.167E+02, 6.220E-06, 5.000E-06, 4.800E-06, 4.000E-06, 4.500E-06, 5.927E-06, 3.300E-04, 3.300E-04, 3.300E-04, 3.300E-04, 3.300E-04, 3.300E-04, 1.050E-07, 4.400E-07, 8.000E-07, 6.000E-07, 9.000E-07, 5.030E-07, 2.999E-07, 2.800E-07, 2.800E-07, 2.433E-07, 2.800E-07, 2.999E-07, 5.025E-08, 5.025E-08, 5.025E-08, 5.025E-08, 5.025E-08, 5.025E-08, 1.626E-06, 1.451E-06, 1.451E-06, 1.434E-06, 1.434E-06, 1.626E-06, 2.090E-01, 2.090E-01, 2.090E-01, 2.090E-01, 2.090E-01, 2.090E-01, 5.377E+12, 5.141E+12, 4.588E+12, 4.699E+12, 4.308E+12, 4.739E+12, 2.950E-10, 5.640E-11, 7.480E-11, 1.110E-12, 3.330E-10, 5.650E-14, 4.620E-12, 1.010E-10, 1.700E-12, 3.000E-12, 9.990E-14, 4.600E-10, 3.620E-11, 5.600E-12, 7.810E-01, 1.570E-10, 5.280E-10, 6.590E-12, 7.320E-12, 4.960E-10, 1.000E-20, 1.000E-20, 1.000E-20, 1.000E-20, 1.000E-20, 1.000E-20, 1.000E-20, 1.000E-20, 1.000E-20, 1.000E-20, 1.000E-20, 1.000E-20, 1.000E-20, 1.000E-20, 1.000E-20, 1.000E-20, 1.000E-20, 1.000E-20, 1.000E-20, 1.000E-20, 1.013E-15
 1.500E+01, 1.320E+02, 1.300E+02, 1.178E+02, 1.260E+02, 1.103E+02, 1.211E+02, 2.037E+02, 2.157E+02, 2.172E+02, 2.252E+02, 2.172E+02, 2.167E+02, 4.000E-06, 3.400E-06, 4.700E-06, 4.000E-06, 4.550E-06, 5.000E-06, 3.300E-04, 3.300E-04, 3.300E-04, 3.300E-04, 3.300E-04, 3.300E-04, 1.256E-07, 5.000E-07, 9.000E-07, 7.000E-07, 1.200E-06, 6.505E-07, 2.944E-07, 2.724E-07, 2.724E-07, 2.355E-07, 2.724E-07, 2.944E-07, 3.941E-08, 3.941E-08, 3.941E-08, 3.941E-08, 3.941E-08, 3.941E-08, 1.605E-06, 1.422E-06, 1.422E-06, 1.389E-06, 1.389E-06, 1.605E-06, 2.090E-01, 2.090E-01, 2.090E-01, 2.090E-01, 2.090E-01, 2.090E-01, 4.697E+12, 4.368E+12, 3.931E+12, 4.055E+12, 3.681E+12, 4.050E+12, 2.830E-10, 5.750E-11, 1.710E-10, 4.470E-13, 4.520E-10, 6.750E-14, 7.090E-12, 1.630E-10, 1.700E-12, 3.000E-12, 1.780E-13, 4.260E-10, 3.620E-11, 6.860E-12, 7.810E-01, 1.550E-10, 5.030E-10, 4.200E-12, 4.520E-12, 3.350E-10, 1.000E-20, 1.000E-20, 1.000E-20, 1.000E-20, 1.000E-20, 1.000E-20, 1.000E-20, 1.000E-20, 1.000E-20, 1.000E-20, 1.000E-20, 1.000E-20, 1.000E-20, 1.000E-20, 1.000E-20, 1.000E-20, 1.000E-20, 1.000E-20, 1.000E-20, 1.000E-20, 1.211E-15
 1.600E+01, 1.110E+02, 1.110E+02, 1.007E+02, 1.080E+02, 9.431E+01, 1.035E+02, 1.970E+02, 2.157E+02, 2.167E+02, 2.252E+02, 2.166E+02, 2.167E+02, 3.000E-06, 3.300E-06, 4.600E-06, 4.000E-06, 4.600E-06, 3.950E-06, 3.300E-04, 3.300E-04, 3.300E-04, 3.300E-04, 3.300E-04, 3.300E-04, 1.444E-07, 6.000E-07, 1.100E-06, 8.500E-07, 1.500E-06, 8.701E-07, 2.877E-07, 2.611E-07, 2.611E-07, 2.282E-07, 2.611E-07, 2.877E-07, 3.069E-08, 3.069E-08, 3.069E-08, 3.069E-08, 3.069E-08, 3.069E-08, 1.582E-06, 1.390E-06, 1.390E-06, 1.342E-06, 1.342E-06, 1.582E-06, 2.090E-01, 2.090E-01, 2.090E-01, 2.090E-01, 2.090E-01, 2.090E-01, 4.084E+12, 3.730E+12, 3.368E+12, 3.476E+12, 3.156E+12, 3.462E+12, 2.680E-10, 5.750E-11, 3.190E-10, 2.110E-13, 7.370E-10, 8.250E-14, 1.050E-11, 2.370E-10, 1.700E-12, 3.000E-12, 3.160E-13, 3.880E-10, 3.580E-11, 8.770E-12, 7.810E-01, 1.520E-10, 4.770E-10, 2.940E-12, 2.590E-12, 2.140E-10, 1.000E-20, 1.000E-20, 1.000E-20, 1.000E-20, 1.000E-20, 1.000E-20, 1.000E-20, 1.000E-20, 1.000E-20, 1.000E-20, 1.000E-20, 1.000E-20, 1.000E-20, 1.000E-20, 1.000E-20, 1.000E-20, 1.000E-20, 1.000E-20, 1.000E-20, 1.000E-20, 1.416E-15
 1.700E+01, 9.370E+01, 9.500E+01, 8.610E+01, 9.280E+01, 8.058E+01, 8.850E+01, 1.948E+02, 2.157E+02, 2.162E+02, 2.252E+02, 2.160E+02, 2.167E+02, 2.900E-06, 3.200E-06, 4.500E-06, 4.050E-06, 4.650E-06, 3.850E-06, 3.300E-04, 3.300E-04, 3.300E-04, 3.300E-04, 3.300E-04, 3.300E-04, 2.500E-07, 7.000E-07, 1.400E-06, 1.000E-06, 1.900E-06, 1.187E-06, 2.783E-07, 2.421E-07, 2.421E-07, 2.179E-07, 2.421E-07, 2.783E-07, 2.489E-08, 2.489E-08, 2.489E-08, 2.489E-08, 2.489E-08, 2.489E-08, 1.553E-06, 1.356E-06, 1.356E-06, 1.290E-06, 1.290E-06, 1.553E-06, 2.090E-01, 2.090E-01, 2.090E-01, 2.090E-01, 2.090E-01, 2.090E-01, 3.486E+12, 3.192E+12, 2.886E+12, 2.987E+12, 2.704E+12, 2.960E+12, 2.520E-10, 5.370E-11, 5.190E-10, 1.100E-13, 1.310E-09, 1.040E-13, 1.690E-11, 3.130E-10, 1.700E-12, 3.000E-12, 5.650E-13, 3.480E-10, 3.500E-11, 1.200E-11, 7.810E-01, 1.490E-10, 4.490E-10, 2.300E-12, 1.550E-12, 1.490E-10, 1.000E-20, 1.000E-20, 1.000E-20, 1.000E-20, 1.000E-20, 1.000E-20, 1.000E-20, 1.000E-20, 1.000E-20, 1.000E-20, 1.000E-20, 1.000E-20, 1.000E-20, 1.000E-20, 1.000E-20, 1.000E-20, 1.000E-20, 1.000E-20, 1.000E-20, 1.000E-20, 1.657E-15
 1.800E+01, 7.890E+01, 8.120E+01, 7.360E+01, 7.980E+01, 6.882E+01, 7.565E+01, 1.988E+02, 2.168E+02, 2.157E+02, 2.252E+02, 2.154E+02, 2.167E+02, 2.750E-06, 3.150E-06, 4.500E-06, 4.300E-06, 4.700E-06, 3.825E-06, 3.300E-04, 3.300E-04, 3.300E-04, 3.300E-04, 3.300E-04, 3.300E-04, 5.000E-07, 1.000E-06, 1.800E-06, 1.300E-06, 2.450E-06, 1.587E-06, 2.671E-07, 2.174E-07, 2.174E-07, 2.035E-07, 2.174E-07, 2.671E-07, 1.966E-08, 1.966E-08, 1.966E-08, 1.966E-08, 1.966E-08, 1.966E-08, 1.521E-06, 1.323E-06, 1.323E-06, 1.230E-06, 1.230E-06, 1.521E-06, 2.090E-01, 2.090E-01, 2.090E-01, 2.090E-01, 2.090E-01, 2.090E-01, 2.877E+12, 2.715E+12, 2.473E+12, 2.568E+12, 2.316E+12, 2.530E+12, 2.400E-10, 4.780E-11, 7.710E-10, 6.700E-14, 2.110E-09, 1.300E-13, 2.570E-11, 3.850E-10, 1.700E-12, 3.000E-12, 1.040E-12, 3.090E-10, 3.420E-11, 1.630E-11, 7.810E-01, 1.450E-10, 4.210E-10, 2.240E-12, 8.630E-13, 1.050E-10, 1.000E-20, 1.000E-20, 1.000E-20, 1.000E-20, 1.000E-20, 1.000E-20, 1.000E-20, 1.000E-20, 1.000E-20, 1.000E-20, 1.000E-20, 1.000E-20, 1.000E-20, 1.000E-20, 1.000E-20, 1.000E-20, 1.000E-20, 1.000E-20, 1.000E-20, 1.000E-20, 1.898E-15
 1.900E+01, 6.660E+01, 6.950E+01, 6.280E+01, 6.860E+01, 5.875E+01, 6.467E+01, 2.027E+02, 2.179E+02, 2.152E+02, 2.252E+02, 2.148E+02, 2.167E+02, 2.600E-06, 3.200E-06, 4.500E-06, 4.500E-06, 4.750E-06, 3.850E-06, 3.300E-04, 3.300E-04, 3.300E-04, 3.300E-04, 3.300E-04, 3.300E-04, 9.500E-07, 1.500E-06, 2.300E-06, 1.700E-06, 3.100E-06, 2.030E-06, 2.527E-07, 1.843E-07, 1.843E-07, 1.817E-07, 1.843E-07, 2.527E-07, 1.549E-08, 1.549E-08, 1.549E-08, 1.549E-08, 1.549E-08, 1.549E-08, 1.480E-06, 1.281E-06, 1.281E-06, 1.157E-06, 1.161E-06, 1.480E-06, 2.090E-01, 2.090E-01, 2.090E-01, 2.090E-01, 2.090E-01, 2.090E-01, 2.381E+12, 2.312E+12, 2.115E+12, 2.208E+12, 1.982E+12, 2.163E+12, 2.440E-10, 3.970E-11, 1.060E-09, 3.970E-14, 3.170E-09, 1.640E-13, 4.020E-11, 4.420E-10, 1.700E-12, 3.000E-12, 2.040E-12, 2.740E-10, 3.390E-11, 2.260E-11, 7.810E-01, 1.410E-10, 3.950E-10, 2.680E-12, 5.300E-13, 7.960E-11, 1.000E-20, 1.000E-20, 1.000E-20, 1.000E-20, 1.000E-20, 1.000E-20, 1.000E-20, 1.000E-20, 1.000E-20, 1.000E-20, 1.000E-20, 1.000E-20, 1.000E-20, 1.000E-20, 1.000E-20, 1.000E-20, 1.000E-20, 1.000E-20, 1.000E-20, 1.000E-20, 2.174E-15
 2.000E+01, 5.650E+01, 5.950E+01, 5.370E+01, 5.900E+01, 5.014E+01, 5.529E+01, 2.067E+02, 2.192E+02, 2.152E+02, 2.252E+02, 2.142E+02, 2.167E+02, 2.600E-06, 3.300E-06, 4.500E-06, 4.600E-06, 4.800E-06, 3.900E-06, 3.300E-04, 3.300E-04, 3.300E-04, 3.300E-04, 3.300E-04, 3.300E-04, 1.400E-06, 2.000E-06, 2.900E-06, 2.100E-06, 3.700E-06, 2.579E-06, 2.365E-07, 1.607E-07, 1.621E-07, 1.567E-07, 1.621E-07, 2.365E-07, 1.331E-08, 1.331E-08, 1.331E-08, 1.331E-08, 1.331E-08, 1.331E-08, 1.424E-06, 1.224E-06, 1.224E-06, 1.072E-06, 1.084E-06, 1.424E-06, 2.090E-01, 2.090E-01, 2.090E-01, 2.090E-01, 2.090E-01, 2.090E-01, 1.981E+12, 1.967E+12, 1.809E+12, 1.899E+12, 1.697E+12, 1.849E+12, 2.550E-10, 3.190E-11, 1.390E-09, 2.410E-14, 4.200E-09, 2.160E-13, 5.770E-11, 4.890E-10, 1.700E-12, 3.000E-12, 4.640E-12, 2.410E-10, 3.430E-11, 3.070E-11, 7.810E-01, 1.370E-10, 3.690E-10, 3.680E-12, 3.100E-13, 6.010E-11, 1.000E-20, 1.000E-20, 1.000E-20, 1.000E-20, 1.000E-20, 1.000E-20, 1.000E-20, 1.000E-20, 1.000E-20, 1.000E-20, 1.000E-20, 1.000E-20, 1.000E-20, 1.000E-20, 1.000E-20, 1.000E-20, 1.000E-20, 1.000E-20, 1.000E-20, 1.000E-20, 2.543E-15
 2.100E+01, 4.800E+01, 5.100E+01, 4.580E+01, 5.070E+01, 4.277E+01, 4.729E+01, 2.107E+02, 2.204E+02, 2.152E+02, 2.252E+02, 2.136E+02, 2.176E+02, 2.650E-06, 3.450E-06, 4.500E-06, 4.700E-06, 4.850E-06, 3.975E-06, 3.300E-04, 3.300E-04, 3.300E-04, 3.300E-04, 3.300E-04, 3.300E-04, 1.800E-06, 2.400E-06, 3.500E-06, 2.700E-06, 4.000E-06, 3.028E-06, 2.194E-07, 1.323E-07, 1.362E-07, 1.350E-07, 1.362E-07, 2.194E-07, 1.232E-08, 1.232E-08, 1.232E-08, 1.232E-08, 1.232E-08, 1.232E-08, 1.355E-06, 1.154E-06, 1.154E-06, 9.903E-07, 1.014E-06, 1.355E-06, 2.090E-01, 2.090E-01, 2.090E-01, 2.090E-01, 2.090E-01, 2.090E-01, 1.651E+12, 1.677E+12, 1.543E+12, 1.632E+12, 1.451E+12, 1.575E+12, 2.770E-10, 2.670E-11, 1.760E-09, 1.920E-14, 4.940E-09, 3.400E-13, 7.770E-11, 5.220E-10, 1.700E-12, 3.000E-12, 8.150E-12, 2.140E-10, 3.680E-11, 4.290E-11, 7.810E-01, 1.340E-10, 3.430E-10, 5.620E-12, 1.890E-13, 4.570E-11, 1.000E-20, 1.000E-20, 1.000E-20, 1.000E-20, 1.000E-20, 1.000E-20, 1.000E-20, 1.000E-20, 1.000E-20, 1.000E-20, 1.000E-20, 1.000E-20, 1.000E-20, 1.000E-20, 1.000E-20, 1.000E-20, 1.000E-20, 1.000E-20, 1.000E-20, 1.000E-20, 3.049E-15
 2.200E+01, 4.090E+01, 4.370E+01, 3.910E+01, 4.360E+01, 3.647E+01, 4.047E+01, 2.146E+02, 2.216E+02, 2.152E+02, 2.252E+02, 2.130E+02, 2.186E+02, 2.800E-06, 3.600E-06, 4.530E-06, 4.800E-06, 4.900E-06, 4.065E-06, 3.300E-04, 3.300E-04, 3.300E-04, 3.300E-04, 3.300E-04, 3.300E-04, 2.400E-06, 2.900E-06, 3.900E-06, 3.300E-06, 4.200E-06, 3.647E-06, 2.051E-07, 1.146E-07, 1.230E-07, 1.218E-07, 1.230E-07, 2.051E-07, 1.232E-08, 1.232E-08, 1.232E-08, 1.232E-08, 1.232E-08, 1.232E-08, 1.272E-06, 1.066E-06, 1.066E-06, 9.170E-07, 9.561E-07, 1.272E-06, 2.090E-01, 2.090E-01, 2.090E-01, 2.090E-01, 2.090E-01, 2.090E-01, 1.381E+12, 1.429E+12, 1.317E+12, 1.403E+12, 1.241E+12, 1.342E+12, 3.070E-10, 2.280E-11, 2.160E-09, 1.720E-14, 5.460E-09, 5.090E-13, 9.900E-11, 5.490E-10, 1.700E-12, 3.000E-12, 1.070E-11, 1.880E-10, 4.030E-11, 5.760E-11, 7.810E-01, 1.300E-10, 3.170E-10, 1.030E-11, 1.040E-13, 3.400E-11, 1.000E-20, 1.000E-20, 1.000E-20, 1.000E-20, 1.000E-20, 1.000E-20, 1.000E-20, 1.000E-20, 1.000E-20, 1.000E-20, 1.000E-20, 1.000E-20, 1.000E-20, 1.000E-20, 1.000E-20, 1.000E-20, 1.000E-20, 1.000E-20, 1.000E-20, 1.000E-20, 3.654E-15
 2.300E+01, 3.500E+01, 3.760E+01, 3.340E+01, 3.750E+01, 3.109E+01, 3.467E+01, 2.170E+02, 2.228E+02, 2.152E+02, 2.252E+02, 2.124E+02, 2.196E+02, 2.900E-06, 3.850E-06, 4.550E-06, 4.830E-06, 4.950E-06, 4.200E-06, 3.300E-04, 3.300E-04, 3.300E-04, 3.300E-04, 3.300E-04, 3.300E-04, 3.400E-06, 3.400E-06, 4.300E-06, 3.700E-06, 4.500E-06, 4.168E-06, 1.967E-07, 1.035E-07, 1.124E-07, 1.102E-07, 1.122E-07, 1.967E-07, 1.307E-08, 1.307E-08, 1.307E-08, 1.307E-08, 1.307E-08, 1.307E-08, 1.191E-06, 9.730E-07, 9.730E-07, 8.574E-07, 9.009E-07, 1.191E-06, 2.090E-01, 2.090E-01, 2.090E-01, 2.090E-01, 2.090E-01, 2.090E-01, 1.169E+12, 1.223E+12, 1.125E+12, 1.207E+12, 1.061E+12, 1.144E+12, 3.600E-10, 2.070E-11, 2.580E-09, 1.590E-14, 5.740E-09, 7.590E-13, 1.230E-10, 5.750E-10, 1.700E-12, 3.000E-12, 1.520E-11, 1.640E-10, 4.500E-11, 7.650E-11, 7.810E-01, 1.250E-10, 2.860E-10, 1.970E-11, 5.750E-14, 2.600E-11, 1.000E-20, 1.000E-20, 1.000E-20, 1.000E-20, 1.000E-20, 1.000E-20, 1.000E-20, 1.000E-20, 1.000E-20, 1.000E-20, 1.000E-20, 1.000E-20, 1.000E-20, 1.000E-20, 1.000E-20, 1.000E-20, 1.000E-20, 1.000E-20, 1.000E-20, 1.000E-20, 4.460E-15
 2.400E+01, 3.000E+01, 3.220E+01, 2.860E+01, 3.228E+01, 2.649E+01, 2.972E+01, 2.192E+02, 2.239E+02, 2.152E+02, 2.266E+02, 2.118E+02, 2.206E+02, 3.200E-06, 4.000E-06, 4.600E-06, 4.850E-06, 5.000E-06, 4.300E-06, 3.300E-04, 3.300E-04, 3.300E-04, 3.300E-04, 3.300E-04, 3.300E-04, 4.300E-06, 4.000E-06, 4.700E-06, 4.200E-06, 4.600E-06, 4.627E-06, 1.875E-07, 9.622E-08, 1.048E-07, 9.893E-08, 1.043E-07, 1.875E-07, 1.400E-08, 1.400E-08, 1.400E-08, 1.400E-08, 1.400E-08, 1.400E-08, 1.118E-06, 8.800E-07, 8.800E-07, 8.013E-07, 8.479E-07, 1.118E-06, 2.090E-01, 2.090E-01, 2.090E-01, 2.090E-01, 2.090E-01, 2.090E-01, 9.920E+11, 1.042E+12, 9.633E+11, 1.033E+12, 9.065E+11, 9.765E+11, 4.510E-10, 1.900E-11, 3.060E-09, 1.440E-14, 5.840E-09, 1.160E-12, 1.500E-10, 6.040E-10, 1.700E-12, 3.000E-12, 2.240E-11, 1.370E-10, 5.060E-11, 9.920E-11, 7.810E-01, 1.190E-10, 2.480E-10, 3.700E-11, 2.230E-14, 1.890E-11, 1.000E-20, 1.000E-20, 1.000E-20, 1.000E-20, 1.000E-20, 1.000E-20, 1.000E-20, 1.000E-20, 1.000E-20, 1.000E-20, 1.000E-20, 1.000E-20, 1.000E-20, 1.000E-20, 1.000E-20, 1.000E-20, 1.000E-20, 1.000E-20, 1.000E-20, 1.000E-20, 5.329E-15
 2.500E+01, 2.570E+01, 2.770E+01, 2.440E+01, 2.780E+01, 2.256E+01, 2.549E+01, 2.214E+02, 2.251E+02, 2.152E+02, 2.281E+02, 2.112E+02, 2.216E+02, 3.250E-06, 4.200E-06, 4.650E-06, 4.900E-06, 5.000E-06, 4.425E-06, 3.300E-04, 3.300E-04, 3.300E-04, 3.300E-04, 3.300E-04, 3.300E-04, 5.400E-06, 4.800E-06, 5.100E-06, 4.500E-06, 4.700E-06, 5.118E-06, 1.756E-07, 8.958E-08, 9.661E-08, 8.775E-08, 9.570E-08, 1.756E-07, 1.521E-08, 1.521E-08, 1.498E-08, 1.510E-08, 1.521E-08, 1.498E-08, 1.055E-06, 7.888E-07, 7.931E-07, 7.477E-07, 7.961E-07, 1.055E-06, 2.090E-01, 2.090E-01, 2.090E-01, 2.090E-01, 2.090E-01, 2.090E-01, 8.413E+11, 8.919E+11, 8.218E+11, 8.834E+11, 7.742E+11, 8.337E+11, 6.850E-10, 1.750E-11, 3.740E-09, 1.230E-14, 5.610E-09, 2.180E-12, 1.820E-10, 6.510E-10, 1.710E-12, 3.000E-12, 3.970E-11, 1.080E-10, 5.820E-11, 1.310E-10, 7.810E-01, 1.130E-10, 1.910E-10, 6.200E-11, 8.510E-15, 1.220E-11, 1.000E-20, 1.000E-20, 1.000E-20, 1.000E-20, 1.000E-20, 1.000E-20, 1.000E-20, 1.000E-20, 1.000E-20, 1.000E-20, 1.000E-20, 1.000E-20, 1.000E-20, 1.000E-20, 1.000E-20, 1.000E-20, 1.000E-20, 1.000E-20, 1.000E-20, 1.000E-20, 6.482E-15
 2.750E+01, 1.763E+01, 1.907E+01, 1.646E+01, 1.923E+01, 1.513E+01, 1.743E+01, 2.270E+02, 2.284E+02, 2.155E+02, 2.310E+02, 2.136E+02, 2.240E+02, 3.600E-06, 4.450E-06, 4.700E-06, 4.950E-06, 5.000E-06, 4.575E-06, 3.300E-04, 3.300E-04, 3.300E-04, 3.300E-04, 3.300E-04, 3.300E-04, 7.800E-06, 6.000E-06, 5.600E-06, 5.300E-06, 4.900E-06, 5.803E-06, 1.588E-07, 8.006E-08, 8.693E-08, 7.327E-08, 8.598E-08, 1.588E-07, 1.722E-08, 1.722E-08, 1.598E-08, 1.649E-08, 1.722E-08, 1.598E-08, 9.870E-07, 7.046E-07, 7.130E-07, 6.956E-07, 7.449E-07, 9.870E-07, 2.090E-01, 2.090E-01, 2.090E-01, 2.090E-01, 2.090E-01, 2.090E-01, 5.629E+11, 6.050E+11, 5.536E+11, 6.034E+11, 5.134E+11, 5.640E+11, 1.280E-09, 1.540E-11, 4.810E-09, 9.370E-15, 4.820E-09, 5.000E-12, 2.300E-10, 7.510E-10, 1.760E-12, 3.000E-12, 8.480E-11, 6.700E-11, 7.210E-11, 1.840E-10, 7.810E-01, 1.050E-10, 1.100E-10, 1.030E-10, 4.090E-15, 5.740E-12, 1.000E-20, 1.000E-20, 1.000E-20, 1.000E-20, 1.000E-20, 1.000E-20, 1.000E-20, 1.000E-20, 1.000E-20, 1.000E-20, 1.000E-20, 1.000E-20, 1.000E-20, 1.000E-20, 1.000E-20, 1.000E-20, 1.000E-20, 1.000E-20, 1.000E-20, 1.000E-20, 1.106E-14
 3.000E+01, 1.220E+01, 1.320E+01, 1.110E+01, 1.340E+01, 1.020E+01, 1.197E+01, 2.323E+02, 2.337E+02, 2.174E+02, 2.351E+02, 2.160E+02, 2.265E+02, 4.000E-06, 4.700E-06, 4.750E-06, 5.000E-06, 5.000E-06, 4.725E-06, 3.300E-04, 3.300E-04, 3.300E-04, 3.300E-04, 3.300E-04, 3.300E-04, 9.300E-06, 7.000E-06, 6.100E-06, 5.700E-06, 5.400E-06, 6.553E-06, 1.416E-07, 6.698E-08, 7.524E-08, 5.941E-08, 7.314E-08, 1.416E-07, 1.995E-08, 1.995E-08, 1.710E-08, 1.808E-08, 2.037E-08, 1.710E-08, 9.136E-07, 6.315E-07, 6.438E-07, 6.442E-07, 6.941E-07, 9.136E-07, 2.090E-01, 2.090E-01, 2.090E-01, 2.090E-01, 2.090E-01, 2.090E-01, 3.807E+11, 4.094E+11, 3.701E+11, 4.131E+11, 3.423E+11, 3.830E+11, 2.450E-09, 1.340E-11, 6.160E-09, 6.350E-15, 3.740E-09, 1.170E-11, 2.830E-10, 9.880E-10, 1.900E-12, 3.000E-12, 1.850E-10, 2.960E-11, 8.730E-11, 2.450E-10, 7.810E-01, 9.730E-11, 4.720E-11, 1.360E-10, 2.520E-15, 2.140E-12, 1.000E-20, 1.000E-20, 1.000E-20, 1.000E-20, 1.000E-20, 1.000E-20, 1.000E-20, 1.000E-20, 1.000E-20, 1.000E-20, 1.000E-20, 1.000E-20, 1.000E-20, 1.000E-20, 1.000E-20, 1.000E-20, 1.000E-20, 1.000E-20, 1.000E-20, 1.000E-20, 1.855E-14
 3.250E+01, 8.520E+00, 9.300E+00, 7.560E+00, 9.400E+00, 6.910E+00, 8.258E+00, 2.377E+02, 2.390E+02, 2.204E+02, 2.400E+02, 2.185E+02, 2.296E+02, 4.300E-06, 4.850E-06, 4.800E-06, 5.000E-06, 5.000E-06, 4.825E-06, 3.300E-04, 3.300E-04, 3.300E-04, 3.300E-04, 3.300E-04, 3.300E-04, 9.850E-06, 8.100E-06, 6.800E-06, 6.900E-06, 5.900E-06, 7.373E-06, 1.165E-07, 4.958E-08, 6.126E-08, 4.154E-08, 5.710E-08, 1.165E-07, 2.266E-08, 2.266E-08, 1.850E-08, 1.997E-08, 2.486E-08, 1.850E-08, 8.300E-07, 5.592E-07, 5.746E-07, 5.888E-07, 6.434E-07, 8.300E-07, 2.090E-01, 2.090E-01, 2.090E-01, 2.090E-01, 2.090E-01, 2.090E-01, 2.598E+11, 2.820E+11, 2.486E+11, 2.839E+11, 2.292E+11, 2.524E+11, 4.530E-09, 1.210E-11, 7.210E-09, 3.680E-15, 2.590E-09, 3.400E-11, 3.200E-10, 1.280E-09, 2.260E-12, 3.000E-12, 3.570E-10, 1.210E-11, 1.010E-10, 2.960E-10, 7.810E-01, 9.040E-11, 1.790E-11, 1.360E-10, 1.860E-15, 8.490E-13, 1.000E-20, 1.000E-20, 1.000E-20, 1.000E-20, 1.000E-20, 1.000E-20, 1.000E-20, 1.000E-20, 1.000E-20, 1.000E-20, 1.000E-20, 1.000E-20, 1.000E-20, 1.000E-20, 1.000E-20, 1.000E-20, 1.000E-20, 1.000E-20, 1.000E-20, 1.000E-20, 2.969E-14
 3.500E+01, 6.000E+00, 6.520E+00, 5.180E+00, 6.610E+00, 4.701E+00, 5.746E+00, 2.431E+02, 2.452E+02, 2.279E+02, 2.472E+02, 2.223E+02, 2.365E+02, 4.600E-06, 4.950E-06, 4.850E-06, 5.000E-06, 5.000E-06, 4.900E-06, 3.300E-04, 3.300E-04, 3.300E-04, 3.300E-04, 3.300E-04, 3.300E-04, 9.700E-06, 8.900E-06, 7.100E-06, 7.700E-06, 6.200E-06, 7.837E-06, 9.275E-08, 3.695E-08, 5.116E-08, 3.032E-08, 4.670E-08, 9.275E-08, 2.487E-08, 2.487E-08, 1.997E-08, 2.183E-08, 3.168E-08, 2.009E-08, 7.460E-07, 5.008E-07, 5.050E-07, 5.240E-07, 5.883E-07, 7.460E-07, 2.090E-01, 2.090E-01, 2.090E-01, 2.090E-01, 2.090E-01, 2.090E-01, 1.789E+11, 1.927E+11, 1.647E+11, 1.938E+11, 1.533E+11, 1.761E+11, 7.140E-09, 1.160E-11, 7.280E-09, 1.820E-15, 1.640E-09, 8.350E-11, 3.480E-10, 1.570E-09, 2.820E-12, 3.000E-12, 5.080E-10, 4.310E-12, 1.110E-10, 3.210E-10, 7.810E-01, 8.460E-11, 7.350E-12, 1.130E-10, 1.520E-15, 3.420E-13, 1.000E-20, 1.000E-20, 1.000E-20, 1.000E-20, 1.000E-20, 1.000E-20, 1.000E-20, 1.000E-20, 1.000E-20, 1.000E-20, 1.000E-20, 1.000E-20, 1.000E-20, 1.000E-20, 1.000E-20, 1.000E-20, 1.000E-20, 1.000E-20, 1.000E-20, 1.000E-20, 4.489E-14
 3.750E+01, 4.260E+00, 4.640E+00, 3.600E+00, 4.720E+00, 3.230E+00, 4.041E+00, 2.485E+02, 2.513E+02, 2.355E+02, 2.546E+02, 2.285E+02, 2.434E+02, 4.900E-06, 5.000E-06, 4.900E-06, 5.000E-06, 5.000E-06, 4.950E-06, 3.300E-04, 3.300E-04, 3.300E-04, 3.300E-04, 3.300E-04, 3.300E-04, 8.800E-06, 8.700E-06, 7.200E-06, 7.800E-06, 6.250E-06, 7.800E-06, 6.693E-08, 2.519E-08, 3.968E-08, 1.949E-08, 3.439E-08, 6.693E-08, 2.738E-08, 2.716E-08, 2.147E-08, 2.343E-08, 4.429E-08, 2.220E-08, 6.618E-07, 4.453E-07, 4.481E-07, 4.506E-07, 5.238E-07, 6.618E-07, 2.090E-01, 2.090E-01, 2.090E-01, 2.090E-01, 2.090E-01, 2.090E-01, 1.243E+11, 1.338E+11, 1.108E+11, 1.344E+11, 1.025E+11, 1.238E+11, 9.340E-09, 1.210E-11, 6.260E-09, 9.260E-16, 9.680E-10, 1.700E-10, 3.720E-10, 1.690E-09, 3.690E-12, 3.000E-12, 6.070E-10, 1.600E-12, 1.130E-10, 3.040E-10, 7.810E-01, 8.020E-11, 3.030E-12, 8.510E-11, 1.320E-15, 1.340E-13, 1.000E-20, 1.000E-20, 1.000E-20, 1.000E-20, 1.000E-20, 1.000E-20, 1.000E-20, 1.000E-20, 1.000E-20, 1.000E-20, 1.000E-20, 1.000E-20, 1.000E-20, 1.000E-20, 1.000E-20, 1.000E-20, 1.000E-20, 1.000E-20, 1.000E-20, 1.000E-20, 6.543E-14
 4.000E+01, 3.050E+00, 3.330E+00, 2.530E+00, 3.400E+00, 2.243E+00, 2.871E+00, 2.540E+02, 2.575E+02, 2.432E+02, 2.621E+02, 2.347E+02, 2.504E+02, 5.200E-06, 5.100E-06, 4.950E-06, 5.000E-06, 5.000E-06, 5.025E-06, 3.300E-04, 3.300E-04, 3.300E-04, 3.300E-04, 3.300E-04, 3.300E-04, 7.500E-06, 7.550E-06, 6.900E-06, 7.000E-06, 5.900E-06, 7.300E-06, 4.513E-08, 1.736E-08, 2.995E-08, 1.274E-08, 2.471E-08, 4.513E-08, 3.098E-08, 2.962E-08, 2.331E-08, 2.496E-08, 6.472E-08, 2.497E-08, 5.638E-07, 3.916E-07, 3.931E-07, 3.708E-07, 4.505E-07, 5.638E-07, 2.090E-01, 2.090E-01, 2.090E-01, 2.090E-01, 2.090E-01, 2.090E-01, 8.703E+10, 9.373E+10, 7.540E+10, 9.402E+10, 6.927E+10, 8.310E+10, 1.120E-08, 1.360E-11, 4.030E-09, 2.940E-16, 5.330E-10, 2.850E-10, 3.950E-10, 1.740E-09, 4.910E-12, 3.000E-12, 5.950E-10, 6.710E-13, 1.030E-10, 2.480E-10, 7.810E-01, 7.630E-11, 1.320E-12, 6.370E-11, 1.180E-15, 5.390E-14, 1.000E-20, 1.000E-20, 1.000E-20, 1.000E-20, 1.000E-20, 1.000E-20, 1.000E-20, 1.000E-20, 1.000E-20, 1.000E-20, 1.000E-20, 1.000E-20, 1.000E-20, 1.000E-20, 1.000E-20, 1.000E-20, 1.000E-20, 1.000E-20, 1.000E-20, 1.000E-20, 8.670E-14
 4.250E+01, 2.200E+00, 2.410E+00, 1.800E+00, 2.480E+00, 1.570E+00, 2.060E+00, 2.594E+02, 2.637E+02, 2.508E+02, 2.695E+02, 2.408E+02, 2.573E+02, 5.500E-06, 5.300E-06, 5.000E-06, 5.000E-06, 5.000E-06, 5.150E-06, 3.300E-04, 3.300E-04, 3.300E-04, 3.300E-04, 3.300E-04, 3.300E-04, 5.900E-06, 5.900E-06, 5.900E-06, 5.400E-06, 5.100E-06, 6.200E-06, 2.751E-08, 1.158E-08, 2.080E-08, 9.001E-09, 1.631E-08, 2.751E-08, 3.510E-08, 3.138E-08, 2.622E-08, 2.647E-08, 1.041E-07, 2.824E-08, 4.614E-07, 3.389E-07, 3.395E-07, 2.992E-07, 3.708E-07, 4.614E-07, 2.090E-01, 2.090E-01, 2.090E-01, 2.090E-01, 2.090E-01, 2.090E-01, 6.147E+10, 6.624E+10, 5.202E+10, 6.670E+10, 4.726E+10, 5.803E+10, 1.190E-08, 1.650E-11, 2.170E-09, 8.720E-17, 2.520E-10, 4.060E-10, 4.100E-10, 1.760E-09, 6.130E-12, 3.000E-12, 4.330E-10, 4.350E-13, 7.950E-11, 1.640E-10, 7.810E-01, 7.300E-11, 8.690E-13, 5.170E-11, 1.080E-15, 2.250E-14, 1.000E-20, 1.000E-20, 1.000E-20, 1.000E-20, 1.000E-20, 1.000E-20, 1.000E-20, 1.000E-20, 1.000E-20, 1.000E-20, 1.000E-20, 1.000E-20, 1.000E-20, 1.000E-20, 1.000E-20, 1.000E-20, 1.000E-20, 1.000E-20, 1.000E-20, 1.000E-20, 1.016E-13
 4.500E+01, 1.590E+00, 1.760E+00, 1.290E+00, 1.820E+00, 1.113E+00, 1.491E+00, 2.648E+02, 2.699E+02, 2.585E+02, 2.736E+02, 2.470E+02, 2.642E+02, 5.700E-06, 5.450E-06, 5.000E-06, 5.000E-06, 5.000E-06, 5.225E-06, 3.300E-04, 3.300E-04, 3.300E-04, 3.300E-04, 3.300E-04, 3.300E-04, 4.500E-06, 4.500E-06, 4.600E-06, 4.200E-06, 4.100E-06, 5.250E-06, 1.591E-08, 7.665E-09, 1.311E-08, 6.286E-09, 1.066E-08, 1.591E-08, 3.987E-08, 3.307E-08, 3.057E-08, 2.809E-08, 1.507E-07, 3.241E-08, 3.631E-07, 2.873E-07, 2.876E-07, 2.445E-07, 3.004E-07, 3.631E-07, 2.090E-01, 2.090E-01, 2.090E-01, 2.090E-01, 2.090E-01, 2.090E-01, 4.352E+10, 4.726E+10, 3.617E+10, 4.821E+10, 3.266E+10, 4.090E+10, 1.170E-08, 2.100E-11, 1.150E-09, 2.980E-17, 1.210E-10, 5.110E-10, 4.210E-10, 1.790E-09, 6.850E-12, 3.000E-12, 2.510E-10, 3.340E-13, 4.820E-11, 9.740E-11, 7.810E-01, 7.000E-11, 6.680E-13, 4.440E-11, 9.970E-16, 1.040E-14, 1.000E-20, 1.000E-20, 1.000E-20, 1.000E-20, 1.000E-20, 1.000E-20, 1.000E-20, 1.000E-20, 1.000E-20, 1.000E-20, 1.000E-20, 1.000E-20, 1.000E-20, 1.000E-20, 1.000E-20, 1.000E-20, 1.000E-20, 1.000E-20, 1.000E-20, 1.000E-20, 1.028E-13
 4.750E+01, 1.160E+00, 1.290E+00, 9.400E-01, 1.340E+00, 7.900E-01, 1.090E+00, 2.696E+02, 2.752E+02, 2.651E+02, 2.762E+02, 2.532E+02, 2.706E+02, 5.900E-06, 5.500E-06, 5.000E-06, 5.000E-06, 5.000E-06, 5.250E-06, 3.300E-04, 3.300E-04, 3.300E-04, 3.300E-04, 3.300E-04, 3.300E-04, 3.450E-06, 3.500E-06, 3.700E-06, 3.200E-06, 3.000E-06, 4.100E-06, 9.378E-09, 5.321E-09, 8.071E-09, 4.558E-09, 7.064E-09, 9.378E-09, 4.482E-08, 3.487E-08, 3.803E-08, 2.999E-08, 2.163E-07, 3.717E-08, 2.773E-07, 2.384E-07, 2.386E-07, 2.000E-07, 2.453E-07, 2.773E-07, 2.090E-01, 2.090E-01, 2.090E-01, 2.090E-01, 2.090E-01, 2.090E-01, 3.119E+10, 3.398E+10, 2.570E+10, 3.516E+10, 2.261E+10, 2.920E+10, 1.100E-08, 2.770E-11, 6.660E-10, 1.300E-17, 7.700E-11, 5.790E-10, 4.240E-10, 1.800E-09, 7.080E-12, 3.000E-12, 1.560E-10, 2.800E-13, 1.630E-11, 4.920E-11, 7.810E-01, 6.700E-11, 5.600E-13, 3.800E-11, 9.340E-16, 6.570E-15, 1.000E-20, 1.000E-20, 1.000E-20, 1.000E-20, 1.000E-20, 1.000E-20, 1.000E-20, 1.000E-20, 1.000E-20, 1.000E-20, 1.000E-20, 1.000E-20, 1.000E-20, 1.000E-20, 1.000E-20, 1.000E-20, 1.000E-20, 1.000E-20, 1.000E-20, 1.000E-20, 9.041E-14
 5.000E+01, 8.540E-01, 9.510E-01, 6.830E-01, 9.870E-01, 5.719E-01, 7.978E-01, 2.702E+02, 2.757E+02, 2.657E+02, 2.772E+02, 2.593E+02, 2.707E+02, 6.000E-06, 5.500E-06, 4.950E-06, 4.950E-06, 4.950E-06, 5.225E-06, 3.300E-04, 3.300E-04, 3.300E-04, 3.300E-04, 3.300E-04, 3.300E-04, 2.800E-06, 2.800E-06, 2.750E-06, 2.500E-06, 2.600E-06, 3.100E-06, 4.752E-09, 3.215E-09, 4.164E-09, 2.795E-09, 3.972E-09, 4.752E-09, 5.092E-08, 3.645E-08, 6.245E-08, 3.220E-08, 3.141E-07, 4.597E-08, 2.100E-07, 1.944E-07, 1.944E-07, 1.660E-07, 1.980E-07, 2.100E-07, 2.090E-01, 2.090E-01, 2.090E-01, 2.090E-01, 2.090E-01, 2.090E-01, 2.291E+10, 2.500E+10, 1.863E+10, 2.581E+10, 1.599E+10, 2.136E+10, 1.030E-08, 3.560E-11, 4.430E-10, 7.130E-18, 5.550E-11, 6.750E-10, 4.250E-10, 1.800E-09, 7.140E-12, 3.000E-12, 1.040E-10, 2.470E-13, 5.100E-12, 2.530E-11, 7.810E-01, 6.430E-11, 4.940E-13, 3.480E-11, 8.830E-16, 4.740E-15, 1.000E-20, 1.000E-20, 1.000E-20, 1.000E-20, 1.000E-20, 1.000E-20, 1.000E-20, 1.000E-20, 1.000E-20, 1.000E-20, 1.000E-20, 1.000E-20, 1.000E-20, 1.000E-20, 1.000E-20, 1.000E-20, 1.000E-20, 1.000E-20, 1.000E-20, 1.000E-20, 7.027E-14
 5.500E+01, 4.560E-01, 5.150E-01, 3.620E-01, 5.370E-01, 2.990E-01, 4.250E-01, 2.634E+02, 2.693E+02, 2.606E+02, 2.740E+02, 2.591E+02, 2.608E+02, 6.000E-06, 5.350E-06, 4.850E-06, 4.850E-06, 4.850E-06, 5.100E-06, 3.300E-04, 3.300E-04, 3.300E-04, 3.300E-04, 3.300E-04, 3.300E-04, 1.800E-06, 1.800E-06, 1.700E-06, 1.700E-06, 1.600E-06, 1.800E-06, 3.000E-09, 2.030E-09, 2.629E-09, 1.765E-09, 2.508E-09, 3.000E-09, 5.985E-08, 3.923E-08, 1.480E-07, 3.650E-08, 4.842E-07, 6.639E-08, 1.651E-07, 1.574E-07, 1.574E-07, 1.500E-07, 1.590E-07, 1.650E-07, 2.090E-01, 2.090E-01, 2.090E-01, 2.090E-01, 2.090E-01, 2.090E-01, 1.255E+10, 1.386E+10, 1.007E+10, 1.421E+10, 8.364E+09, 1.181E+10, 1.010E-08, 4.590E-11, 3.390E-10, 4.800E-18, 4.450E-11, 9.530E-10, 4.250E-10, 1.800E-09, 7.150E-12, 3.000E-12, 7.690E-11, 2.280E-13, 2.000E-12, 1.500E-11, 7.810E-01, 6.210E-11, 4.560E-13, 3.620E-11, 8.430E-16, 3.790E-15, 1.000E-20, 1.000E-20, 1.000E-20, 1.000E-20, 1.000E-20, 1.000E-20, 1.000E-20, 1.000E-20, 1.000E-20, 1.000E-20, 1.000E-20, 1.000E-20, 1.000E-20, 1.000E-20, 1.000E-20, 1.000E-20, 1.000E-20, 1.000E-20, 1.000E-20, 1.000E-20, 2.802E-14
 6.000E+01, 2.390E-01, 2.720E-01, 1.880E-01, 2.880E-01, 1.550E-01, 2.190E-01, 2.531E+02, 2.571E+02, 2.508E+02, 2.627E+02, 2.509E+02, 2.470E+02, 6.000E-06, 5.000E-06, 4.500E-06, 4.500E-06, 4.500E-06, 4.750E-06, 3.300E-04, 3.300E-04, 3.300E-04, 3.300E-04, 3.300E-04, 3.300E-04, 1.100E-06, 1.300E-06, 1.000E-06, 1.200E-06, 9.500E-07, 1.100E-06, 2.065E-09, 1.397E-09, 1.809E-09, 1.214E-09, 1.726E-09, 2.065E-09, 6.960E-08, 4.673E-08, 2.926E-07, 4.589E-08, 7.147E-07, 1.073E-07, 1.500E-07, 1.500E-07, 1.500E-07, 1.500E-07, 1.500E-07, 1.500E-07, 2.090E-01, 2.090E-01, 2.090E-01, 2.090E-01, 2.090E-01, 2.090E-01, 6.844E+09, 7.668E+09, 5.433E+09, 7.946E+09, 4.478E+09, 6.426E+09, 1.010E-08, 5.150E-11, 2.850E-10, 3.660E-18, 3.840E-11, 1.760E-09, 4.250E-10, 1.800E-09, 7.150E-12, 3.000E-12, 6.300E-11, 2.160E-13, 1.050E-12, 1.050E-11, 7.810E-01, 6.020E-11, 4.320E-13, 5.250E-11, 8.100E-16, 3.280E-15, 1.000E-20, 1.000E-20, 1.000E-20, 1.000E-20, 1.000E-20, 1.000E-20, 1.000E-20, 1.000E-20, 1.000E-20, 1.000E-20, 1.000E-20, 1.000E-20, 1.000E-20, 1.000E-20, 1.000E-20, 1.000E-20, 1.000E-20, 1.000E-20, 1.000E-20, 1.000E-20, 0.000E+00
 6.500E+01, 1.210E-01, 1.390E-01, 9.500E-02, 1.470E-01, 7.900E-02, 1.090E-01, 2.360E+02, 2.401E+02, 2.409E+02, 2.397E+02, 2.484E+02, 2.333E+02, 5.400E-06, 4.400E-06, 4.000E-06, 4.000E-06, 4.000E-06, 4.200E-06, 3.300E-04, 3.300E-04, 3.300E-04, 3.300E-04, 3.300E-04, 3.300E-04, 6.500E-07, 8.000E-07, 5.500E-07, 8.000E-07, 6.500E-07, 7.000E-07, 1.507E-09, 1.020E-09, 1.321E-09, 8.866E-10, 1.260E-09, 1.507E-09, 9.188E-08, 6.404E-08, 5.586E-07, 6.375E-08, 1.067E-06, 1.862E-07, 1.500E-07, 1.500E-07, 1.500E-07, 1.500E-07, 1.500E-07, 1.500E-07, 2.090E-01, 2.090E-01, 2.090E-01, 2.090E-01, 2.090E-01, 2.090E-01, 3.716E+09, 4.196E+09, 2.858E+09, 4.445E+09, 2.305E+09, 3.386E+09, 1.030E-08, 5.110E-11, 2.530E-10, 3.000E-18, 3.490E-11, 3.740E-09, 4.250E-10, 1.800E-09, 7.150E-12, 3.000E-12, 5.520E-11, 2.080E-13, 6.860E-13, 8.340E-12, 7.810E-01, 5.880E-11, 4.170E-13, 1.260E-10, 7.830E-16, 2.980E-15, 1.000E-20, 1.000E-20, 1.000E-20, 1.000E-20, 1.000E-20, 1.000E-20, 1.000E-20, 1.000E-20, 1.000E-20, 1.000E-20, 1.000E-20, 1.000E-20, 1.000E-20, 1.000E-20, 1.000E-20, 1.000E-20, 1.000E-20, 1.000E-20, 1.000E-20, 1.000E-20, 0.000E+00
 7.000E+01, 5.800E-02, 6.700E-02, 4.700E-02, 7.100E-02, 4.000E-02, 5.220E-02, 2.189E+02, 2.181E+02, 2.307E+02, 2.166E+02, 2.454E+02, 2.196E+02, 4.500E-06, 3.700E-06, 3.300E-06, 3.300E-06, 3.300E-06, 3.500E-06, 3.300E-04, 3.300E-04, 3.300E-04, 3.300E-04, 3.300E-04, 3.300E-04, 3.000E-07, 4.000E-07, 3.200E-07, 4.000E-07, 5.000E-07, 3.000E-07, 1.149E-09, 7.772E-10, 1.007E-09, 6.756E-10, 9.602E-10, 1.149E-09, 1.938E-07, 1.177E-07, 1.078E-06, 1.176E-07, 1.516E-06, 3.059E-07, 1.500E-07, 1.500E-07, 1.500E-07, 1.500E-07, 1.500E-07, 1.500E-07, 2.090E-01, 2.090E-01, 2.090E-01, 2.090E-01, 2.090E-01, 2.090E-01, 1.920E+09, 2.227E+09, 1.477E+09, 2.376E+09, 1.181E+09, 1.723E+09, 1.150E-08, 4.320E-11, 2.310E-10, 2.570E-18, 3.270E-11, 7.190E-09, 4.250E-10, 1.800E-09, 7.150E-12, 3.000E-12, 5.040E-11, 2.030E-13, 5.140E-13, 7.110E-12, 7.810E-01, 5.750E-11, 4.050E-13, 3.770E-10, 7.600E-16, 2.790E-15, 1.000E-20, 1.000E-20, 1.000E-20, 1.000E-20, 1.000E-20, 1.000E-20, 1.000E-20, 1.000E-20, 1.000E-20, 1.000E-20, 1.000E-20, 1.000E-20, 1.000E-20, 1.000E-20, 1.000E-20, 1.000E-20, 1.000E-20, 1.000E-20, 1.000E-20, 1.000E-20, 0.000E+00
 7.500E+01, 2.600E-02, 3.000E-02, 2.220E-02, 3.200E-02, 2.000E-02, 2.400E-02, 2.018E+02, 1.961E+02, 2.204E+02, 1.936E+02, 2.347E+02, 2.084E+02, 3.300E-06, 2.950E-06, 2.700E-06, 2.700E-06, 2.700E-06, 2.825E-06, 3.300E-04, 3.300E-04, 3.300E-04, 3.300E-04, 3.300E-04, 3.300E-04, 1.800E-07, 1.900E-07, 2.500E-07, 2.000E-07, 3.300E-07, 2.500E-07, 8.890E-10, 6.257E-10, 7.883E-10, 5.538E-10, 7.554E-10, 8.890E-10, 5.688E-07, 2.935E-07, 1.897E-06, 3.033E-07, 2.166E-06, 6.375E-07, 1.500E-07, 1.500E-07, 1.500E-07, 1.500E-07, 1.500E-07, 1.500E-07, 2.090E-01, 2.090E-01, 2.090E-01, 2.090E-01, 2.090E-01, 2.090E-01, 9.338E+08, 1.109E+09, 7.301E+08, 1.198E+09, 6.176E+08, 8.347E+08, 1.610E-08, 2.830E-11, 2.150E-10, 2.270E-18, 3.120E-11, 1.120E-08, 4.250E-10, 1.800E-09, 7.150E-12, 3.000E-12, 4.720E-11, 1.980E-13, 4.160E-13, 6.330E-12, 7.810E-01, 5.620E-11, 3.960E-13, 1.120E-09, 7.400E-16, 2.660E-15, 1.000E-20, 1.000E-20, 1.000E-20, 1.000E-20, 1.000E-20, 1.000E-20, 1.000E-20, 1.000E-20, 1.000E-20, 1.000E-20, 1.000E-20, 1.000E-20, 1.000E-20, 1.000E-20, 1.000E-20, 1.000E-20, 1.000E-20, 1.000E-20, 1.000E-20, 1.000E-20, 0.000E+00
 8.000E+01, 1.100E-02, 1.200E-02, 1.030E-02, 1.250E-02, 9.660E-03, 1.050E-02, 1.848E+02, 1.741E+02, 2.101E+02, 1.706E+02, 2.239E+02, 1.986E+02, 2.100E-06, 2.100E-06, 2.000E-06, 2.000E-06, 2.000E-06, 2.050E-06, 3.280E-04, 3.280E-04, 3.280E-04, 3.280E-04, 3.280E-04, 3.280E-04, 3.300E-07, 2.000E-07, 2.300E-07, 1.800E-07, 1.300E-07, 3.000E-07, 7.056E-10, 5.166E-10, 6.333E-10, 4.649E-10, 6.097E-10, 7.056E-10, 1.549E-06, 6.815E-07, 2.960E-06, 7.894E-07, 3.060E-06, 1.497E-06, 1.500E-07, 1.500E-07, 1.500E-07, 1.500E-07, 1.500E-07, 1.500E-07, 2.090E-01, 2.090E-01, 2.090E-01, 2.090E-01, 2.090E-01, 2.090E-01, 4.314E+08, 4.996E+08, 3.553E+08, 5.311E+08, 3.127E+08, 3.832E+08, 2.680E-08, 1.330E-11, 2.020E-10, 2.040E-18, 3.010E-11, 1.130E-08, 4.250E-10, 1.800E-09, 7.150E-12, 3.000E-12, 4.490E-11, 1.950E-13, 3.530E-13, 5.780E-12, 7.810E-01, 5.500E-11, 3.890E-13, 2.000E-09, 7.230E-16, 2.560E-15, 1.000E-20, 1.000E-20, 1.000E-20, 1.000E-20, 1.000E-20, 1.000E-20, 1.000E-20, 1.000E-20, 1.000E-20, 1.000E-20, 1.000E-20, 1.000E-20, 1.000E-20, 1.000E-20, 1.000E-20, 1.000E-20, 1.000E-20, 1.000E-20, 1.000E-20, 1.000E-20, 0.000E+00
 8.500E+01, 4.400E-03, 4.480E-03, 4.560E-03, 4.510E-03, 4.500E-03, 4.460E-03, 1.771E+02, 1.651E+02, 1.998E+02, 1.617E+02, 2.131E+02, 1.889E+02, 1.300E-06, 1.330E-06, 1.330E-06, 1.330E-06, 1.330E-06, 1.330E-06, 3.200E-04, 3.200E-04, 3.200E-04, 3.200E-04, 3.200E-04, 3.200E-04, 5.000E-07, 5.700E-07, 5.500E-07, 6.500E-07, 7.500E-07, 5.000E-07, 5.716E-10, 4.352E-10, 5.194E-10, 3.979E-10, 5.024E-10, 5.716E-10, 3.849E-06, 1.465E-06, 4.526E-06, 1.823E-06, 4.564E-06, 3.239E-06, 1.500E-07, 1.500E-07, 1.500E-07, 1.500E-07, 1.500E-07, 1.500E-07, 2.000E-01, 2.000E-01, 2.000E-01, 2.000E-01, 2.000E-01, 2.000E-01, 1.801E+08, 1.967E+08, 1.654E+08, 2.022E+08, 1.531E+08, 1.711E+08, 7.010E-08, 5.560E-12, 1.920E-10, 1.850E-18, 2.920E-11, 6.100E-09, 4.250E-10, 1.800E-09, 7.150E-12, 3.000E-12, 4.300E-11, 1.920E-13, 3.090E-13, 5.370E-12, 7.810E-01, 5.370E-11, 3.830E-13, 1.680E-09, 7.070E-16, 2.490E-15, 1.000E-20, 1.000E-20, 1.000E-20, 1.000E-20, 1.000E-20, 1.000E-20, 1.000E-20, 1.000E-20, 1.000E-20, 1.000E-20, 1.000E-20, 1.000E-20, 1.000E-20, 1.000E-20, 1.000E-20, 1.000E-20, 1.000E-20, 1.000E-20, 1.000E-20, 1.000E-20, 0.000E+00
 9.000E+01, 1.720E-03, 1.640E-03, 1.980E-03, 1.610E-03, 2.022E-03, 1.840E-03, 1.770E+02, 1.650E+02, 1.995E+02, 1.616E+02, 2.023E+02, 1.869E+02, 8.500E-07, 8.500E-07, 8.500E-07, 8.500E-07, 8.500E-07, 8.500E-07, 3.100E-04, 3.100E-04, 3.100E-04, 3.100E-04, 3.100E-04, 3.100E-04, 5.200E-07, 7.500E-07, 8.000E-07, 9.000E-07, 8.000E-07, 7.000E-07, 4.708E-10, 3.727E-10, 4.333E-10, 3.459E-10, 4.210E-10, 4.708E-10, 6.590E-06, 2.849E-06, 6.862E-06, 3.402E-06, 6.877E-06, 5.843E-06, 1.400E-07, 1.400E-07, 1.400E-07, 1.400E-07, 1.400E-07, 1.400E-07, 1.900E-01, 1.900E-01, 1.900E-01, 1.900E-01, 1.900E-01, 1.900E-01, 7.043E+07, 7.204E+07, 7.194E+07, 7.221E+07, 7.244E+07, 7.136E+07, 2.130E-07, 2.240E-12, 1.830E-10, 1.710E-18, 2.840E-11, 1.510E-09, 4.250E-10, 1.800E-09, 7.150E-12, 3.000E-12, 4.160E-11, 1.890E-13, 2.760E-13, 5.050E-12, 7.800E-01, 5.250E-11, 3.780E-13, 4.310E-10, 6.940E-16, 2.430E-15, 1.000E-20, 1.000E-20, 1.000E-20, 1.000E-20, 1.000E-20, 1.000E-20, 1.000E-20, 1.000E-20, 1.000E-20, 1.000E-20, 1.000E-20, 1.000E-20, 1.000E-20, 1.000E-20, 1.000E-20, 1.000E-20, 1.000E-20, 1.000E-20, 1.000E-20, 1.000E-20, 0.000E+00
 9.500E+01, 6.880E-04, 6.250E-04, 8.770E-04, 6.060E-04, 9.070E-04, 7.600E-04, 1.843E+02, 1.783E+02, 2.083E+02, 1.768E+02, 2.110E+02, 1.884E+02, 5.400E-07, 5.400E-07, 5.400E-07, 5.400E-07, 5.400E-07, 5.400E-07, 2.700E-04, 2.700E-04, 2.700E-04, 2.700E-04, 2.700E-04, 2.700E-04, 5.000E-07, 7.000E-07, 8.000E-07, 8.000E-07, 8.000E-07, 7.000E-07, 3.932E-10, 3.237E-10, 3.666E-10, 3.047E-10, 3.579E-10, 3.932E-10, 1.044E-05, 5.166E-06, 1.054E-05, 5.916E-06, 1.055E-05, 1.013E-05, 1.300E-07, 1.300E-07, 1.300E-07, 1.300E-07, 1.300E-07, 1.300E-07, 1.800E-01, 1.800E-01, 1.800E-01, 1.800E-01, 1.800E-01, 1.800E-01, 2.706E+07, 2.541E+07, 3.052E+07, 2.484E+07, 3.116E+07, 2.924E+07, 7.120E-07, 8.960E-13, 1.760E-10, 1.590E-18, 2.780E-11, 2.420E-10, 4.250E-10, 1.800E-09, 7.150E-12, 3.000E-12, 4.030E-11, 1.870E-13, 2.500E-13, 4.780E-12, 7.790E-01, 5.120E-11, 3.730E-13, 4.980E-11, 6.810E-16, 2.370E-15, 1.000E-20, 1.000E-20, 1.000E-20, 1.000E-20, 1.000E-20, 1.000E-20, 1.000E-20, 1.000E-20, 1.000E-20, 1.000E-20, 1.000E-20, 1.000E-20, 1.000E-20, 1.000E-20, 1.000E-20, 1.000E-20, 1.000E-20, 1.000E-20, 1.000E-20, 1.000E-20, 0.000E+00
 1.000E+02, 2.890E-04, 2.580E-04, 4.074E-04, 2.480E-04, 4.230E-04, 3.200E-04, 1.907E+02, 1.905E+02, 2.186E+02, 1.904E+02, 2.185E+02, 1.951E+02, 4.000E-07, 4.000E-07, 4.000E-07, 4.000E-07, 4.000E-07, 4.000E-07, 1.950E-04, 1.950E-04, 1.950E-04, 1.950E-04, 1.950E-04, 1.950E-04, 4.000E-07, 4.000E-07, 4.000E-07, 4.000E-07, 4.000E-07, 4.000E-07, 3.323E-10, 2.844E-10, 3.140E-10, 2.713E-10, 3.080E-10, 3.323E-10, 1.705E-05, 1.008E-05, 1.709E-05, 1.043E-05, 1.710E-05, 1.692E-05, 1.200E-07, 1.200E-07, 1.200E-07, 1.200E-07, 1.200E-07, 1.200E-07, 1.600E-01, 1.600E-01, 1.600E-01, 1.600E-01, 1.600E-01, 1.600E-01, 1.098E+07, 9.816E+06, 1.351E+07, 9.441E+06, 1.403E+07, 1.189E+07, 2.080E-06, 3.580E-13, 1.700E-10, 1.480E-18, 2.730E-11, 4.470E-11, 4.250E-10, 1.800E-09, 7.150E-12, 3.000E-12, 3.930E-11, 1.850E-13, 2.300E-13, 4.560E-12, 7.770E-01, 5.000E-11, 3.690E-13, 6.760E-12, 6.700E-16, 2.330E-15, 1.000E-20, 1.000E-20, 1.000E-20, 1.000E-20, 1.000E-20, 1.000E-20, 1.000E-20, 1.000E-20, 1.000E-20, 1.000E-20, 1.000E-20, 1.000E-20, 1.000E-20, 1.000E-20, 1.000E-20, 1.000E-20, 1.000E-20, 1.000E-20, 1.000E-20, 1.000E-20, 0.000E+00
 1.050E+02, 1.300E-04, 1.170E-04, 2.000E-04, 1.130E-04, 2.070E-04, 1.450E-04, 2.120E+02, 2.222E+02, 2.371E+02, 2.260E+02, 2.340E+02, 2.088E+02, 3.400E-07, 3.400E-07, 3.400E-07, 3.400E-07, 3.400E-07, 3.400E-07, 1.100E-04, 1.100E-04, 1.100E-04, 1.100E-04, 1.100E-04, 1.100E-04, 2.000E-07, 2.000E-07, 2.000E-07, 2.000E-07, 2.000E-07, 2.000E-07, 2.837E-10, 2.524E-10, 2.717E-10, 2.439E-10, 2.678E-10, 2.837E-10, 2.471E-05, 1.865E-05, 2.473E-05, 1.881E-05, 2.473E-05, 2.467E-05, 1.100E-07, 1.100E-07, 1.100E-07, 1.100E-07, 1.100E-07, 1.100E-07, 1.400E-01, 1.400E-01, 1.400E-01, 1.400E-01, 1.400E-01, 1.400E-01, 4.445E+06, 3.816E+06, 6.114E+06, 3.624E+06, 6.412E+06, 5.033E+06, 4.500E-06, 1.430E-13, 1.640E-10, 1.400E-18, 2.680E-11, 1.770E-11, 4.250E-10, 1.800E-09, 7.150E-12, 3.000E-12, 3.830E-11, 1.830E-13, 2.130E-13, 4.370E-12, 7.740E-01, 4.870E-11, 3.660E-13, 8.380E-13, 6.590E-16, 2.290E-15, 1.000E-20, 1.000E-20, 1.000E-20, 1.000E-20, 1.000E-20, 1.000E-20, 1.000E-20, 1.000E-20, 1.000E-20, 1.000E-20, 1.000E-20, 1.000E-20, 1.000E-20, 1.000E-20, 1.000E-20, 1.000E-20, 1.000E-20, 1.000E-20, 1.000E-20, 1.000E-20, 0.000E+00
 1.100E+02, 6.470E-05, 6.110E-05, 1.057E-04, 6.000E-05, 1.080E-04, 7.100E-05, 2.416E+02, 2.624E+02, 2.595E+02, 2.701E+02, 2.526E+02, 2.400E+02, 2.800E-07, 2.800E-07, 2.800E-07, 2.800E-07, 2.800E-07, 2.800E-07, 6.000E-05, 6.000E-05, 6.000E-05, 6.000E-05, 6.000E-05, 6.000E-05, 5.000E-08, 5.000E-08, 5.000E-08, 5.000E-08, 5.000E-08, 5.000E-08, 2.443E-10, 2.260E-10, 2.373E-10, 2.210E-10, 2.350E-10, 2.443E-10, 3.358E-05, 2.863E-05, 3.359E-05, 2.869E-05, 3.359E-05, 3.356E-05, 9.500E-08, 9.500E-08, 9.500E-08, 9.500E-08, 9.500E-08, 9.500E-08, 1.200E-01, 1.200E-01, 1.200E-01, 1.200E-01, 1.200E-01, 1.200E-01, 1.941E+06, 1.688E+06, 2.952E+06, 1.610E+06, 3.099E+06, 2.144E+06, 7.980E-06, 5.730E-14, 1.590E-10, 1.320E-18, 2.640E-11, 1.190E-11, 4.250E-10, 1.800E-09, 7.150E-12, 3.000E-12, 3.750E-11, 1.810E-13, 1.980E-13, 4.210E-12, 7.700E-01, 4.750E-11, 3.620E-13, 9.560E-14, 6.490E-16, 2.250E-15, 1.000E-20, 1.000E-20, 1.000E-20, 1.000E-20, 1.000E-20, 1.000E-20, 1.000E-20, 1.000E-20, 1.000E-20, 1.000E-20, 1.000E-20, 1.000E-20, 1.000E-20, 1.000E-20, 1.000E-20, 1.000E-20, 1.000E-20, 1.000E-20, 1.000E-20, 1.000E-20, 0.000E+00
 1.150E+02, 3.600E-05, 3.560E-05, 5.980E-05, 3.540E-05, 6.000E-05, 4.010E-05, 2.997E+02, 3.168E+02, 2.930E+02, 3.227E+02, 2.885E+02, 3.000E+02, 2.400E-07, 2.400E-07, 2.400E-07, 2.400E-07, 2.400E-07, 2.400E-07, 4.000E-05, 4.000E-05, 4.000E-05, 4.000E-05, 4.000E-05, 4.000E-05, 5.000E-09, 5.000E-09, 5.000E-09, 5.000E-09, 5.000E-09, 5.000E-09, 2.120E-10, 2.039E-10, 2.089E-10, 2.017E-10, 2.079E-10, 2.120E-10, 4.148E-05, 3.890E-05, 4.149E-05, 3.892E-05, 4.149E-05, 4.148E-05, 6.000E-08, 6.000E-08, 6.000E-08, 6.000E-08, 6.000E-08, 6.000E-08, 9.400E-02, 9.400E-02, 9.400E-02, 9.400E-02, 9.400E-02, 9.400E-02, 8.706E+05, 8.145E+05, 1.479E+06, 7.951E+05, 1.507E+06, 9.688E+05, 1.000E-05, 2.290E-14, 1.550E-10, 1.250E-18, 2.600E-11, 1.350E-11, 4.250E-10, 1.800E-09, 7.150E-12, 3.000E-12, 3.680E-11, 1.800E-13, 1.860E-13, 4.060E-12, 7.650E-01, 4.620E-11, 3.590E-13, 1.000E-14, 6.400E-16, 2.220E-15, 1.000E-20, 1.000E-20, 1.000E-20, 1.000E-20, 1.000E-20, 1.000E-20, 1.000E-20, 1.000E-20, 1.000E-20, 1.000E-20, 1.000E-20, 1.000E-20, 1.000E-20, 1.000E-20, 1.000E-20, 1.000E-20, 1.000E-20, 1.000E-20, 1.000E-20, 1.000E-20, 0.000E+00
 1.200E+02, 2.250E-05, 2.270E-05, 3.600E-05, 2.260E-05, 3.590E-05, 2.540E-05, 3.800E+02, 3.800E+02, 3.330E+02, 3.800E+02, 3.330E+02, 3.600E+02, 2.000E-07, 2.000E-07, 2.000E-07, 2.000E-07, 2.000E-07, 2.000E-07, 3.500E-05, 3.500E-05, 3.500E-05, 3.500E-05, 3.500E-05, 3.500E-05, 5.000E-10, 5.000E-10, 5.000E-10, 5.000E-10, 5.000E-10, 5.000E-10, 1.851E-10, 1.851E-10, 1.851E-10, 1.851E-10, 1.851E-10, 1.851E-10, 5.000E-05, 5.000E-05, 5.000E-05, 5.000E-05, 5.000E-05, 5.000E-05, 3.000E-08, 3.000E-08, 3.000E-08, 3.000E-08, 3.000E-08, 3.000E-08, 7.250E-02, 7.250E-02, 7.250E-02, 7.250E-02, 7.250E-02, 7.250E-02, 4.225E+05, 4.330E+05, 7.836E+05, 4.311E+05, 7.814E+05, 5.114E+05, 1.000E-05, 9.170E-15, 1.510E-10, 1.190E-18, 2.570E-11, 2.200E-11, 4.250E-10, 1.800E-09, 7.150E-12, 3.000E-12, 3.610E-11, 1.780E-13, 1.750E-13, 3.930E-12, 7.600E-01, 4.500E-11, 3.560E-13, 1.000E-15, 6.320E-16, 2.190E-15, 1.000E-20, 1.000E-20, 1.000E-20, 1.000E-20, 1.000E-20, 1.000E-20, 1.000E-20, 1.000E-20, 1.000E-20, 1.000E-20, 1.000E-20, 1.000E-20, 1.000E-20, 1.000E-20, 1.000E-20, 1.000E-20, 1.000E-20, 1.000E-20, 1.000E-20, 1.000E-20, 0.000E+00
