P,T,H2O,CO2,O3,CO,N2O,CH4,O2,BRD,NO,SO2_HI,NO2_HI,NH3,HNO3_HI,OH,HF,HCL,HBR,HI,CLO,OCS,H2CO,HOCL,N2,HCN,CH3CL,H2O2,C2H2,C2H6,PH3,COF2,SF6,H2S,HCOOH,HO2,O,CLONO2_HI,NOPLUS,HOBR,C2H4,CH3OH,CH3BR,CH3CN_HI,CF4_HI,C4H2,HC3N,H2,CS,SO3,CLONO2_XS,HNO4,CHCL2F,CCL4,F11,F12,C2CL2F4,C2CL3F3,N2O5,HNO3_XS,CF4_XS,CHCLF2,CCLF3,C2CLF5,NO2_XS,PAN,ACET,CH3CN_XS,CHF2CF3,CFH2CF3,CF3CH3,CH3CHF2,CH2F2,CCl2FCH3,CH3CClF2,??????,CHCl2CF3,CHClFCF3,CHCl2C2F5,C2HCl2F3CF2,SO2_XS,ISOP,CHF3
 1.050E+03, 2.903E+02, 8.287E-03, 3.300E-04, 2.572E-08, 1.516E-07, 3.200E-07, 1.700E-06, 2.090E-01, 2.624E+13, 3.000E-10, 3.084E-10, 2.300E-11, 5.000E-10, 4.689E-11, 4.400E-14, 1.000E-14, 1.081E-09, 1.700E-12, 3.000E-12, 1.000E-14, 6.032E-10, 2.831E-09, 6.760E-12, 7.810E-01, 1.716E-10, 7.097E-10, 2.016E-10, 3.415E-10, 2.000E-09, 1.000E-20, 1.000E-20, 1.000E-20, 1.000E-20, 1.000E-20, 1.000E-20, 1.000E-20, 1.000E-20, 1.000E-20, 1.000E-20, 1.000E-20, 1.000E-20, 1.000E-20, 1.000E-20, 1.000E-20, 1.000E-20, 1.000E-20, 1.000E-20, 1.000E-20, 1.000E-20, 4.923E-12, 5.138E-13,nan, 1.300E-10, 1.400E-10, 2.400E-10, 1.200E-11, 1.900E-11, 4.200E-17, 5.436E-11, 7.000E-11, 9.350E-11, 5.000E-12, 4.000E-12, 2.300E-11, 3.977E-14, 4.564E-10, 1.000E-10, 2.006E-12, 9.685E-12, 2.006E-12, 2.006E-12, 3.871E-12, 1.123E-11, 1.080E-11,nan,nan,nan,nan,nan, 3.084E-10, 1.245E-10, 2.145E-11
 1.014E+03, 2.883E+02, 7.759E-03, 3.300E-04, 2.658E-08, 1.500E-07, 3.200E-07, 1.700E-06, 2.090E-01, 2.550E+13, 3.000E-10, 3.002E-10, 2.300E-11, 5.000E-10, 4.992E-11, 4.400E-14, 1.000E-14, 1.002E-09, 1.700E-12, 3.000E-12, 1.000E-14, 6.001E-10, 2.411E-09, 7.676E-12, 7.810E-01, 1.700E-10, 7.002E-10, 2.000E-10, 3.011E-10, 2.000E-09, 1.000E-20, 1.000E-20, 1.000E-20, 1.000E-20, 1.000E-20, 1.000E-20, 1.000E-20, 1.000E-20, 1.000E-20, 1.000E-20, 1.000E-20, 1.000E-20, 1.000E-20, 1.000E-20, 1.000E-20, 1.000E-20, 1.000E-20, 1.000E-20, 1.000E-20, 1.000E-20, 4.742E-12, 8.756E-13,nan, 1.300E-10, 1.400E-10, 2.400E-10, 1.200E-11, 1.900E-11, 1.289E-16, 5.730E-11, 7.000E-11, 9.350E-11, 5.000E-12, 4.000E-12, 2.300E-11, 6.527E-14, 4.765E-10, 1.000E-10, 2.000E-12, 9.660E-12, 2.000E-12, 2.000E-12, 3.854E-12, 1.120E-11, 1.077E-11,nan,nan,nan,nan,nan, 3.002E-10, 1.016E-10, 2.144E-11
 9.861E+02, 2.867E+02, 7.350E-03, 3.300E-04, 2.724E-08, 1.488E-07, 3.200E-07, 1.700E-06, 2.090E-01, 2.493E+13, 3.000E-10, 2.939E-10, 2.300E-11, 5.000E-10, 5.226E-11, 4.400E-14, 1.000E-14, 9.408E-10, 1.700E-12, 3.000E-12, 1.000E-14, 5.976E-10, 2.086E-09, 8.384E-12, 7.810E-01, 1.688E-10, 6.929E-10, 1.988E-10, 2.698E-10, 2.000E-09, 1.000E-20, 1.000E-20, 1.000E-20, 1.000E-20, 1.000E-20, 1.000E-20, 1.000E-20, 1.000E-20, 1.000E-20, 1.000E-20, 1.000E-20, 1.000E-20, 1.000E-20, 1.000E-20, 1.000E-20, 1.000E-20, 1.000E-20, 1.000E-20, 1.000E-20, 1.000E-20, 4.601E-12, 1.155E-12,nan, 1.300E-10, 1.400E-10, 2.400E-10, 1.200E-11, 1.900E-11, 1.961E-16, 5.958E-11, 7.000E-11, 9.350E-11, 5.000E-12, 4.000E-12, 2.300E-11, 8.499E-14, 4.920E-10, 1.000E-10, 1.996E-12, 9.640E-12, 1.996E-12, 1.996E-12, 3.842E-12, 1.118E-11, 1.075E-11,nan,nan,nan,nan,nan, 2.939E-10, 8.390E-11, 2.143E-11
 9.586E+02, 2.851E+02, 6.947E-03, 3.300E-04, 2.789E-08, 1.476E-07, 3.200E-07, 1.700E-06, 2.090E-01, 2.436E+13, 3.000E-10, 2.876E-10, 2.300E-11, 5.000E-10, 5.457E-11, 4.400E-14, 1.000E-14, 8.804E-10, 1.700E-12, 3.000E-12, 1.000E-14, 5.952E-10, 1.766E-09, 9.082E-12, 7.810E-01, 1.676E-10, 6.857E-10, 1.976E-10, 2.390E-10, 2.000E-09, 1.000E-20, 1.000E-20, 1.000E-20, 1.000E-20, 1.000E-20, 1.000E-20, 1.000E-20, 1.000E-20, 1.000E-20, 1.000E-20, 1.000E-20, 1.000E-20, 1.000E-20, 1.000E-20, 1.000E-20, 1.000E-20, 1.000E-20, 1.000E-20, 1.000E-20, 1.000E-20, 4.463E-12, 1.431E-12,nan, 1.300E-10, 1.400E-10, 2.400E-10, 1.200E-11, 1.900E-11, 2.624E-16, 6.183E-11, 7.000E-11, 9.350E-11, 5.000E-12, 4.000E-12, 2.300E-11, 1.044E-13, 5.073E-10, 1.000E-10, 1.992E-12, 9.620E-12, 1.992E-12, 1.992E-12, 3.830E-12, 1.116E-11, 1.073E-11,nan,nan,nan,nan,nan, 2.876E-10, 6.646E-11, 2.142E-11
 9.315E+02, 2.836E+02, 6.551E-03, 3.300E-04, 2.853E-08, 1.464E-07, 3.200E-07, 1.700E-06, 2.090E-01, 2.380E+13, 3.000E-10, 2.815E-10, 2.300E-11, 5.000E-10, 5.685E-11, 4.400E-14, 1.000E-14, 8.209E-10, 1.700E-12, 3.000E-12, 1.000E-14, 5.929E-10, 1.451E-09, 9.769E-12, 7.810E-01, 1.664E-10, 6.786E-10, 1.964E-10, 2.087E-10, 2.000E-09, 1.000E-20, 1.000E-20, 1.000E-20, 1.000E-20, 1.000E-20, 1.000E-20, 1.000E-20, 1.000E-20, 1.000E-20, 1.000E-20, 1.000E-20, 1.000E-20, 1.000E-20, 1.000E-20, 1.000E-20, 1.000E-20, 1.000E-20, 1.000E-20, 1.000E-20, 1.000E-20, 4.327E-12, 1.703E-12,nan, 1.300E-10, 1.400E-10, 2.400E-10, 1.200E-11, 1.900E-11, 3.276E-16, 6.404E-11, 7.000E-11, 9.350E-11, 5.000E-12, 4.000E-12, 2.300E-11, 1.236E-13, 5.223E-10, 1.000E-10, 1.988E-12, 9.601E-12, 1.988E-12, 1.988E-12, 3.818E-12, 1.114E-11, 1.071E-11,nan,nan,nan,nan,nan, 2.815E-10, 4.927E-11, 2.141E-11
 9.049E+02, 2.820E+02, 6.160E-03, 3.300E-04, 2.917E-08, 1.453E-07, 3.200E-07, 1.700E-06, 2.090E-01, 2.325E+13, 3.000E-10, 2.754E-10, 2.300E-11, 5.000E-10, 5.909E-11, 4.400E-14, 1.000E-14, 7.623E-10, 1.700E-12, 3.000E-12, 1.000E-14, 5.905E-10, 1.141E-09, 1.045E-11, 7.810E-01, 1.653E-10, 6.716E-10, 1.953E-10, 1.788E-10, 2.000E-09, 1.000E-20, 1.000E-20, 1.000E-20, 1.000E-20, 1.000E-20, 1.000E-20, 1.000E-20, 1.000E-20, 1.000E-20, 1.000E-20, 1.000E-20, 1.000E-20, 1.000E-20, 1.000E-20, 1.000E-20, 1.000E-20, 1.000E-20, 1.000E-20, 1.000E-20, 1.000E-20, 4.193E-12, 1.970E-12,nan, 1.300E-10, 1.400E-10, 2.400E-10, 1.200E-11, 1.900E-11, 3.919E-16, 6.621E-11, 7.000E-11, 9.350E-11, 5.000E-12, 4.000E-12, 2.300E-11, 1.424E-13, 5.371E-10, 1.000E-10, 1.984E-12, 9.582E-12, 1.984E-12, 1.984E-12, 3.806E-12, 1.111E-11, 1.068E-11,nan,nan,nan,nan,nan, 2.754E-10, 3.235E-11, 2.140E-11
 8.786E+02, 2.804E+02, 5.791E-03, 3.300E-04, 2.990E-08, 1.440E-07, 3.200E-07, 1.700E-06, 2.090E-01, 2.270E+13, 3.000E-10, 2.666E-10, 2.300E-11, 4.928E-10, 6.149E-11, 4.400E-14, 1.045E-14, 7.125E-10, 1.700E-12, 3.000E-12, 1.000E-14, 5.881E-10, 9.405E-10, 1.091E-11, 7.810E-01, 1.646E-10, 6.648E-10, 1.944E-10, 1.572E-10, 2.000E-09, 1.000E-20, 1.000E-20, 1.000E-20, 1.000E-20, 1.000E-20, 1.000E-20, 1.000E-20, 1.000E-20, 1.000E-20, 1.000E-20, 1.000E-20, 1.000E-20, 1.000E-20, 1.000E-20, 1.000E-20, 1.000E-20, 1.000E-20, 1.000E-20, 1.000E-20, 1.000E-20, 4.050E-12, 2.254E-12,nan, 1.300E-10, 1.400E-10, 2.400E-10, 1.200E-11, 1.900E-11, 4.600E-16, 6.852E-11, 7.000E-11, 9.350E-11, 5.000E-12, 4.000E-12, 2.300E-11, 2.855E-13, 5.548E-10, 1.000E-10, 1.980E-12, 9.564E-12, 1.980E-12, 1.980E-12, 3.794E-12, 1.109E-11, 1.066E-11,nan,nan,nan,nan,nan, 2.666E-10, 2.428E-11, 2.139E-11
 8.528E+02, 2.788E+02, 5.433E-03, 3.300E-04, 3.067E-08, 1.427E-07, 3.200E-07, 1.700E-06, 2.090E-01, 2.216E+13, 3.000E-10, 2.572E-10, 2.300E-11, 4.836E-10, 6.390E-11, 4.400E-14, 1.102E-14, 6.657E-10, 1.700E-12, 3.000E-12, 1.000E-14, 5.856E-10, 7.748E-10, 1.131E-11, 7.810E-01, 1.641E-10, 6.580E-10, 1.937E-10, 1.382E-10, 2.000E-09, 1.000E-20, 1.000E-20, 1.000E-20, 1.000E-20, 1.000E-20, 1.000E-20, 1.000E-20, 1.000E-20, 1.000E-20, 1.000E-20, 1.000E-20, 1.000E-20, 1.000E-20, 1.000E-20, 1.000E-20, 1.000E-20, 1.000E-20, 1.000E-20, 1.000E-20, 1.000E-20, 3.907E-12, 2.539E-12,nan, 1.300E-10, 1.400E-10, 2.400E-10, 1.200E-11, 1.900E-11, 5.285E-16, 7.084E-11, 7.000E-11, 9.350E-11, 5.000E-12, 4.000E-12, 2.300E-11, 4.631E-13, 5.730E-10, 1.000E-10, 1.976E-12, 9.545E-12, 1.976E-12, 1.976E-12, 3.782E-12, 1.107E-11, 1.064E-11,nan,nan,nan,nan,nan, 2.572E-10, 1.887E-11, 2.138E-11
 8.274E+02, 2.772E+02, 5.080E-03, 3.300E-04, 3.142E-08, 1.415E-07, 3.200E-07, 1.700E-06, 2.090E-01, 2.162E+13, 3.000E-10, 2.479E-10, 2.300E-11, 4.745E-10, 6.627E-11, 4.400E-14, 1.158E-14, 6.196E-10, 1.700E-12, 3.000E-12, 1.000E-14, 5.831E-10, 6.117E-10, 1.170E-11, 7.810E-01, 1.636E-10, 6.514E-10, 1.929E-10, 1.195E-10, 2.000E-09, 1.000E-20, 1.000E-20, 1.000E-20, 1.000E-20, 1.000E-20, 1.000E-20, 1.000E-20, 1.000E-20, 1.000E-20, 1.000E-20, 1.000E-20, 1.000E-20, 1.000E-20, 1.000E-20, 1.000E-20, 1.000E-20, 1.000E-20, 1.000E-20, 1.000E-20, 1.000E-20, 3.766E-12, 2.820E-12,nan, 1.299E-10, 1.399E-10, 2.399E-10, 1.200E-11, 1.899E-11, 5.959E-16, 7.312E-11, 7.000E-11, 9.350E-11, 5.000E-12, 4.000E-12, 2.300E-11, 6.379E-13, 5.910E-10, 1.000E-10, 1.973E-12, 9.527E-12, 1.973E-12, 1.973E-12, 3.770E-12, 1.105E-11, 1.062E-11,nan,nan,nan,nan,nan, 2.479E-10, 1.355E-11, 2.137E-11
 8.024E+02, 2.757E+02, 4.733E-03, 3.300E-04, 3.215E-08, 1.403E-07, 3.200E-07, 1.700E-06, 2.090E-01, 2.110E+13, 3.000E-10, 2.387E-10, 2.300E-11, 4.656E-10, 6.861E-11, 4.400E-14, 1.214E-14, 5.744E-10, 1.700E-12, 3.000E-12, 1.000E-14, 5.807E-10, 4.513E-10, 1.209E-11, 7.810E-01, 1.631E-10, 6.449E-10, 1.922E-10, 1.011E-10, 2.000E-09, 1.000E-20, 1.000E-20, 1.000E-20, 1.000E-20, 1.000E-20, 1.000E-20, 1.000E-20, 1.000E-20, 1.000E-20, 1.000E-20, 1.000E-20, 1.000E-20, 1.000E-20, 1.000E-20, 1.000E-20, 1.000E-20, 1.000E-20, 1.000E-20, 1.000E-20, 1.000E-20, 3.628E-12, 3.096E-12,nan, 1.299E-10, 1.399E-10, 2.399E-10, 1.200E-11, 1.899E-11, 6.622E-16, 7.537E-11, 7.000E-11, 9.350E-11, 5.000E-12, 4.000E-12, 2.300E-11, 8.098E-13, 6.087E-10, 1.000E-10, 1.969E-12, 9.509E-12, 1.969E-12, 1.969E-12, 3.758E-12, 1.103E-11, 1.060E-11,nan,nan,nan,nan,nan, 2.387E-10, 8.313E-12, 2.136E-11
 7.778E+02, 2.740E+02, 4.365E-03, 3.300E-04, 3.252E-08, 1.390E-07, 3.200E-07, 1.700E-06, 2.090E-01, 2.057E+13, 3.000E-10, 2.276E-10, 2.300E-11, 4.478E-10, 7.110E-11, 4.400E-14, 1.366E-14, 5.355E-10, 1.700E-12, 3.000E-12, 1.000E-14, 5.782E-10, 3.715E-10, 1.205E-11, 7.810E-01, 1.626E-10, 6.391E-10, 1.914E-10, 9.051E-11, 2.000E-09, 1.000E-20, 1.000E-20, 1.000E-20, 1.000E-20, 1.000E-20, 1.000E-20, 1.000E-20, 1.000E-20, 1.000E-20, 1.000E-20, 1.000E-20, 1.000E-20, 1.000E-20, 1.000E-20, 1.000E-20, 1.000E-20, 1.000E-20, 1.000E-20, 1.000E-20, 1.000E-20, 3.459E-12, 3.960E-12,nan, 1.299E-10, 1.399E-10, 2.399E-10, 1.200E-11, 1.899E-11, 1.033E-14, 7.708E-11, 7.000E-11, 9.350E-11, 5.000E-12, 4.000E-12, 2.300E-11, 1.116E-12, 6.338E-10, 1.000E-10, 1.965E-12, 9.489E-12, 1.965E-12, 1.965E-12, 3.749E-12, 1.100E-11, 1.057E-11,nan,nan,nan,nan,nan, 2.276E-10, 5.873E-12, 2.136E-11
 7.536E+02, 2.723E+02, 3.992E-03, 3.300E-04, 3.273E-08, 1.377E-07, 3.200E-07, 1.700E-06, 2.090E-01, 2.004E+13, 3.000E-10, 2.157E-10, 2.300E-11, 4.264E-10, 7.362E-11, 4.400E-14, 1.556E-14, 4.997E-10, 1.700E-12, 3.000E-12, 1.000E-14, 5.756E-10, 3.259E-10, 1.185E-11, 7.810E-01, 1.621E-10, 6.337E-10, 1.907E-10, 8.322E-11, 2.000E-09, 1.000E-20, 1.000E-20, 1.000E-20, 1.000E-20, 1.000E-20, 1.000E-20, 1.000E-20, 1.000E-20, 1.000E-20, 1.000E-20, 1.000E-20, 1.000E-20, 1.000E-20, 1.000E-20, 1.000E-20, 1.000E-20, 1.000E-20, 1.000E-20, 1.000E-20, 1.000E-20, 3.280E-12, 5.059E-12,nan, 1.299E-10, 1.399E-10, 2.399E-10, 1.200E-11, 1.899E-11, 2.389E-14, 7.856E-11, 7.000E-11, 9.350E-11, 5.000E-12, 4.000E-12, 2.300E-11, 1.475E-12, 6.618E-10, 1.000E-10, 1.961E-12, 9.468E-12, 1.961E-12, 1.961E-12, 3.741E-12, 1.098E-11, 1.055E-11,nan,nan,nan,nan,nan, 2.157E-10, 4.613E-12, 2.135E-11
 7.299E+02, 2.707E+02, 3.625E-03, 3.300E-04, 3.293E-08, 1.364E-07, 3.200E-07, 1.700E-06, 2.090E-01, 1.953E+13, 3.000E-10, 2.041E-10, 2.300E-11, 4.054E-10, 7.610E-11, 4.400E-14, 1.744E-14, 4.645E-10, 1.700E-12, 3.000E-12, 1.000E-14, 5.731E-10, 2.811E-10, 1.164E-11, 7.810E-01, 1.616E-10, 6.284E-10, 1.899E-10, 7.605E-11, 2.000E-09, 1.000E-20, 1.000E-20, 1.000E-20, 1.000E-20, 1.000E-20, 1.000E-20, 1.000E-20, 1.000E-20, 1.000E-20, 1.000E-20, 1.000E-20, 1.000E-20, 1.000E-20, 1.000E-20, 1.000E-20, 1.000E-20, 1.000E-20, 1.000E-20, 1.000E-20, 1.000E-20, 3.104E-12, 6.139E-12,nan, 1.299E-10, 1.399E-10, 2.399E-10, 1.200E-11, 1.899E-11, 3.720E-14, 8.001E-11, 7.000E-11, 9.350E-11, 5.000E-12, 4.000E-12, 2.300E-11, 1.827E-12, 6.894E-10, 1.000E-10, 1.956E-12, 9.448E-12, 1.956E-12, 1.956E-12, 3.733E-12, 1.096E-11, 1.053E-11,nan,nan,nan,nan,nan, 2.041E-10, 3.375E-12, 2.135E-11
 7.066E+02, 2.691E+02, 3.265E-03, 3.300E-04, 3.313E-08, 1.352E-07, 3.200E-07, 1.700E-06, 2.090E-01, 1.903E+13, 3.000E-10, 1.926E-10, 2.300E-11, 3.847E-10, 7.854E-11, 4.400E-14, 1.928E-14, 4.300E-10, 1.700E-12, 3.000E-12, 1.000E-14, 5.706E-10, 2.371E-10, 1.145E-11, 7.810E-01, 1.611E-10, 6.232E-10, 1.892E-10, 6.902E-11, 2.000E-09, 1.000E-20, 1.000E-20, 1.000E-20, 1.000E-20, 1.000E-20, 1.000E-20, 1.000E-20, 1.000E-20, 1.000E-20, 1.000E-20, 1.000E-20, 1.000E-20, 1.000E-20, 1.000E-20, 1.000E-20, 1.000E-20, 1.000E-20, 1.000E-20, 1.000E-20, 1.000E-20, 2.931E-12, 7.200E-12,nan, 1.299E-10, 1.399E-10, 2.399E-10, 1.200E-11, 1.899E-11, 5.028E-14, 8.143E-11, 7.000E-11, 9.350E-11, 5.000E-12, 4.000E-12, 2.300E-11, 2.173E-12, 7.164E-10, 1.000E-10, 1.952E-12, 9.428E-12, 1.952E-12, 1.952E-12, 3.725E-12, 1.094E-11, 1.051E-11,nan,nan,nan,nan,nan, 1.926E-10, 2.160E-12, 2.134E-11
 6.837E+02, 2.674E+02, 2.970E-03, 3.300E-04, 3.332E-08, 1.341E-07, 3.200E-07, 1.700E-06, 2.090E-01, 1.852E+13, 3.000E-10, 1.809E-10, 2.300E-11, 3.609E-10, 8.109E-11, 4.400E-14, 2.221E-14, 4.007E-10, 1.700E-12, 3.000E-12, 1.000E-14, 5.683E-10, 2.090E-10, 1.107E-11, 7.810E-01, 1.608E-10, 6.189E-10, 1.880E-10, 6.394E-11, 1.996E-09, 1.000E-20, 1.000E-20, 1.000E-20, 1.000E-20, 1.000E-20, 1.000E-20, 1.000E-20, 1.000E-20, 1.000E-20, 1.000E-20, 1.000E-20, 1.000E-20, 1.000E-20, 1.000E-20, 1.000E-20, 1.000E-20, 1.000E-20, 1.000E-20, 1.000E-20, 1.000E-20, 2.747E-12, 8.328E-12,nan, 1.299E-10, 1.399E-10, 2.399E-10, 1.200E-11, 1.899E-11, 6.419E-14, 8.295E-11, 7.000E-11, 9.350E-11, 5.000E-12, 4.000E-12, 2.300E-11, 2.513E-12, 7.433E-10, 1.000E-10, 1.947E-12, 9.406E-12, 1.947E-12, 1.947E-12, 3.720E-12, 1.091E-11, 1.048E-11,nan,nan,nan,nan,nan, 1.809E-10, 1.735E-12, 2.134E-11
 6.612E+02, 2.656E+02, 2.698E-03, 3.300E-04, 3.351E-08, 1.332E-07, 3.200E-07, 1.700E-06, 2.090E-01, 1.803E+13, 3.000E-10, 1.692E-10, 2.300E-11, 3.365E-10, 8.364E-11, 4.400E-14, 2.542E-14, 3.733E-10, 1.700E-12, 3.000E-12, 1.000E-14, 5.662E-10, 1.859E-10, 1.064E-11, 7.810E-01, 1.605E-10, 6.149E-10, 1.866E-10, 5.950E-11, 1.991E-09, 1.000E-20, 1.000E-20, 1.000E-20, 1.000E-20, 1.000E-20, 1.000E-20, 1.000E-20, 1.000E-20, 1.000E-20, 1.000E-20, 1.000E-20, 1.000E-20, 1.000E-20, 1.000E-20, 1.000E-20, 1.000E-20, 1.000E-20, 1.000E-20, 1.000E-20, 1.000E-20, 2.562E-12, 9.461E-12,nan, 1.299E-10, 1.399E-10, 2.399E-10, 1.200E-11, 1.899E-11, 7.817E-14, 8.447E-11, 7.000E-11, 9.350E-11, 5.000E-12, 4.000E-12, 2.300E-11, 2.846E-12, 7.698E-10, 1.000E-10, 1.943E-12, 9.385E-12, 1.943E-12, 1.943E-12, 3.715E-12, 1.088E-11, 1.046E-11,nan,nan,nan,nan,nan, 1.692E-10, 1.549E-12, 2.133E-11
 6.391E+02, 2.639E+02, 2.431E-03, 3.300E-04, 3.369E-08, 1.322E-07, 3.200E-07, 1.700E-06, 2.090E-01, 1.754E+13, 3.000E-10, 1.577E-10, 2.300E-11, 3.125E-10, 8.614E-11, 4.400E-14, 2.858E-14, 3.464E-10, 1.700E-12, 3.000E-12, 1.000E-14, 5.641E-10, 1.632E-10, 1.023E-11, 7.810E-01, 1.603E-10, 6.110E-10, 1.853E-10, 5.515E-11, 1.985E-09, 1.000E-20, 1.000E-20, 1.000E-20, 1.000E-20, 1.000E-20, 1.000E-20, 1.000E-20, 1.000E-20, 1.000E-20, 1.000E-20, 1.000E-20, 1.000E-20, 1.000E-20, 1.000E-20, 1.000E-20, 1.000E-20, 1.000E-20, 1.000E-20, 1.000E-20, 1.000E-20, 2.380E-12, 1.057E-11,nan, 1.298E-10, 1.398E-10, 2.398E-10, 1.199E-11, 1.898E-11, 9.188E-14, 8.596E-11, 7.000E-11, 9.350E-11, 5.000E-12, 4.000E-12, 2.300E-11, 3.172E-12, 7.959E-10, 1.000E-10, 1.939E-12, 9.364E-12, 1.939E-12, 1.939E-12, 3.711E-12, 1.086E-11, 1.043E-11,nan,nan,nan,nan,nan, 1.577E-10, 1.367E-12, 2.133E-11
 6.175E+02, 2.623E+02, 2.169E-03, 3.300E-04, 3.386E-08, 1.312E-07, 3.200E-07, 1.700E-06, 2.090E-01, 1.706E+13, 3.000E-10, 1.465E-10, 2.300E-11, 2.890E-10, 8.860E-11, 4.400E-14, 3.167E-14, 3.201E-10, 1.700E-12, 3.000E-12, 1.000E-14, 5.621E-10, 1.409E-10, 9.817E-12, 7.810E-01, 1.600E-10, 6.072E-10, 1.841E-10, 5.088E-11, 1.980E-09, 1.000E-20, 1.000E-20, 1.000E-20, 1.000E-20, 1.000E-20, 1.000E-20, 1.000E-20, 1.000E-20, 1.000E-20, 1.000E-20, 1.000E-20, 1.000E-20, 1.000E-20, 1.000E-20, 1.000E-20, 1.000E-20, 1.000E-20, 1.000E-20, 1.000E-20, 1.000E-20, 2.202E-12, 1.166E-11,nan, 1.298E-10, 1.398E-10, 2.398E-10, 1.199E-11, 1.898E-11, 1.053E-13, 8.742E-11, 7.000E-11, 9.350E-11, 5.000E-12, 4.000E-12, 2.300E-11, 3.493E-12, 8.214E-10, 1.000E-10, 1.934E-12, 9.343E-12, 1.934E-12, 1.934E-12, 3.707E-12, 1.083E-11, 1.041E-11,nan,nan,nan,nan,nan, 1.465E-10, 1.188E-12, 2.132E-11
 5.963E+02, 2.605E+02, 1.955E-03, 3.300E-04, 3.489E-08, 1.310E-07, 3.200E-07, 1.700E-06, 2.090E-01, 1.658E+13, 3.000E-10, 1.385E-10, 2.300E-11, 2.656E-10, 9.105E-11, 4.400E-14, 3.833E-14, 2.977E-10, 1.700E-12, 3.000E-12, 1.000E-14, 5.601E-10, 1.293E-10, 9.323E-12, 7.810E-01, 1.600E-10, 6.057E-10, 1.821E-10, 4.782E-11, 1.972E-09, 1.000E-20, 1.000E-20, 1.000E-20, 1.000E-20, 1.000E-20, 1.000E-20, 1.000E-20, 1.000E-20, 1.000E-20, 1.000E-20, 1.000E-20, 1.000E-20, 1.000E-20, 1.000E-20, 1.000E-20, 1.000E-20, 1.000E-20, 1.000E-20, 1.000E-20, 1.000E-20, 2.068E-12, 1.382E-11,nan, 1.298E-10, 1.398E-10, 2.398E-10, 1.199E-11, 1.898E-11, 3.915E-13, 8.856E-11, 7.000E-11, 9.350E-11, 5.000E-12, 4.000E-12, 2.300E-11, 3.949E-12, 8.507E-10, 1.000E-10, 1.930E-12, 9.322E-12, 1.930E-12, 1.930E-12, 3.704E-12, 1.081E-11, 1.039E-11,nan,nan,nan,nan,nan, 1.385E-10, 1.172E-12, 2.132E-11
 5.755E+02, 2.587E+02, 1.747E-03, 3.300E-04, 3.593E-08, 1.307E-07, 3.200E-07, 1.700E-06, 2.090E-01, 1.611E+13, 3.000E-10, 1.309E-10, 2.300E-11, 2.427E-10, 9.345E-11, 4.400E-14, 4.502E-14, 2.758E-10, 1.700E-12, 3.000E-12, 1.000E-14, 5.582E-10, 1.184E-10, 8.834E-12, 7.810E-01, 1.600E-10, 6.043E-10, 1.802E-10, 4.487E-11, 1.964E-09, 1.000E-20, 1.000E-20, 1.000E-20, 1.000E-20, 1.000E-20, 1.000E-20, 1.000E-20, 1.000E-20, 1.000E-20, 1.000E-20, 1.000E-20, 1.000E-20, 1.000E-20, 1.000E-20, 1.000E-20, 1.000E-20, 1.000E-20, 1.000E-20, 1.000E-20, 1.000E-20, 1.937E-12, 1.598E-11,nan, 1.297E-10, 1.397E-10, 2.398E-10, 1.199E-11, 1.898E-11, 6.840E-13, 8.967E-11, 7.000E-11, 9.350E-11, 5.000E-12, 4.000E-12, 2.300E-11, 4.404E-12, 8.797E-10, 1.000E-10, 1.926E-12, 9.302E-12, 1.926E-12, 1.926E-12, 3.702E-12, 1.079E-11, 1.037E-11,nan,nan,nan,nan,nan, 1.309E-10, 1.164E-12, 2.131E-11
 5.552E+02, 2.570E+02, 1.544E-03, 3.300E-04, 3.695E-08, 1.305E-07, 3.200E-07, 1.700E-06, 2.090E-01, 1.565E+13, 3.000E-10, 1.234E-10, 2.300E-11, 2.202E-10, 9.580E-11, 4.400E-14, 5.158E-14, 2.544E-10, 1.700E-12, 3.000E-12, 1.000E-14, 5.563E-10, 1.077E-10, 8.355E-12, 7.810E-01, 1.600E-10, 6.030E-10, 1.783E-10, 4.198E-11, 1.956E-09, 1.000E-20, 1.000E-20, 1.000E-20, 1.000E-20, 1.000E-20, 1.000E-20, 1.000E-20, 1.000E-20, 1.000E-20, 1.000E-20, 1.000E-20, 1.000E-20, 1.000E-20, 1.000E-20, 1.000E-20, 1.000E-20, 1.000E-20, 1.000E-20, 1.000E-20, 1.000E-20, 1.809E-12, 1.810E-11,nan, 1.297E-10, 1.397E-10, 2.398E-10, 1.199E-11, 1.898E-11, 9.706E-13, 9.075E-11, 7.000E-11, 9.350E-11, 5.000E-12, 4.000E-12, 2.300E-11, 4.848E-12, 9.080E-10, 1.000E-10, 1.922E-12, 9.282E-12, 1.922E-12, 1.922E-12, 3.699E-12, 1.077E-11, 1.035E-11,nan,nan,nan,nan,nan, 1.234E-10, 1.156E-12, 2.131E-11
 5.352E+02, 2.552E+02, 1.361E-03, 3.300E-04, 3.795E-08, 1.302E-07, 3.200E-07, 1.700E-06, 2.090E-01, 1.520E+13, 3.000E-10, 1.164E-10, 2.300E-11, 1.995E-10, 9.854E-11, 4.400E-14, 5.904E-14, 2.344E-10, 1.700E-12, 3.000E-12, 1.000E-14, 5.545E-10, 9.803E-11, 7.887E-12, 7.810E-01, 1.600E-10, 6.018E-10, 1.762E-10, 3.928E-11, 1.946E-09, 1.000E-20, 1.000E-20, 1.000E-20, 1.000E-20, 1.000E-20, 1.000E-20, 1.000E-20, 1.000E-20, 1.000E-20, 1.000E-20, 1.000E-20, 1.000E-20, 1.000E-20, 1.000E-20, 1.000E-20, 1.000E-20, 1.000E-20, 1.000E-20, 1.000E-20, 1.000E-20, 1.680E-12, 2.023E-11,nan, 1.297E-10, 1.397E-10, 2.398E-10, 1.199E-11, 1.898E-11, 1.260E-12, 9.184E-11, 7.000E-11, 9.350E-11, 5.000E-12, 4.000E-12, 2.300E-11, 5.609E-12, 9.327E-10, 1.000E-10, 1.918E-12, 9.262E-12, 1.918E-12, 1.918E-12, 3.696E-12, 1.074E-11, 1.032E-11,nan,nan,nan,nan,nan, 1.164E-10, 1.142E-12, 2.131E-11
 5.157E+02, 2.533E+02, 1.226E-03, 3.300E-04, 3.893E-08, 1.298E-07, 3.200E-07, 1.700E-06, 2.090E-01, 1.474E+13, 3.000E-10, 1.104E-10, 2.300E-11, 1.830E-10, 1.024E-10, 4.400E-14, 6.918E-14, 2.172E-10, 1.700E-12, 3.000E-12, 1.000E-14, 5.525E-10, 9.071E-11, 7.433E-12, 7.810E-01, 1.600E-10, 6.013E-10, 1.730E-10, 3.700E-11, 1.932E-09, 1.000E-20, 1.000E-20, 1.000E-20, 1.000E-20, 1.000E-20, 1.000E-20, 1.000E-20, 1.000E-20, 1.000E-20, 1.000E-20, 1.000E-20, 1.000E-20, 1.000E-20, 1.000E-20, 1.000E-20, 1.000E-20, 1.000E-20, 1.000E-20, 1.000E-20, 1.000E-20, 1.543E-12, 2.249E-11,nan, 1.297E-10, 1.397E-10, 2.398E-10, 1.199E-11, 1.898E-11, 1.566E-12, 9.300E-11, 7.000E-11, 9.350E-11, 5.000E-12, 4.000E-12, 2.300E-11, 7.241E-12, 9.488E-10, 1.000E-10, 1.913E-12, 9.238E-12, 1.913E-12, 1.913E-12, 3.694E-12, 1.071E-11, 1.030E-11,nan,nan,nan,nan,nan, 1.104E-10, 1.110E-12, 2.131E-11
 4.966E+02, 2.515E+02, 1.094E-03, 3.300E-04, 3.989E-08, 1.293E-07, 3.200E-07, 1.700E-06, 2.090E-01, 1.430E+13, 3.000E-10, 1.046E-10, 2.300E-11, 1.667E-10, 1.062E-10, 4.400E-14, 7.910E-14, 2.005E-10, 1.700E-12, 3.000E-12, 1.000E-14, 5.505E-10, 8.356E-11, 6.989E-12, 7.810E-01, 1.600E-10, 6.007E-10, 1.699E-10, 3.476E-11, 1.918E-09, 1.000E-20, 1.000E-20, 1.000E-20, 1.000E-20, 1.000E-20, 1.000E-20, 1.000E-20, 1.000E-20, 1.000E-20, 1.000E-20, 1.000E-20, 1.000E-20, 1.000E-20, 1.000E-20, 1.000E-20, 1.000E-20, 1.000E-20, 1.000E-20, 1.000E-20, 1.000E-20, 1.409E-12, 2.469E-11,nan, 1.296E-10, 1.396E-10, 2.397E-10, 1.199E-11, 1.897E-11, 1.865E-12, 9.413E-11, 7.000E-11, 9.350E-11, 5.000E-12, 4.000E-12, 2.300E-11, 8.837E-12, 9.646E-10, 1.000E-10, 1.908E-12, 9.215E-12, 1.908E-12, 1.908E-12, 3.692E-12, 1.069E-11, 1.027E-11,nan,nan,nan,nan,nan, 1.046E-10, 1.079E-12, 2.130E-11
 4.780E+02, 2.497E+02, 9.652E-04, 3.300E-04, 4.083E-08, 1.289E-07, 3.200E-07, 1.700E-06, 2.090E-01, 1.386E+13, 3.000E-10, 9.886E-11, 2.300E-11, 1.509E-10, 1.099E-10, 4.400E-14, 8.881E-14, 1.841E-10, 1.700E-12, 3.000E-12, 1.000E-14, 5.486E-10, 7.656E-11, 6.554E-12, 7.810E-01, 1.600E-10, 6.002E-10, 1.669E-10, 3.257E-11, 1.904E-09, 1.000E-20, 1.000E-20, 1.000E-20, 1.000E-20, 1.000E-20, 1.000E-20, 1.000E-20, 1.000E-20, 1.000E-20, 1.000E-20, 1.000E-20, 1.000E-20, 1.000E-20, 1.000E-20, 1.000E-20, 1.000E-20, 1.000E-20, 1.000E-20, 1.000E-20, 1.000E-20, 1.278E-12, 2.685E-11,nan, 1.296E-10, 1.396E-10, 2.397E-10, 1.199E-11, 1.897E-11, 2.158E-12, 9.524E-11, 7.000E-11, 9.350E-11, 5.000E-12, 4.000E-12, 2.300E-11, 1.040E-11, 9.800E-10, 1.000E-10, 1.903E-12, 9.193E-12, 1.903E-12, 1.903E-12, 3.690E-12, 1.066E-11, 1.025E-11,nan,nan,nan,nan,nan, 9.886E-11, 1.049E-12, 2.130E-11
 4.597E+02, 2.479E+02, 8.532E-04, 3.300E-04, 4.295E-08, 1.280E-07, 3.200E-07, 1.700E-06, 2.090E-01, 1.343E+13, 3.000E-10, 9.422E-11, 2.300E-11, 1.364E-10, 1.141E-10, 4.402E-14, 1.043E-13, 1.694E-10, 1.700E-12, 3.000E-12, 1.000E-14, 5.464E-10, 7.154E-11, 6.216E-12, 7.810E-01, 1.600E-10, 6.000E-10, 1.625E-10, 3.110E-11, 1.890E-09, 1.000E-20, 1.000E-20, 1.000E-20, 1.000E-20, 1.000E-20, 1.000E-20, 1.000E-20, 1.000E-20, 1.000E-20, 1.000E-20, 1.000E-20, 1.000E-20, 1.000E-20, 1.000E-20, 1.000E-20, 1.000E-20, 1.000E-20, 1.000E-20, 1.000E-20, 1.000E-20, 1.185E-12, 2.861E-11,nan, 1.296E-10, 1.396E-10, 2.397E-10, 1.199E-11, 1.897E-11, 2.286E-12, 9.631E-11, 7.000E-11, 9.350E-11, 5.000E-12, 4.000E-12, 2.300E-11, 1.197E-11, 9.903E-10, 1.000E-10, 1.899E-12, 9.171E-12, 1.899E-12, 1.899E-12, 3.687E-12, 1.063E-11, 1.022E-11,nan,nan,nan,nan,nan, 9.422E-11, 1.050E-12, 2.130E-11
 4.419E+02, 2.460E+02, 7.500E-04, 3.300E-04, 4.557E-08, 1.268E-07, 3.200E-07, 1.700E-06, 2.090E-01, 1.301E+13, 3.000E-10, 9.010E-11, 2.300E-11, 1.226E-10, 1.184E-10, 4.405E-14, 1.222E-13, 1.557E-10, 1.700E-12, 3.000E-12, 1.000E-14, 5.440E-10, 6.745E-11, 5.924E-12, 7.810E-01, 1.600E-10, 6.000E-10, 1.576E-10, 2.996E-11, 1.875E-09, 1.000E-20, 1.000E-20, 1.000E-20, 1.000E-20, 1.000E-20, 1.000E-20, 1.000E-20, 1.000E-20, 1.000E-20, 1.000E-20, 1.000E-20, 1.000E-20, 1.000E-20, 1.000E-20, 1.000E-20, 1.000E-20, 1.000E-20, 1.000E-20, 1.000E-20, 1.000E-20, 1.109E-12, 3.016E-11,nan, 1.296E-10, 1.396E-10, 2.397E-10, 1.199E-11, 1.897E-11, 2.341E-12, 9.735E-11, 7.000E-11, 9.350E-11, 5.000E-12, 4.000E-12, 2.300E-11, 1.352E-11, 9.982E-10, 1.000E-10, 1.895E-12, 9.150E-12, 1.895E-12, 1.895E-12, 3.685E-12, 1.061E-11, 1.020E-11,nan,nan,nan,nan,nan, 9.010E-11, 1.065E-12, 2.130E-11
 4.245E+02, 2.441E+02, 6.493E-04, 3.300E-04, 4.813E-08, 1.256E-07, 3.200E-07, 1.699E-06, 2.090E-01, 1.260E+13, 3.000E-10, 8.609E-11, 2.300E-11, 1.091E-10, 1.227E-10, 4.408E-14, 1.396E-13, 1.423E-10, 1.700E-12, 3.000E-12, 1.000E-14, 5.418E-10, 6.346E-11, 5.639E-12, 7.810E-01, 1.600E-10, 6.000E-10, 1.527E-10, 2.885E-11, 1.861E-09, 1.000E-20, 1.000E-20, 1.000E-20, 1.000E-20, 1.000E-20, 1.000E-20, 1.000E-20, 1.000E-20, 1.000E-20, 1.000E-20, 1.000E-20, 1.000E-20, 1.000E-20, 1.000E-20, 1.000E-20, 1.000E-20, 1.000E-20, 1.000E-20, 1.000E-20, 1.000E-20, 1.035E-12, 3.168E-11,nan, 1.295E-10, 1.396E-10, 2.396E-10, 1.199E-11, 1.896E-11, 2.394E-12, 9.836E-11, 7.000E-11, 9.350E-11, 5.000E-12, 4.000E-12, 2.300E-11, 1.504E-11, 1.006E-09, 1.000E-10, 1.890E-12, 9.129E-12, 1.890E-12, 1.890E-12, 3.683E-12, 1.059E-11, 1.018E-11,nan,nan,nan,nan,nan, 8.609E-11, 1.079E-12, 2.129E-11
 4.075E+02, 2.423E+02, 5.584E-04, 3.300E-04, 5.073E-08, 1.243E-07, 3.200E-07, 1.699E-06, 2.090E-01, 1.219E+13, 3.000E-10, 8.228E-11, 2.300E-11, 9.654E-11, 1.269E-10, 4.413E-14, 1.588E-13, 1.298E-10, 1.700E-12, 3.000E-12, 1.001E-14, 5.395E-10, 5.972E-11, 5.372E-12, 7.810E-01, 1.600E-10, 5.999E-10, 1.473E-10, 2.783E-11, 1.846E-09, 1.000E-20, 1.000E-20, 1.000E-20, 1.000E-20, 1.000E-20, 1.000E-20, 1.000E-20, 1.000E-20, 1.000E-20, 1.000E-20, 1.000E-20, 1.000E-20, 1.000E-20, 1.000E-20, 1.000E-20, 1.000E-20, 1.000E-20, 1.000E-20, 1.000E-20, 1.000E-20, 9.602E-13, 3.319E-11,nan, 1.295E-10, 1.396E-10, 2.396E-10, 1.199E-11, 1.896E-11, 2.447E-12, 9.938E-11, 7.000E-11, 9.350E-11, 5.000E-12, 4.000E-12, 2.300E-11, 1.638E-11, 1.013E-09, 1.000E-10, 1.886E-12, 9.108E-12, 1.886E-12, 1.886E-12, 3.680E-12, 1.056E-11, 1.015E-11,nan,nan,nan,nan,nan, 8.228E-11, 1.102E-12, 2.129E-11
 3.909E+02, 2.403E+02, 4.960E-04, 3.300E-04, 5.363E-08, 1.224E-07, 3.200E-07, 1.698E-06, 2.090E-01, 1.178E+13, 3.000E-10, 7.897E-11, 2.300E-11, 8.622E-11, 1.308E-10, 4.425E-14, 1.856E-13, 1.200E-10, 1.700E-12, 3.000E-12, 1.004E-14, 5.370E-10, 5.659E-11, 5.154E-12, 7.810E-01, 1.600E-10, 5.993E-10, 1.394E-10, 2.707E-11, 1.828E-09, 1.000E-20, 1.000E-20, 1.000E-20, 1.000E-20, 1.000E-20, 1.000E-20, 1.000E-20, 1.000E-20, 1.000E-20, 1.000E-20, 1.000E-20, 1.000E-20, 1.000E-20, 1.000E-20, 1.000E-20, 1.000E-20, 1.000E-20, 1.000E-20, 1.000E-20, 1.000E-20, 8.811E-13, 3.481E-11,nan, 1.295E-10, 1.396E-10, 2.396E-10, 1.199E-11, 1.896E-11, 2.504E-12, 1.005E-10, 7.000E-11, 9.350E-11, 5.000E-12, 4.000E-12, 2.300E-11, 1.721E-11, 1.020E-09, 1.000E-10, 1.881E-12, 9.083E-12, 1.881E-12, 1.881E-12, 3.677E-12, 1.053E-11, 1.013E-11,nan,nan,nan,nan,nan, 7.897E-11, 1.157E-12, 2.129E-11
 3.747E+02, 2.384E+02, 4.352E-04, 3.300E-04, 5.647E-08, 1.206E-07, 3.200E-07, 1.698E-06, 2.090E-01, 1.139E+13, 3.000E-10, 7.574E-11, 2.300E-11, 7.615E-11, 1.347E-10, 4.437E-14, 2.116E-13, 1.104E-10, 1.700E-12, 3.000E-12, 1.007E-14, 5.347E-10, 5.354E-11, 4.940E-12, 7.810E-01, 1.600E-10, 5.987E-10, 1.317E-10, 2.633E-11, 1.810E-09, 1.000E-20, 1.000E-20, 1.000E-20, 1.000E-20, 1.000E-20, 1.000E-20, 1.000E-20, 1.000E-20, 1.000E-20, 1.000E-20, 1.000E-20, 1.000E-20, 1.000E-20, 1.000E-20, 1.000E-20, 1.000E-20, 1.000E-20, 1.000E-20, 1.000E-20, 1.000E-20, 8.039E-13, 3.638E-11,nan, 1.294E-10, 1.395E-10, 2.395E-10, 1.198E-11, 1.895E-11, 2.560E-12, 1.015E-10, 7.000E-11, 9.350E-11, 5.000E-12, 4.000E-12, 2.300E-11, 1.801E-11, 1.026E-09, 1.000E-10, 1.876E-12, 9.058E-12, 1.876E-12, 1.876E-12, 3.674E-12, 1.050E-11, 1.010E-11,nan,nan,nan,nan,nan, 7.574E-11, 1.210E-12, 2.128E-11
 3.590E+02, 2.365E+02, 3.760E-04, 3.300E-04, 5.923E-08, 1.188E-07, 3.200E-07, 1.697E-06, 2.090E-01, 1.100E+13, 3.000E-10, 7.259E-11, 2.300E-11, 6.634E-11, 1.384E-10, 4.448E-14, 2.370E-13, 1.011E-10, 1.700E-12, 3.000E-12, 1.010E-14, 5.324E-10, 5.057E-11, 4.733E-12, 7.810E-01, 1.600E-10, 5.981E-10, 1.242E-10, 2.561E-11, 1.793E-09, 1.000E-20, 1.000E-20, 1.000E-20, 1.000E-20, 1.000E-20, 1.000E-20, 1.000E-20, 1.000E-20, 1.000E-20, 1.000E-20, 1.000E-20, 1.000E-20, 1.000E-20, 1.000E-20, 1.000E-20, 1.000E-20, 1.000E-20, 1.000E-20, 1.000E-20, 1.000E-20, 7.288E-13, 3.792E-11,nan, 1.294E-10, 1.395E-10, 2.395E-10, 1.198E-11, 1.895E-11, 2.614E-12, 1.025E-10, 7.000E-11, 9.350E-11, 5.000E-12, 4.000E-12, 2.300E-11, 1.880E-11, 1.032E-09, 1.000E-10, 1.871E-12, 9.035E-12, 1.871E-12, 1.871E-12, 3.670E-12, 1.047E-11, 1.007E-11,nan,nan,nan,nan,nan, 7.259E-11, 1.262E-12, 2.128E-11
 3.436E+02, 2.345E+02, 3.113E-04, 3.300E-04, 6.816E-08, 1.161E-07, 3.199E-07, 1.696E-06, 2.090E-01, 1.062E+13, 3.000E-10, 7.037E-11, 2.305E-11, 5.760E-11, 1.427E-10, 4.479E-14, 2.843E-13, 9.301E-11, 1.700E-12, 3.000E-12, 1.021E-14, 5.301E-10, 4.800E-11, 4.623E-12, 7.810E-01, 1.600E-10, 5.969E-10, 1.145E-10, 2.510E-11, 1.771E-09, 1.000E-20, 1.000E-20, 1.000E-20, 1.000E-20, 1.000E-20, 1.000E-20, 1.000E-20, 1.000E-20, 1.000E-20, 1.000E-20, 1.000E-20, 1.000E-20, 1.000E-20, 1.000E-20, 1.000E-20, 1.000E-20, 1.000E-20, 1.000E-20, 1.000E-20, 1.000E-20, 6.921E-13, 3.752E-11,nan, 1.294E-10, 1.395E-10, 2.395E-10, 1.198E-11, 1.895E-11, 2.597E-12, 1.049E-10, 7.000E-11, 9.350E-11, 5.000E-12, 4.000E-12, 2.305E-11, 1.977E-11, 1.023E-09, 1.000E-10, 1.865E-12, 9.008E-12, 1.865E-12, 1.865E-12, 3.666E-12, 1.044E-11, 1.004E-11,nan,nan,nan,nan,nan, 7.037E-11, 1.182E-12, 2.127E-11
 3.287E+02, 2.325E+02, 2.471E-04, 3.300E-04, 7.803E-08, 1.133E-07, 3.197E-07, 1.695E-06, 2.090E-01, 1.024E+13, 3.000E-10, 6.837E-11, 2.311E-11, 4.925E-11, 1.470E-10, 4.513E-14, 3.345E-13, 8.537E-11, 1.700E-12, 3.000E-12, 1.033E-14, 5.280E-10, 4.557E-11, 4.534E-12, 7.810E-01, 1.600E-10, 5.957E-10, 1.046E-10, 2.464E-11, 1.750E-09, 1.000E-20, 1.000E-20, 1.000E-20, 1.000E-20, 1.000E-20, 1.000E-20, 1.000E-20, 1.000E-20, 1.000E-20, 1.000E-20, 1.000E-20, 1.000E-20, 1.000E-20, 1.000E-20, 1.000E-20, 1.000E-20, 1.000E-20, 1.000E-20, 1.000E-20, 1.000E-20, 6.631E-13, 3.678E-11,nan, 1.293E-10, 1.394E-10, 2.394E-10, 1.198E-11, 1.894E-11, 2.567E-12, 1.075E-10, 7.000E-11, 9.350E-11, 5.000E-12, 4.000E-12, 2.311E-11, 2.076E-11, 1.012E-09, 1.000E-10, 1.860E-12, 8.981E-12, 1.860E-12, 1.860E-12, 3.661E-12, 1.041E-11, 1.001E-11,nan,nan,nan,nan,nan, 6.837E-11, 1.080E-12, 2.127E-11
 3.141E+02, 2.305E+02, 1.847E-04, 3.300E-04, 8.763E-08, 1.106E-07, 3.196E-07, 1.694E-06, 2.090E-01, 9.874E+12, 3.000E-10, 6.642E-11, 2.317E-11, 4.113E-11, 1.512E-10, 4.546E-14, 3.834E-13, 7.794E-11, 1.700E-12, 3.000E-12, 1.045E-14, 5.259E-10, 4.320E-11, 4.447E-12, 7.810E-01, 1.600E-10, 5.945E-10, 9.496E-11, 2.419E-11, 1.729E-09, 1.000E-20, 1.000E-20, 1.000E-20, 1.000E-20, 1.000E-20, 1.000E-20, 1.000E-20, 1.000E-20, 1.000E-20, 1.000E-20, 1.000E-20, 1.000E-20, 1.000E-20, 1.000E-20, 1.000E-20, 1.000E-20, 1.000E-20, 1.000E-20, 1.000E-20, 1.000E-20, 6.350E-13, 3.606E-11,nan, 1.293E-10, 1.394E-10, 2.394E-10, 1.198E-11, 1.894E-11, 2.538E-12, 1.100E-10, 7.000E-11, 9.350E-11, 5.000E-12, 4.000E-12, 2.317E-11, 2.172E-11, 1.001E-09, 1.000E-10, 1.854E-12, 8.954E-12, 1.854E-12, 1.854E-12, 3.657E-12, 1.038E-11, 9.980E-12,nan,nan,nan,nan,nan, 6.642E-11, 9.809E-13, 2.126E-11
 3.000E+02, 2.285E+02, 1.419E-04, 3.300E-04, 9.905E-08, 1.076E-07, 3.192E-07, 1.692E-06, 2.090E-01, 9.511E+12, 3.000E-10, 6.471E-11, 2.331E-11, 3.446E-11, 1.569E-10, 4.582E-14, 4.511E-13, 7.145E-11, 1.700E-12, 3.000E-12, 1.080E-14, 5.237E-10, 4.110E-11, 4.397E-12, 7.810E-01, 1.600E-10, 5.929E-10, 8.476E-11, 2.376E-11, 1.694E-09, 1.000E-20, 1.000E-20, 1.000E-20, 1.000E-20, 1.000E-20, 1.000E-20, 1.000E-20, 1.000E-20, 1.000E-20, 1.000E-20, 1.000E-20, 1.000E-20, 1.000E-20, 1.000E-20, 1.000E-20, 1.000E-20, 1.000E-20, 1.000E-20, 1.000E-20, 1.000E-20, 6.056E-13, 3.531E-11,nan, 1.293E-10, 1.394E-10, 2.394E-10, 1.198E-11, 1.894E-11, 2.508E-12, 1.127E-10, 7.000E-11, 9.350E-11, 5.000E-12, 4.000E-12, 2.331E-11, 2.314E-11, 9.700E-10, 9.628E-11, 1.848E-12, 8.924E-12, 1.848E-12, 1.848E-12, 3.650E-12, 1.035E-11, 9.946E-12,nan,nan,nan,nan,nan, 6.471E-11, 8.938E-13, 2.125E-11
 2.863E+02, 2.265E+02, 1.136E-04, 3.300E-04, 1.117E-07, 1.045E-07, 3.187E-07, 1.689E-06, 2.090E-01, 9.154E+12, 3.000E-10, 6.317E-11, 2.350E-11, 2.890E-11, 1.636E-10, 4.621E-14, 5.319E-13, 6.570E-11, 1.700E-12, 3.000E-12, 1.131E-14, 5.215E-10, 3.922E-11, 4.375E-12, 7.810E-01, 1.600E-10, 5.910E-10, 7.422E-11, 2.334E-11, 1.649E-09, 1.000E-20, 1.000E-20, 1.000E-20, 1.000E-20, 1.000E-20, 1.000E-20, 1.000E-20, 1.000E-20, 1.000E-20, 1.000E-20, 1.000E-20, 1.000E-20, 1.000E-20, 1.000E-20, 1.000E-20, 1.000E-20, 1.000E-20, 1.000E-20, 1.000E-20, 1.000E-20, 5.756E-13, 3.455E-11,nan, 1.292E-10, 1.393E-10, 2.393E-10, 1.198E-11, 1.893E-11, 2.477E-12, 1.153E-10, 7.000E-11, 9.350E-11, 5.000E-12, 4.000E-12, 2.350E-11, 2.489E-11, 9.237E-10, 8.989E-11, 1.841E-12, 8.890E-12, 1.841E-12, 1.841E-12, 3.642E-12, 1.031E-11, 9.909E-12,nan,nan,nan,nan,nan, 6.317E-11, 8.162E-13, 2.124E-11
 2.729E+02, 2.245E+02, 8.623E-05, 3.300E-04, 1.240E-07, 1.014E-07, 3.182E-07, 1.686E-06, 2.090E-01, 8.808E+12, 3.000E-10, 6.168E-11, 2.369E-11, 2.350E-11, 1.701E-10, 4.658E-14, 6.104E-13, 6.012E-11, 1.700E-12, 3.000E-12, 1.181E-14, 5.193E-10, 3.739E-11, 4.353E-12, 7.810E-01, 1.600E-10, 5.891E-10, 6.398E-11, 2.294E-11, 1.606E-09, 1.000E-20, 1.000E-20, 1.000E-20, 1.000E-20, 1.000E-20, 1.000E-20, 1.000E-20, 1.000E-20, 1.000E-20, 1.000E-20, 1.000E-20, 1.000E-20, 1.000E-20, 1.000E-20, 1.000E-20, 1.000E-20, 1.000E-20, 1.000E-20, 1.000E-20, 1.000E-20, 5.465E-13, 3.380E-11,nan, 1.292E-10, 1.392E-10, 2.393E-10, 1.198E-11, 1.893E-11, 2.448E-12, 1.180E-10, 7.000E-11, 9.350E-11, 5.000E-12, 4.000E-12, 2.369E-11, 2.658E-11, 8.788E-10, 8.368E-11, 1.834E-12, 8.858E-12, 1.834E-12, 1.834E-12, 3.634E-12, 1.027E-11, 9.873E-12,nan,nan,nan,nan,nan, 6.168E-11, 7.408E-13, 2.123E-11
 2.600E+02, 2.224E+02, 6.548E-05, 3.300E-04, 1.424E-07, 9.830E-08, 3.174E-07, 1.684E-06, 2.090E-01, 8.468E+12, 3.000E-10, 6.042E-11, 2.412E-11, 1.906E-11, 1.777E-10, 4.696E-14, 7.289E-13, 5.536E-11, 1.700E-12, 3.000E-12, 1.297E-14, 5.168E-10, 3.604E-11, 4.381E-12, 7.810E-01, 1.600E-10, 5.868E-10, 5.478E-11, 2.245E-11, 1.543E-09, 1.000E-20, 1.000E-20, 1.000E-20, 1.000E-20, 1.000E-20, 1.000E-20, 1.000E-20, 1.000E-20, 1.000E-20, 1.000E-20, 1.000E-20, 1.000E-20, 1.000E-20, 1.000E-20, 1.000E-20, 1.000E-20, 1.000E-20, 1.000E-20, 1.000E-20, 1.000E-20, 5.295E-13, 3.282E-11,nan, 1.292E-10, 1.392E-10, 2.393E-10, 1.198E-11, 1.893E-11, 2.468E-12, 1.226E-10, 7.000E-11, 9.350E-11, 5.000E-12, 4.000E-12, 2.412E-11, 2.747E-11, 8.122E-10, 7.735E-11, 1.829E-12, 8.834E-12, 1.829E-12, 1.829E-12, 3.623E-12, 1.024E-11, 9.847E-12,nan,nan,nan,nan,nan, 6.042E-11, 6.693E-13, 2.121E-11
 2.474E+02, 2.203E+02, 5.430E-05, 3.300E-04, 1.700E-07, 9.500E-08, 3.161E-07, 1.680E-06, 2.090E-01, 8.133E+12, 3.000E-10, 5.946E-11, 2.491E-11, 1.595E-11, 1.870E-10, 4.736E-14, 9.084E-13, 5.175E-11, 1.700E-12, 3.000E-12, 1.516E-14, 5.138E-10, 3.537E-11, 4.484E-12, 7.810E-01, 1.600E-10, 5.838E-10, 4.697E-11, 2.182E-11, 1.450E-09, 1.000E-20, 1.000E-20, 1.000E-20, 1.000E-20, 1.000E-20, 1.000E-20, 1.000E-20, 1.000E-20, 1.000E-20, 1.000E-20, 1.000E-20, 1.000E-20, 1.000E-20, 1.000E-20, 1.000E-20, 1.000E-20, 1.000E-20, 1.000E-20, 1.000E-20, 1.000E-20, 5.302E-13, 3.147E-11,nan, 1.291E-10, 1.391E-10, 2.392E-10, 1.198E-11, 1.892E-11, 2.561E-12, 1.304E-10, 7.000E-11, 9.350E-11, 5.000E-12, 4.000E-12, 2.491E-11, 2.718E-11, 7.123E-10, 7.074E-11, 1.827E-12, 8.822E-12, 1.827E-12, 1.827E-12, 3.608E-12, 1.023E-11, 9.833E-12,nan,nan,nan,nan,nan, 5.946E-11, 6.025E-13, 2.118E-11
 2.352E+02, 2.182E+02, 4.346E-05, 3.300E-04, 1.968E-07, 9.180E-08, 3.148E-07, 1.677E-06, 2.090E-01, 7.808E+12, 3.000E-10, 5.853E-11, 2.568E-11, 1.294E-11, 1.959E-10, 4.774E-14, 1.082E-12, 4.826E-11, 1.700E-12, 3.000E-12, 1.727E-14, 5.110E-10, 3.473E-11, 4.583E-12, 7.810E-01, 1.600E-10, 5.810E-10, 3.941E-11, 2.121E-11, 1.361E-09, 1.000E-20, 1.000E-20, 1.000E-20, 1.000E-20, 1.000E-20, 1.000E-20, 1.000E-20, 1.000E-20, 1.000E-20, 1.000E-20, 1.000E-20, 1.000E-20, 1.000E-20, 1.000E-20, 1.000E-20, 1.000E-20, 1.000E-20, 1.000E-20, 1.000E-20, 1.000E-20, 5.308E-13, 3.016E-11,nan, 1.290E-10, 1.390E-10, 2.391E-10, 1.197E-11, 1.891E-11, 2.652E-12, 1.380E-10, 7.000E-11, 9.350E-11, 5.000E-12, 4.000E-12, 2.568E-11, 2.691E-11, 6.155E-10, 6.433E-11, 1.825E-12, 8.811E-12, 1.825E-12, 1.825E-12, 3.594E-12, 1.022E-11, 9.820E-12,nan,nan,nan,nan,nan, 5.853E-11, 5.378E-13, 2.116E-11
 2.234E+02, 2.168E+02, 3.429E-05, 3.300E-04, 2.251E-07, 8.840E-08, 3.135E-07, 1.674E-06, 2.090E-01, 7.470E+12, 3.000E-10, 5.770E-11, 2.677E-11, 1.040E-11, 2.062E-10, 4.815E-14, 1.282E-12, 4.565E-11, 1.700E-12, 3.000E-12, 2.011E-14, 5.078E-10, 3.426E-11, 4.689E-12, 7.810E-01, 1.600E-10, 5.776E-10, 3.270E-11, 2.045E-11, 1.266E-09, 1.000E-20, 1.000E-20, 1.000E-20, 1.000E-20, 1.000E-20, 1.000E-20, 1.000E-20, 1.000E-20, 1.000E-20, 1.000E-20, 1.000E-20, 1.000E-20, 1.000E-20, 1.000E-20, 1.000E-20, 1.000E-20, 1.000E-20, 1.000E-20, 1.000E-20, 1.000E-20, 5.315E-13, 2.884E-11,nan, 1.289E-10, 1.389E-10, 2.390E-10, 1.197E-11, 1.890E-11, 2.745E-12, 1.456E-10, 7.000E-11, 9.350E-11, 5.000E-12, 4.000E-12, 2.677E-11, 2.650E-11, 5.173E-10, 5.784E-11, 1.822E-12, 8.799E-12, 1.822E-12, 1.822E-12, 3.579E-12, 1.020E-11, 9.807E-12,nan,nan,nan,nan,nan, 5.770E-11, 4.775E-13, 2.113E-11
 2.120E+02, 2.168E+02, 2.839E-05, 3.300E-04, 2.578E-07, 8.442E-08, 3.120E-07, 1.669E-06, 2.090E-01, 7.090E+12, 3.000E-10, 5.704E-11, 2.860E-11, 8.813E-12, 2.197E-10, 4.864E-14, 1.545E-12, 4.486E-11, 1.700E-12, 3.000E-12, 2.464E-14, 5.040E-10, 3.412E-11, 4.813E-12, 7.810E-01, 1.600E-10, 5.731E-10, 2.759E-11, 1.935E-11, 1.158E-09, 1.000E-20, 1.000E-20, 1.000E-20, 1.000E-20, 1.000E-20, 1.000E-20, 1.000E-20, 1.000E-20, 1.000E-20, 1.000E-20, 1.000E-20, 1.000E-20, 1.000E-20, 1.000E-20, 1.000E-20, 1.000E-20, 1.000E-20, 1.000E-20, 1.000E-20, 1.000E-20, 5.323E-13, 2.742E-11,nan, 1.287E-10, 1.388E-10, 2.389E-10, 1.197E-11, 1.889E-11, 2.843E-12, 1.538E-10, 7.000E-11, 9.350E-11, 5.000E-12, 4.000E-12, 2.860E-11, 2.578E-11, 4.123E-10, 5.093E-11, 1.819E-12, 8.786E-12, 1.819E-12, 1.819E-12, 3.561E-12, 1.019E-11, 9.792E-12,nan,nan,nan,nan,nan, 5.704E-11, 4.246E-13, 2.110E-11
 2.010E+02, 2.167E+02, 2.268E-05, 3.300E-04, 2.895E-07, 8.058E-08, 3.105E-07, 1.665E-06, 2.090E-01, 6.722E+12, 3.000E-10, 5.640E-11, 3.038E-11, 7.274E-12, 2.327E-10, 4.910E-14, 1.799E-12, 4.409E-11, 1.700E-12, 3.000E-12, 2.903E-14, 5.003E-10, 3.398E-11, 4.934E-12, 7.810E-01, 1.600E-10, 5.688E-10, 2.263E-11, 1.828E-11, 1.052E-09, 1.000E-20, 1.000E-20, 1.000E-20, 1.000E-20, 1.000E-20, 1.000E-20, 1.000E-20, 1.000E-20, 1.000E-20, 1.000E-20, 1.000E-20, 1.000E-20, 1.000E-20, 1.000E-20, 1.000E-20, 1.000E-20, 1.000E-20, 1.000E-20, 1.000E-20, 1.000E-20, 5.330E-13, 2.606E-11,nan, 1.286E-10, 1.387E-10, 2.388E-10, 1.196E-11, 1.888E-11, 2.938E-12, 1.617E-10, 7.000E-11, 9.350E-11, 5.000E-12, 4.000E-12, 3.038E-11, 2.508E-11, 3.107E-10, 4.424E-11, 1.817E-12, 8.774E-12, 1.817E-12, 1.817E-12, 3.545E-12, 1.017E-11, 9.779E-12,nan,nan,nan,nan,nan, 5.640E-11, 3.734E-13, 2.108E-11
 1.903E+02, 2.167E+02, 1.799E-05, 3.300E-04, 3.193E-07, 7.626E-08, 3.089E-07, 1.660E-06, 2.090E-01, 6.366E+12, 2.999E-10, 5.599E-11, 3.320E-11, 5.885E-12, 2.456E-10, 4.973E-14, 2.111E-12, 4.641E-11, 1.700E-12, 3.000E-12, 3.497E-14, 4.959E-10, 3.404E-11, 5.037E-12, 7.810E-01, 1.599E-10, 5.637E-10, 1.836E-11, 1.691E-11, 9.516E-10, 1.000E-20, 1.000E-20, 1.000E-20, 1.000E-20, 1.000E-20, 1.000E-20, 1.000E-20, 1.000E-20, 1.000E-20, 1.000E-20, 1.000E-20, 1.000E-20, 1.000E-20, 1.000E-20, 1.000E-20, 1.000E-20, 1.000E-20, 1.000E-20, 1.000E-20, 1.000E-20, 6.531E-13, 2.557E-11,nan, 1.283E-10, 1.384E-10, 2.385E-10, 1.195E-11, 1.885E-11, 3.566E-12, 1.869E-10, 7.000E-11, 9.350E-11, 4.945E-12, 3.966E-12, 3.320E-11, 2.621E-11, 2.277E-10, 3.739E-11, 1.812E-12, 8.750E-12, 1.812E-12, 1.812E-12, 3.528E-12, 1.014E-11, 9.752E-12,nan,nan,nan,nan,nan, 5.599E-11, 3.246E-13, 2.105E-11
 1.800E+02, 2.167E+02, 1.499E-05, 3.300E-04, 3.467E-07, 7.100E-08, 3.072E-07, 1.654E-06, 2.090E-01, 6.021E+12, 2.995E-10, 5.595E-11, 3.795E-11, 4.723E-12, 2.584E-10, 5.064E-14, 2.535E-12, 5.426E-11, 1.700E-12, 3.000E-12, 4.385E-14, 4.901E-10, 3.445E-11, 5.114E-12, 7.810E-01, 1.595E-10, 5.571E-10, 1.519E-11, 1.497E-11, 8.551E-10, 1.000E-20, 1.000E-20, 1.000E-20, 1.000E-20, 1.000E-20, 1.000E-20, 1.000E-20, 1.000E-20, 1.000E-20, 1.000E-20, 1.000E-20, 1.000E-20, 1.000E-20, 1.000E-20, 1.000E-20, 1.000E-20, 1.000E-20, 1.000E-20, 1.000E-20, 1.000E-20, 9.884E-13, 2.665E-11,nan, 1.276E-10, 1.377E-10, 2.379E-10, 1.194E-11, 1.879E-11, 5.158E-12, 2.435E-10, 7.000E-11, 9.350E-11, 4.792E-12, 3.871E-12, 3.795E-11, 3.062E-11, 1.755E-10, 3.008E-11, 1.803E-12, 8.705E-12, 1.803E-12, 1.803E-12, 3.513E-12, 1.009E-11, 9.702E-12,nan,nan,nan,nan,nan, 5.595E-11, 2.785E-13, 2.102E-11
 1.701E+02, 2.167E+02, 1.210E-05, 3.300E-04, 3.732E-07, 6.592E-08, 3.055E-07, 1.648E-06, 2.090E-01, 5.689E+12, 2.992E-10, 5.592E-11, 4.253E-11, 3.602E-12, 2.707E-10, 5.152E-14, 2.944E-12, 6.184E-11, 1.700E-12, 3.000E-12, 5.241E-14, 4.844E-10, 3.483E-11, 5.188E-12, 7.810E-01, 1.592E-10, 5.507E-10, 1.212E-11, 1.310E-11, 7.621E-10, 1.000E-20, 1.000E-20, 1.000E-20, 1.000E-20, 1.000E-20, 1.000E-20, 1.000E-20, 1.000E-20, 1.000E-20, 1.000E-20, 1.000E-20, 1.000E-20, 1.000E-20, 1.000E-20, 1.000E-20, 1.000E-20, 1.000E-20, 1.000E-20, 1.000E-20, 1.000E-20, 1.312E-12, 2.769E-11,nan, 1.269E-10, 1.371E-10, 2.373E-10, 1.192E-11, 1.873E-11, 6.693E-12, 2.982E-10, 7.000E-11, 9.350E-11, 4.644E-12, 3.779E-12, 4.253E-11, 3.487E-11, 1.250E-10, 2.303E-11, 1.794E-12, 8.662E-12, 1.794E-12, 1.794E-12, 3.498E-12, 1.004E-11, 9.654E-12,nan,nan,nan,nan,nan, 5.592E-11, 2.341E-13, 2.099E-11
 1.605E+02, 2.167E+02, 9.767E-06, 3.300E-04, 4.107E-07, 6.077E-08, 3.037E-07, 1.641E-06, 2.090E-01, 5.368E+12, 2.981E-10, 5.601E-11, 5.117E-11, 2.678E-12, 2.885E-10, 5.291E-14, 3.450E-12, 7.300E-11, 1.700E-12, 3.000E-12, 6.574E-14, 4.772E-10, 3.526E-11, 5.304E-12, 7.810E-01, 1.586E-10, 5.436E-10, 9.873E-12, 1.120E-11, 6.723E-10, 1.000E-20, 1.000E-20, 1.000E-20, 1.000E-20, 1.000E-20, 1.000E-20, 1.000E-20, 1.000E-20, 1.000E-20, 1.000E-20, 1.000E-20, 1.000E-20, 1.000E-20, 1.000E-20, 1.000E-20, 1.000E-20, 1.000E-20, 1.000E-20, 1.000E-20, 1.000E-20, 1.653E-12, 2.879E-11,nan, 1.262E-10, 1.364E-10, 2.366E-10, 1.190E-11, 1.867E-11, 8.313E-12, 3.558E-10, 7.000E-11, 9.350E-11, 4.496E-12, 3.687E-12, 5.117E-11, 3.857E-11, 9.186E-11, 1.560E-11, 1.784E-12, 8.616E-12, 1.784E-12, 1.784E-12, 3.480E-12, 9.990E-12, 9.603E-12,nan,nan,nan,nan,nan, 5.601E-11, 1.912E-13, 2.096E-11
 1.513E+02, 2.167E+02, 7.881E-06, 3.300E-04, 4.560E-07, 5.560E-08, 3.018E-07, 1.634E-06, 2.090E-01, 5.059E+12, 2.966E-10, 5.620E-11, 6.277E-11, 1.908E-12, 3.104E-10, 5.467E-14, 4.025E-12, 8.675E-11, 1.700E-12, 3.000E-12, 8.251E-14, 4.687E-10, 3.572E-11, 5.449E-12, 7.810E-01, 1.578E-10, 5.359E-10, 8.261E-12, 9.297E-12, 5.857E-10, 1.000E-20, 1.000E-20, 1.000E-20, 1.000E-20, 1.000E-20, 1.000E-20, 1.000E-20, 1.000E-20, 1.000E-20, 1.000E-20, 1.000E-20, 1.000E-20, 1.000E-20, 1.000E-20, 1.000E-20, 1.000E-20, 1.000E-20, 1.000E-20, 1.000E-20, 1.000E-20, 2.004E-12, 2.992E-11,nan, 1.255E-10, 1.357E-10, 2.360E-10, 1.187E-11, 1.861E-11, 9.981E-12, 4.151E-10, 7.000E-11, 9.350E-11, 4.351E-12, 3.595E-12, 6.277E-11, 4.183E-11, 7.197E-11, 7.939E-12, 1.775E-12, 8.570E-12, 1.775E-12, 1.775E-12, 3.461E-12, 9.937E-12, 9.552E-12,nan,nan,nan,nan,nan, 5.620E-11, 1.499E-13, 2.092E-11
 1.424E+02, 2.167E+02, 6.067E-06, 3.300E-04, 4.996E-07, 5.063E-08, 3.000E-07, 1.627E-06, 2.090E-01, 4.762E+12, 2.951E-10, 5.639E-11, 7.394E-11, 1.167E-12, 3.314E-10, 5.637E-14, 4.577E-12, 9.998E-11, 1.700E-12, 3.000E-12, 9.866E-14, 4.606E-10, 3.617E-11, 5.589E-12, 7.810E-01, 1.571E-10, 5.286E-10, 6.710E-12, 7.462E-12, 5.024E-10, 1.000E-20, 1.000E-20, 1.000E-20, 1.000E-20, 1.000E-20, 1.000E-20, 1.000E-20, 1.000E-20, 1.000E-20, 1.000E-20, 1.000E-20, 1.000E-20, 1.000E-20, 1.000E-20, 1.000E-20, 1.000E-20, 1.000E-20, 1.000E-20, 1.000E-20, 1.000E-20, 2.342E-12, 3.101E-11,nan, 1.248E-10, 1.350E-10, 2.353E-10, 1.185E-11, 1.854E-11, 1.159E-11, 4.722E-10, 7.000E-11, 9.350E-11, 4.211E-12, 3.507E-12, 7.394E-11, 4.496E-11, 5.282E-11, 5.683E-13, 1.766E-12, 8.525E-12, 1.766E-12, 1.766E-12, 3.443E-12, 9.886E-12, 9.502E-12,nan,nan,nan,nan,nan, 5.639E-11, 1.101E-13, 2.088E-11
 1.338E+02, 2.167E+02, 5.574E-06, 3.300E-04, 5.592E-07, 4.612E-08, 2.978E-07, 1.618E-06, 2.090E-01, 4.476E+12, 2.904E-10, 5.682E-11, 1.115E-10, 8.572E-13, 3.784E-10, 6.069E-14, 5.562E-12, 1.246E-10, 1.700E-12, 3.000E-12, 1.297E-13, 4.470E-10, 3.620E-11, 6.080E-12, 7.810E-01, 1.562E-10, 5.185E-10, 5.679E-12, 6.252E-12, 4.346E-10, 1.000E-20, 1.000E-20, 1.000E-20, 1.000E-20, 1.000E-20, 1.000E-20, 1.000E-20, 1.000E-20, 1.000E-20, 1.000E-20, 1.000E-20, 1.000E-20, 1.000E-20, 1.000E-20, 1.000E-20, 1.000E-20, 1.000E-20, 1.000E-20, 1.000E-20, 1.000E-20, 5.419E-12, 3.603E-11,nan, 1.224E-10, 1.327E-10, 2.333E-10, 1.178E-11, 1.835E-11, 2.112E-11, 6.484E-10, 7.000E-11, 9.350E-11, 4.143E-12, 3.401E-12, 1.115E-10, 4.549E-11, 4.035E-11, 0.000E+00, 1.750E-12, 8.451E-12, 1.750E-12, 1.750E-12, 3.413E-12, 9.799E-12, 9.419E-12,nan,nan,nan,nan,nan, 5.682E-11, 7.814E-14, 2.083E-11
 1.256E+02, 2.167E+02, 5.205E-06, 3.300E-04, 6.180E-07, 4.180E-08, 2.956E-07, 1.610E-06, 2.090E-01, 4.202E+12, 2.856E-10, 5.726E-11, 1.498E-10, 5.933E-13, 4.257E-10, 6.507E-14, 6.545E-12, 1.493E-10, 1.700E-12, 3.000E-12, 1.608E-13, 4.335E-10, 3.620E-11, 6.582E-12, 7.810E-01, 1.554E-10, 5.085E-10, 4.727E-12, 5.138E-12, 3.705E-10, 1.000E-20, 1.000E-20, 1.000E-20, 1.000E-20, 1.000E-20, 1.000E-20, 1.000E-20, 1.000E-20, 1.000E-20, 1.000E-20, 1.000E-20, 1.000E-20, 1.000E-20, 1.000E-20, 1.000E-20, 1.000E-20, 1.000E-20, 1.000E-20, 1.000E-20, 1.000E-20, 8.604E-12, 4.120E-11,nan, 1.200E-10, 1.305E-10, 2.312E-10, 1.171E-11, 1.814E-11, 3.094E-11, 8.279E-10, 7.000E-11, 9.350E-11, 4.083E-12, 3.297E-12, 1.498E-10, 4.578E-11, 2.888E-11, 0.000E+00, 1.735E-12, 8.376E-12, 1.735E-12, 1.735E-12, 3.382E-12, 9.713E-12, 9.336E-12,nan,nan,nan,nan,nan, 5.726E-11, 4.800E-14, 2.077E-11
 1.178E+02, 2.167E+02, 4.802E-06, 3.300E-04, 6.920E-07, 3.776E-08, 2.931E-07, 1.601E-06, 2.090E-01, 3.939E+12, 2.802E-10, 5.750E-11, 1.989E-10, 4.024E-13, 5.058E-10, 7.033E-14, 7.734E-12, 1.770E-10, 1.700E-12, 3.000E-12, 2.041E-13, 4.188E-10, 3.612E-11, 7.221E-12, 7.810E-01, 1.544E-10, 4.981E-10, 3.962E-12, 4.156E-12, 3.122E-10, 1.000E-20, 1.000E-20, 1.000E-20, 1.000E-20, 1.000E-20, 1.000E-20, 1.000E-20, 1.000E-20, 1.000E-20, 1.000E-20, 1.000E-20, 1.000E-20, 1.000E-20, 1.000E-20, 1.000E-20, 1.000E-20, 1.000E-20, 1.000E-20, 1.000E-20, 1.000E-20, 1.188E-11, 4.651E-11,nan, 1.176E-10, 1.281E-10, 2.290E-10, 1.164E-11, 1.793E-11, 4.104E-11, 1.012E-09, 7.000E-11, 9.350E-11, 4.022E-12, 3.195E-12, 1.989E-10, 4.434E-11, 2.053E-11, 0.000E+00, 1.719E-12, 8.301E-12, 1.719E-12, 1.719E-12, 3.341E-12, 9.625E-12, 9.252E-12,nan,nan,nan,nan,nan, 5.750E-11, 2.627E-14, 2.069E-11
 1.102E+02, 2.167E+02, 4.352E-06, 3.300E-04, 7.860E-07, 3.403E-08, 2.903E-07, 1.591E-06, 2.090E-01, 3.687E+12, 2.737E-10, 5.750E-11, 2.624E-10, 3.013E-13, 6.279E-10, 7.676E-14, 9.195E-12, 2.087E-10, 1.700E-12, 3.000E-12, 2.632E-13, 4.025E-10, 3.595E-11, 8.039E-12, 7.810E-01, 1.531E-10, 4.870E-10, 3.422E-12, 3.329E-12, 2.603E-10, 1.000E-20, 1.000E-20, 1.000E-20, 1.000E-20, 1.000E-20, 1.000E-20, 1.000E-20, 1.000E-20, 1.000E-20, 1.000E-20, 1.000E-20, 1.000E-20, 1.000E-20, 1.000E-20, 1.000E-20, 1.000E-20, 1.000E-20, 1.000E-20, 1.000E-20, 1.000E-20, 1.531E-11, 5.207E-11,nan, 1.150E-10, 1.256E-10, 2.267E-10, 1.156E-11, 1.771E-11, 5.161E-11, 1.205E-09, 7.000E-11, 9.350E-11, 3.957E-12, 3.092E-12, 2.624E-10, 4.068E-11, 1.600E-11, 0.000E+00, 1.703E-12, 8.223E-12, 1.703E-12, 1.703E-12, 3.286E-12, 9.535E-12, 9.165E-12,nan,nan,nan,nan,nan, 5.750E-11, 1.484E-14, 2.059E-11
 1.030E+02, 2.167E+02, 3.947E-06, 3.300E-04, 8.803E-07, 3.050E-08, 2.874E-07, 1.581E-06, 2.090E-01, 3.446E+12, 2.675E-10, 5.738E-11, 3.254E-10, 2.077E-13, 7.554E-10, 8.319E-14, 1.071E-11, 2.394E-10, 1.700E-12, 3.000E-12, 3.240E-13, 3.867E-10, 3.577E-11, 8.874E-12, 7.810E-01, 1.519E-10, 4.761E-10, 2.919E-12, 2.557E-12, 2.119E-10, 1.000E-20, 1.000E-20, 1.000E-20, 1.000E-20, 1.000E-20, 1.000E-20, 1.000E-20, 1.000E-20, 1.000E-20, 1.000E-20, 1.000E-20, 1.000E-20, 1.000E-20, 1.000E-20, 1.000E-20, 1.000E-20, 1.000E-20, 1.000E-20, 1.000E-20, 1.000E-20, 1.957E-11, 5.781E-11,nan, 1.124E-10, 1.231E-10, 2.244E-10, 1.148E-11, 1.748E-11, 6.281E-11, 1.400E-09, 7.000E-11, 9.350E-11, 3.895E-12, 2.993E-12, 3.254E-10, 3.701E-11, 1.177E-11, 0.000E+00, 1.686E-12, 8.144E-12, 1.686E-12, 1.686E-12, 3.231E-12, 9.444E-12, 9.077E-12,nan,nan,nan,nan,nan, 5.738E-11, 4.499E-15, 2.049E-11
 9.611E+01, 2.167E+02, 3.901E-06, 3.300E-04, 1.026E-06, 2.783E-08, 2.831E-07, 1.568E-06, 2.090E-01, 3.215E+12, 2.601E-10, 5.563E-11, 4.175E-10, 1.613E-13, 1.019E-09, 9.309E-14, 1.365E-11, 2.744E-10, 1.700E-12, 3.000E-12, 4.386E-13, 3.683E-10, 3.541E-11, 1.036E-11, 7.810E-01, 1.505E-10, 4.632E-10, 2.625E-12, 2.078E-12, 1.820E-10, 1.000E-20, 1.000E-20, 1.000E-20, 1.000E-20, 1.000E-20, 1.000E-20, 1.000E-20, 1.000E-20, 1.000E-20, 1.000E-20, 1.000E-20, 1.000E-20, 1.000E-20, 1.000E-20, 1.000E-20, 1.000E-20, 1.000E-20, 1.000E-20, 1.000E-20, 1.000E-20, 3.676E-11, 6.897E-11,nan, 1.077E-10, 1.187E-10, 2.203E-10, 1.135E-11, 1.708E-11, 8.796E-11, 1.719E-09, 7.000E-11, 9.346E-11, 3.826E-12, 2.897E-12, 4.175E-10, 3.135E-11, 9.126E-12, 0.000E+00, 1.660E-12, 8.016E-12, 1.660E-12, 1.660E-12, 3.140E-12, 9.295E-12, 8.934E-12,nan,nan,nan,nan,nan, 5.563E-11, 2.489E-15, 2.032E-11
 8.952E+01, 2.167E+02, 3.857E-06, 3.300E-04, 1.165E-06, 2.528E-08, 2.789E-07, 1.555E-06, 2.090E-01, 2.994E+12, 2.531E-10, 5.396E-11, 5.054E-10, 1.169E-13, 1.271E-09, 1.025E-13, 1.646E-11, 3.078E-10, 1.700E-12, 3.000E-12, 5.481E-13, 3.507E-10, 3.505E-11, 1.178E-11, 7.810E-01, 1.492E-10, 4.509E-10, 2.344E-12, 1.621E-12, 1.534E-10, 1.000E-20, 1.000E-20, 1.000E-20, 1.000E-20, 1.000E-20, 1.000E-20, 1.000E-20, 1.000E-20, 1.000E-20, 1.000E-20, 1.000E-20, 1.000E-20, 1.000E-20, 1.000E-20, 1.000E-20, 1.000E-20, 1.000E-20, 1.000E-20, 1.000E-20, 1.000E-20, 5.317E-11, 7.962E-11,nan, 1.033E-10, 1.145E-10, 2.163E-10, 1.122E-11, 1.670E-11, 1.120E-10, 2.023E-09, 7.000E-11, 9.342E-11, 3.760E-12, 2.804E-12, 5.054E-10, 2.595E-11, 6.596E-12, 0.000E+00, 1.635E-12, 7.894E-12, 1.635E-12, 1.635E-12, 3.054E-12, 9.154E-12, 8.798E-12,nan,nan,nan,nan,nan, 5.396E-11, 5.691E-16, 2.016E-11
 8.323E+01, 2.167E+02, 3.840E-06, 3.300E-04, 1.351E-06, 2.275E-08, 2.737E-07, 1.540E-06, 2.090E-01, 2.784E+12, 2.471E-10, 5.128E-11, 6.223E-10, 9.237E-14, 1.638E-09, 1.147E-13, 2.051E-11, 3.425E-10, 1.700E-12, 3.000E-12, 7.598E-13, 3.320E-10, 3.467E-11, 1.376E-11, 7.810E-01, 1.474E-10, 4.375E-10, 2.275E-12, 1.268E-12, 1.310E-10, 1.000E-20, 1.000E-20, 1.000E-20, 1.000E-20, 1.000E-20, 1.000E-20, 1.000E-20, 1.000E-20, 1.000E-20, 1.000E-20, 1.000E-20, 1.000E-20, 1.000E-20, 1.000E-20, 1.000E-20, 1.000E-20, 1.000E-20, 1.000E-20, 1.000E-20, 1.000E-20, 7.102E-11, 9.121E-11,nan, 9.848E-11, 1.098E-10, 2.120E-10, 1.108E-11, 1.628E-11, 1.381E-10, 2.354E-09, 7.000E-11, 9.337E-11, 3.688E-12, 2.712E-12, 6.223E-10, 2.124E-11, 5.168E-12, 0.000E+00, 1.608E-12, 7.765E-12, 1.608E-12, 1.608E-12, 2.938E-12, 9.004E-12, 8.654E-12,nan,nan,nan,nan,nan, 5.128E-11, 1.656E-16, 1.995E-11
 7.724E+01, 2.167E+02, 3.828E-06, 3.300E-04, 1.538E-06, 2.031E-08, 2.685E-07, 1.525E-06, 2.090E-01, 2.583E+12, 2.415E-10, 4.853E-11, 7.398E-10, 7.232E-14, 2.011E-09, 1.268E-13, 2.461E-11, 3.761E-10, 1.700E-12, 3.000E-12, 9.812E-13, 3.138E-10, 3.430E-11, 1.577E-11, 7.810E-01, 1.455E-10, 4.245E-10, 2.247E-12, 9.480E-13, 1.104E-10, 1.000E-20, 1.000E-20, 1.000E-20, 1.000E-20, 1.000E-20, 1.000E-20, 1.000E-20, 1.000E-20, 1.000E-20, 1.000E-20, 1.000E-20, 1.000E-20, 1.000E-20, 1.000E-20, 1.000E-20, 1.000E-20, 1.000E-20, 1.000E-20, 1.000E-20, 1.000E-20, 8.842E-11, 1.025E-10,nan, 9.380E-11, 1.053E-10, 2.077E-10, 1.094E-11, 1.587E-11, 1.635E-10, 2.676E-09, 7.000E-11, 9.332E-11, 3.619E-12, 2.624E-12, 7.398E-10, 1.685E-11, 3.990E-12, 0.000E+00, 1.582E-12, 7.639E-12, 1.582E-12, 1.582E-12, 2.820E-12, 8.859E-12, 8.515E-12,nan,nan,nan,nan,nan, 4.853E-11, 4.469E-17, 1.973E-11
 7.154E+01, 2.167E+02, 3.834E-06, 3.300E-04, 1.753E-06, 1.810E-08, 2.617E-07, 1.506E-06, 2.090E-01, 2.393E+12, 2.415E-10, 4.477E-11, 8.792E-10, 5.678E-14, 2.507E-09, 1.427E-13, 3.113E-11, 4.063E-10, 1.700E-12, 3.000E-12, 1.414E-12, 2.959E-10, 3.409E-11, 1.866E-11, 7.810E-01, 1.435E-10, 4.113E-10, 2.405E-12, 7.383E-13, 9.549E-11, 1.000E-20, 1.000E-20, 1.000E-20, 1.000E-20, 1.000E-20, 1.000E-20, 1.000E-20, 1.000E-20, 1.000E-20, 1.000E-20, 1.000E-20, 1.000E-20, 1.000E-20, 1.000E-20, 1.000E-20, 1.000E-20, 1.000E-20, 1.000E-20, 1.000E-20, 1.000E-20, 1.236E-10, 1.163E-10,nan, 8.800E-11, 9.963E-11, 2.023E-10, 1.076E-11, 1.535E-11, 1.990E-10, 3.044E-09, 7.000E-11, 9.327E-11, 3.544E-12, 2.544E-12, 8.792E-10, 1.289E-11, 3.118E-12, 0.000E+00, 1.544E-12, 7.456E-12, 1.544E-12, 1.544E-12, 2.691E-12, 8.646E-12, 8.310E-12,nan,nan,nan,nan,nan, 4.477E-11, 7.924E-18, 1.949E-11
 6.613E+01, 2.167E+02, 3.847E-06, 3.300E-04, 1.971E-06, 1.604E-08, 2.546E-07, 1.485E-06, 2.090E-01, 2.212E+12, 2.435E-10, 4.077E-11, 1.022E-09, 4.332E-14, 3.030E-09, 1.595E-13, 3.828E-11, 4.344E-10, 1.700E-12, 3.000E-12, 1.907E-12, 2.786E-10, 3.394E-11, 2.177E-11, 7.810E-01, 1.415E-10, 3.984E-10, 2.622E-12, 5.741E-13, 8.297E-11, 1.000E-20, 1.000E-20, 1.000E-20, 1.000E-20, 1.000E-20, 1.000E-20, 1.000E-20, 1.000E-20, 1.000E-20, 1.000E-20, 1.000E-20, 1.000E-20, 1.000E-20, 1.000E-20, 1.000E-20, 1.000E-20, 1.000E-20, 1.000E-20, 1.000E-20, 1.000E-20, 1.640E-10, 1.306E-10,nan, 8.199E-11, 9.374E-11, 1.967E-10, 1.058E-11, 1.481E-11, 2.369E-10, 3.414E-09, 7.000E-11, 9.322E-11, 3.470E-12, 2.470E-12, 1.022E-09, 9.218E-12, 2.383E-12, 0.000E+00, 1.503E-12, 7.257E-12, 1.503E-12, 1.503E-12, 2.561E-12, 8.416E-12, 8.089E-12,nan,nan,nan,nan,nan, 4.077E-11, 1.764E-18, 1.924E-11
 6.099E+01, 2.167E+02, 3.870E-06, 3.300E-04, 2.245E-06, 1.463E-08, 2.463E-07, 1.458E-06, 2.090E-01, 2.040E+12, 2.483E-10, 3.664E-11, 1.189E-09, 3.358E-14, 3.574E-09, 1.844E-13, 4.707E-11, 4.604E-10, 1.700E-12, 3.000E-12, 3.060E-12, 2.611E-10, 3.406E-11, 2.578E-11, 7.810E-01, 1.394E-10, 3.848E-10, 3.072E-12, 4.437E-13, 7.195E-11, 1.000E-20, 1.000E-20, 1.000E-20, 1.000E-20, 1.000E-20, 1.000E-20, 1.000E-20, 1.000E-20, 1.000E-20, 1.000E-20, 1.000E-20, 1.000E-20, 1.000E-20, 1.000E-20, 1.000E-20, 1.000E-20, 1.000E-20, 1.000E-20, 1.000E-20, 1.000E-20, 2.069E-10, 1.457E-10,nan, 7.558E-11, 8.747E-11, 1.907E-10, 1.038E-11, 1.423E-11, 2.772E-10, 3.809E-09, 7.000E-11, 9.317E-11, 3.391E-12, 2.391E-12, 1.189E-09, 6.095E-12, 1.777E-12, 0.000E+00, 1.461E-12, 7.055E-12, 1.461E-12, 1.461E-12, 2.435E-12, 8.181E-12, 7.864E-12,nan,nan,nan,nan,nan, 3.664E-11, 8.485E-20, 1.901E-11
 5.613E+01, 2.167E+02, 3.896E-06, 3.300E-04, 2.530E-06, 1.350E-08, 2.379E-07, 1.429E-06, 2.090E-01, 1.877E+12, 2.540E-10, 3.260E-11, 1.361E-09, 2.549E-14, 4.108E-09, 2.114E-13, 5.614E-11, 4.848E-10, 1.700E-12, 3.000E-12, 4.408E-12, 2.439E-10, 3.426E-11, 2.998E-11, 7.810E-01, 1.374E-10, 3.713E-10, 3.591E-12, 3.296E-13, 6.184E-11, 1.000E-20, 1.000E-20, 1.000E-20, 1.000E-20, 1.000E-20, 1.000E-20, 1.000E-20, 1.000E-20, 1.000E-20, 1.000E-20, 1.000E-20, 1.000E-20, 1.000E-20, 1.000E-20, 1.000E-20, 1.000E-20, 1.000E-20, 1.000E-20, 1.000E-20, 1.000E-20, 2.493E-10, 1.606E-10,nan, 6.926E-11, 8.127E-11, 1.848E-10, 1.018E-11, 1.366E-11, 3.171E-10, 4.199E-09, 7.000E-11, 9.311E-11, 3.313E-12, 2.313E-12, 1.361E-09, 3.272E-12, 1.238E-12, 0.000E+00, 1.420E-12, 6.858E-12, 1.420E-12, 1.420E-12, 2.315E-12, 7.952E-12, 7.644E-12,nan,nan,nan,nan,nan, 3.260E-11, 5.426E-20, 1.878E-11
 5.153E+01, 2.171E+02, 3.935E-06, 3.300E-04, 2.790E-06, 1.284E-08, 2.285E-07, 1.392E-06, 2.090E-01, 1.720E+12, 2.653E-10, 2.945E-11, 1.564E-09, 2.180E-14, 4.548E-09, 2.743E-13, 6.711E-11, 5.045E-10, 1.700E-12, 3.000E-12, 6.291E-12, 2.283E-10, 3.548E-11, 3.644E-11, 7.810E-01, 1.356E-10, 3.568E-10, 4.592E-12, 2.531E-13, 5.333E-11, 1.000E-20, 1.000E-20, 1.000E-20, 1.000E-20, 1.000E-20, 1.000E-20, 1.000E-20, 1.000E-20, 1.000E-20, 1.000E-20, 1.000E-20, 1.000E-20, 1.000E-20, 1.000E-20, 1.000E-20, 1.000E-20, 1.000E-20, 1.000E-20, 1.000E-20, 1.000E-20, 3.090E-10, 1.780E-10,nan, 6.250E-11, 7.446E-11, 1.779E-10, 9.953E-12, 1.300E-11, 3.693E-10, 4.560E-09, 7.000E-11, 9.304E-11, 3.253E-12, 2.201E-12, 1.564E-09, 1.874E-12, 8.828E-13, 0.000E+00, 1.375E-12, 6.643E-12, 1.375E-12, 1.375E-12, 2.193E-12, 7.703E-12, 7.404E-12,nan,nan,nan,nan,nan, 2.945E-11, 2.599E-20, 1.855E-11
 4.719E+01, 2.176E+02, 3.976E-06, 3.300E-04, 3.037E-06, 1.232E-08, 2.192E-07, 1.354E-06, 2.090E-01, 1.572E+12, 2.774E-10, 2.664E-11, 1.766E-09, 1.917E-14, 4.948E-09, 3.425E-13, 7.802E-11, 5.224E-10, 1.700E-12, 3.000E-12, 8.188E-12, 2.136E-10, 3.685E-11, 4.312E-11, 7.810E-01, 1.339E-10, 3.426E-10, 5.690E-12, 1.877E-13, 4.553E-11, 1.000E-20, 1.000E-20, 1.000E-20, 1.000E-20, 1.000E-20, 1.000E-20, 1.000E-20, 1.000E-20, 1.000E-20, 1.000E-20, 1.000E-20, 1.000E-20, 1.000E-20, 1.000E-20, 1.000E-20, 1.000E-20, 1.000E-20, 1.000E-20, 1.000E-20, 1.000E-20, 3.698E-10, 1.951E-10,nan, 5.593E-11, 6.781E-11, 1.710E-10, 9.725E-12, 1.234E-11, 4.218E-10, 4.900E-09, 7.000E-11, 9.297E-11, 3.199E-12, 2.087E-12, 1.766E-09, 8.352E-13, 5.827E-13, 0.000E+00, 1.332E-12, 6.434E-12, 1.332E-12, 1.332E-12, 2.076E-12, 7.460E-12, 7.170E-12,nan,nan,nan,nan,nan, 2.664E-11, 7.732E-23, 1.834E-11
 4.310E+01, 2.182E+02, 4.030E-06, 3.300E-04, 3.408E-06, 1.232E-08, 2.106E-07, 1.304E-06, 2.090E-01, 1.432E+12, 2.954E-10, 2.430E-11, 2.006E-09, 1.797E-14, 5.259E-09, 4.438E-13, 9.079E-11, 5.386E-10, 1.700E-12, 3.000E-12, 9.717E-12, 1.980E-10, 3.895E-11, 5.193E-11, 7.810E-01, 1.315E-10, 3.270E-10, 8.495E-12, 1.368E-13, 3.851E-11, 1.000E-20, 1.000E-20, 1.000E-20, 1.000E-20, 1.000E-20, 1.000E-20, 1.000E-20, 1.000E-20, 1.000E-20, 1.000E-20, 1.000E-20, 1.000E-20, 1.000E-20, 1.000E-20, 1.000E-20, 1.000E-20, 1.000E-20, 1.000E-20, 1.000E-20, 1.000E-20, 4.366E-10, 2.139E-10,nan, 4.870E-11, 6.048E-11, 1.634E-10, 9.473E-12, 1.162E-11, 4.796E-10, 5.275E-09, 7.000E-11, 9.290E-11, 3.139E-12, 1.973E-12, 2.006E-09, 4.162E-13, 3.933E-13, 0.000E+00, 1.287E-12, 6.217E-12, 1.287E-12, 1.287E-12, 1.973E-12, 7.208E-12, 6.928E-12,nan,nan,nan,nan,nan, 2.430E-11, 5.425E-23, 1.814E-11
 3.926E+01, 2.188E+02, 4.093E-06, 3.300E-04, 3.756E-06, 1.248E-08, 2.033E-07, 1.255E-06, 2.090E-01, 1.301E+12, 3.181E-10, 2.236E-11, 2.248E-09, 1.693E-14, 5.519E-09, 5.613E-13, 1.040E-10, 5.544E-10, 1.700E-12, 3.000E-12, 1.164E-11, 1.830E-10, 4.128E-11, 6.155E-11, 7.810E-01, 1.290E-10, 3.105E-10, 1.227E-11, 9.427E-14, 3.233E-11, 1.000E-20, 1.000E-20, 1.000E-20, 1.000E-20, 1.000E-20, 1.000E-20, 1.000E-20, 1.000E-20, 1.000E-20, 1.000E-20, 1.000E-20, 1.000E-20, 1.000E-20, 1.000E-20, 1.000E-20, 1.000E-20, 1.000E-20, 1.000E-20, 1.000E-20, 1.000E-20, 5.029E-10, 2.319E-10,nan, 4.194E-11, 5.347E-11, 1.557E-10, 9.218E-12, 1.090E-11, 5.409E-10, 5.588E-09, 7.000E-11, 9.284E-11, 3.090E-12, 1.867E-12, 2.248E-09, 1.213E-13, 2.409E-13, 0.000E+00, 1.244E-12, 6.009E-12, 1.244E-12, 1.244E-12, 1.878E-12, 6.967E-12, 6.697E-12,nan,nan,nan,nan,nan, 2.236E-11, 3.132E-23, 1.796E-11
 3.565E+01, 2.194E+02, 4.177E-06, 3.300E-04, 4.080E-06, 1.294E-08, 1.981E-07, 1.205E-06, 2.090E-01, 1.177E+12, 3.510E-10, 2.105E-11, 2.509E-09, 1.612E-14, 5.693E-09, 7.167E-13, 1.189E-10, 5.706E-10, 1.700E-12, 3.000E-12, 1.444E-11, 1.681E-10, 4.421E-11, 7.331E-11, 7.810E-01, 1.258E-10, 2.912E-10, 1.811E-11, 6.536E-14, 2.735E-11, 1.000E-20, 1.000E-20, 1.000E-20, 1.000E-20, 1.000E-20, 1.000E-20, 1.000E-20, 1.000E-20, 1.000E-20, 1.000E-20, 1.000E-20, 1.000E-20, 1.000E-20, 1.000E-20, 1.000E-20, 1.000E-20, 1.000E-20, 1.000E-20, 1.000E-20, 1.000E-20, 5.722E-10, 2.494E-10,nan, 3.566E-11, 4.665E-11, 1.474E-10, 8.940E-12, 1.014E-11, 6.124E-10, 5.800E-09, 7.000E-11, 9.283E-11, 3.058E-12, 1.767E-12, 2.509E-09, 4.595E-14, 1.501E-13, 0.000E+00, 1.202E-12, 5.805E-12, 1.202E-12, 1.202E-12, 1.795E-12, 6.731E-12, 6.470E-12,nan,nan,nan,nan,nan, 2.105E-11, 7.313E-24, 1.781E-11
 3.227E+01, 2.201E+02, 4.248E-06, 3.300E-04, 4.390E-06, 1.352E-08, 1.922E-07, 1.156E-06, 2.090E-01, 1.063E+12, 4.040E-10, 1.988E-11, 2.812E-09, 1.517E-14, 5.788E-09, 9.531E-13, 1.361E-10, 5.890E-10, 1.700E-12, 3.000E-12, 1.868E-11, 1.509E-10, 4.771E-11, 8.749E-11, 7.810E-01, 1.221E-10, 2.676E-10, 2.807E-11, 4.046E-14, 2.256E-11, 1.000E-20, 1.000E-20, 1.000E-20, 1.000E-20, 1.000E-20, 1.000E-20, 1.000E-20, 1.000E-20, 1.000E-20, 1.000E-20, 1.000E-20, 1.000E-20, 1.000E-20, 1.000E-20, 1.000E-20, 1.000E-20, 1.000E-20, 1.000E-20, 1.000E-20, 1.000E-20, 6.449E-10, 2.677E-10,nan, 2.906E-11, 3.950E-11, 1.388E-10, 8.649E-12, 9.336E-12, 6.875E-10, 6.024E-09, 7.000E-11, 9.281E-11, 3.026E-12, 1.672E-12, 2.812E-09, 2.122E-14, 1.143E-13, 0.000E+00, 1.160E-12, 5.601E-12, 1.160E-12, 1.160E-12, 1.723E-12, 6.494E-12, 6.242E-12,nan,nan,nan,nan,nan, 1.988E-11, 4.096E-25, 1.768E-11
 2.912E+01, 2.207E+02, 4.318E-06, 3.300E-04, 4.697E-06, 1.414E-08, 1.858E-07, 1.109E-06, 2.090E-01, 9.563E+11, 4.841E-10, 1.879E-11, 3.156E-09, 1.410E-14, 5.807E-09, 1.304E-12, 1.545E-10, 6.107E-10, 1.701E-12, 3.000E-12, 2.485E-11, 1.329E-10, 5.168E-11, 1.037E-10, 7.810E-01, 1.182E-10, 2.399E-10, 4.054E-11, 2.035E-14, 1.795E-11, 1.000E-20, 1.000E-20, 1.000E-20, 1.000E-20, 1.000E-20, 1.000E-20, 1.000E-20, 1.000E-20, 1.000E-20, 1.000E-20, 1.000E-20, 1.000E-20, 1.000E-20, 1.000E-20, 1.000E-20, 1.000E-20, 1.000E-20, 1.000E-20, 1.000E-20, 1.000E-20, 7.123E-10, 2.849E-10,nan, 2.288E-11, 3.266E-11, 1.300E-10, 8.352E-12, 8.534E-12, 7.625E-10, 6.196E-09, 7.000E-11, 9.278E-11, 2.986E-12, 1.586E-12, 3.156E-09, 1.594E-14, 9.998E-14, 0.000E+00, 1.120E-12, 5.407E-12, 1.120E-12, 1.120E-12, 1.659E-12, 6.270E-12, 6.026E-12,nan,nan,nan,nan,nan, 1.879E-11, 7.386E-27, 1.757E-11
 2.618E+01, 2.214E+02, 4.405E-06, 3.300E-04, 5.038E-06, 1.482E-08, 1.775E-07, 1.065E-06, 2.090E-01, 8.571E+11, 6.467E-10, 1.775E-11, 3.629E-09, 1.264E-14, 5.648E-09, 2.013E-12, 1.768E-10, 6.433E-10, 1.708E-12, 3.000E-12, 3.687E-11, 1.128E-10, 5.696E-11, 1.258E-10, 7.810E-01, 1.140E-10, 2.003E-10, 5.791E-11, 1.077E-14, 1.330E-11, 1.000E-20, 1.000E-20, 1.000E-20, 1.000E-20, 1.000E-20, 1.000E-20, 1.000E-20, 1.000E-20, 1.000E-20, 1.000E-20, 1.000E-20, 1.000E-20, 1.000E-20, 1.000E-20, 1.000E-20, 1.000E-20, 1.000E-20, 1.000E-20, 1.000E-20, 1.000E-20, 7.609E-10, 2.979E-10,nan, 1.813E-11, 2.687E-11, 1.205E-10, 8.026E-12, 7.709E-12, 8.395E-10, 6.175E-09, 7.000E-11, 9.267E-11, 2.916E-12, 1.516E-12, 3.629E-09, 1.217E-14, 8.762E-14, 0.000E+00, 1.084E-12, 5.236E-12, 1.084E-12, 1.084E-12, 1.603E-12, 6.072E-12, 5.836E-12,nan,nan,nan,nan,nan, 1.775E-11, 3.198E-27, 1.748E-11
 2.345E+01, 2.222E+02, 4.463E-06, 3.300E-04, 5.291E-06, 1.523E-08, 1.714E-07, 1.038E-06, 2.090E-01, 7.655E+11, 8.354E-10, 1.697E-11, 4.010E-09, 1.156E-14, 5.410E-09, 2.893E-12, 1.941E-10, 6.763E-10, 1.723E-12, 3.000E-12, 5.110E-11, 9.764E-11, 6.171E-11, 1.444E-10, 7.810E-01, 1.110E-10, 1.705E-10, 7.236E-11, 7.393E-15, 1.057E-11, 1.000E-20, 1.000E-20, 1.000E-20, 1.000E-20, 1.000E-20, 1.000E-20, 1.000E-20, 1.000E-20, 1.000E-20, 1.000E-20, 1.000E-20, 1.000E-20, 1.000E-20, 1.000E-20, 1.000E-20, 1.000E-20, 1.000E-20, 1.000E-20, 1.000E-20, 1.000E-20, 7.942E-10, 3.012E-10,nan, 1.398E-11, 2.149E-11, 1.100E-10, 7.651E-12, 6.825E-12, 8.908E-10, 6.047E-09, 7.000E-11, 9.233E-11, 2.817E-12, 1.454E-12, 4.010E-09, 8.429E-15, 6.329E-14, 0.000E+00, 1.046E-12, 5.049E-12, 1.046E-12, 1.046E-12, 1.550E-12, 5.855E-12, 5.627E-12,nan,nan,nan,nan,nan, 1.697E-11, 1.741E-27, 1.740E-11
 2.092E+01, 2.230E+02, 4.510E-06, 3.300E-04, 5.506E-06, 1.555E-08, 1.661E-07, 1.016E-06, 2.090E-01, 6.809E+11, 1.022E-09, 1.631E-11, 4.346E-09, 1.064E-14, 5.162E-09, 3.778E-12, 2.092E-10, 7.077E-10, 1.738E-12, 3.000E-12, 6.526E-11, 8.477E-11, 6.608E-11, 1.610E-10, 7.810E-01, 1.085E-10, 1.451E-10, 8.523E-11, 6.005E-15, 8.539E-12, 1.000E-20, 1.000E-20, 1.000E-20, 1.000E-20, 1.000E-20, 1.000E-20, 1.000E-20, 1.000E-20, 1.000E-20, 1.000E-20, 1.000E-20, 1.000E-20, 1.000E-20, 1.000E-20, 1.000E-20, 1.000E-20, 1.000E-20, 1.000E-20, 1.000E-20, 1.000E-20, 8.213E-10, 3.013E-10,nan, 1.022E-11, 1.651E-11, 9.972E-11, 7.281E-12, 5.969E-12, 9.320E-10, 5.895E-09, 7.000E-11, 9.193E-11, 2.713E-12, 1.398E-12, 4.346E-09, 4.888E-15, 3.670E-14, 0.000E+00, 1.008E-12, 4.867E-12, 1.008E-12, 1.008E-12, 1.501E-12, 5.643E-12, 5.424E-12,nan,nan,nan,nan,nan, 1.631E-11, 1.158E-27, 1.733E-11
 1.858E+01, 2.237E+02, 4.554E-06, 3.300E-04, 5.705E-06, 1.584E-08, 1.612E-07, 9.967E-07, 2.090E-01, 6.026E+11, 1.195E-09, 1.570E-11, 4.657E-09, 9.790E-15, 4.933E-09, 4.596E-12, 2.231E-10, 7.367E-10, 1.753E-12, 3.000E-12, 7.834E-11, 7.287E-11, 7.011E-11, 1.764E-10, 7.810E-01, 1.061E-10, 1.216E-10, 9.713E-11, 4.723E-15, 6.665E-12, 1.000E-20, 1.000E-20, 1.000E-20, 1.000E-20, 1.000E-20, 1.000E-20, 1.000E-20, 1.000E-20, 1.000E-20, 1.000E-20, 1.000E-20, 1.000E-20, 1.000E-20, 1.000E-20, 1.000E-20, 1.000E-20, 1.000E-20, 1.000E-20, 1.000E-20, 1.000E-20, 8.463E-10, 3.015E-10,nan, 6.744E-12, 1.191E-11, 9.022E-11, 6.939E-12, 5.178E-12, 9.700E-10, 5.754E-09, 7.000E-11, 9.156E-11, 2.617E-12, 1.346E-12, 4.657E-09, 1.616E-15, 1.213E-14, 0.000E+00, 9.728E-13, 4.698E-12, 9.728E-13, 9.728E-13, 1.455E-12, 5.448E-12, 5.237E-12,nan,nan,nan,nan,nan, 1.570E-11, 6.190E-28, 1.726E-11
 1.643E+01, 2.245E+02, 4.602E-06, 3.300E-04, 5.940E-06, 1.618E-08, 1.557E-07, 9.736E-07, 2.090E-01, 5.309E+11, 1.494E-09, 1.503E-11, 5.057E-09, 8.818E-15, 4.623E-09, 6.225E-12, 2.397E-10, 7.943E-10, 1.786E-12, 3.000E-12, 1.031E-10, 6.016E-11, 7.488E-11, 1.952E-10, 7.810E-01, 1.036E-10, 9.852E-11, 1.090E-10, 3.803E-15, 5.082E-12, 1.000E-20, 1.000E-20, 1.000E-20, 1.000E-20, 1.000E-20, 1.000E-20, 1.000E-20, 1.000E-20, 1.000E-20, 1.000E-20, 1.000E-20, 1.000E-20, 1.000E-20, 1.000E-20, 1.000E-20, 1.000E-20, 1.000E-20, 1.000E-20, 1.000E-20, 1.000E-20, 8.375E-10, 2.862E-10,nan, 4.258E-12, 8.319E-12, 8.027E-11, 6.560E-12, 4.401E-12, 9.514E-10, 5.488E-09, 6.983E-11, 9.083E-11, 2.502E-12, 1.298E-12, 5.057E-09, 0.000E+00, 0.000E+00, 0.000E+00, 9.324E-13, 4.503E-12, 9.324E-13, 9.324E-13, 1.404E-12, 5.221E-12, 5.019E-12,nan,nan,nan,nan,nan, 1.503E-11, 3.525E-28, 1.719E-11
 1.446E+01, 2.254E+02, 4.657E-06, 3.300E-04, 6.212E-06, 1.659E-08, 1.494E-07, 9.470E-07, 2.090E-01, 4.654E+11, 1.917E-09, 1.431E-11, 5.545E-09, 7.725E-15, 4.232E-09, 8.650E-12, 2.589E-10, 8.801E-10, 1.836E-12, 3.000E-12, 1.394E-10, 4.663E-11, 8.038E-11, 2.172E-10, 7.810E-01, 1.008E-10, 7.579E-11, 1.210E-10, 3.235E-15, 3.779E-12, 1.000E-20, 1.000E-20, 1.000E-20, 1.000E-20, 1.000E-20, 1.000E-20, 1.000E-20, 1.000E-20, 1.000E-20, 1.000E-20, 1.000E-20, 1.000E-20, 1.000E-20, 1.000E-20, 1.000E-20, 1.000E-20, 1.000E-20, 1.000E-20, 1.000E-20, 1.000E-20, 7.956E-10, 2.558E-10,nan, 2.736E-12, 5.716E-12, 6.989E-11, 6.144E-12, 3.638E-12, 8.775E-10, 5.100E-09, 6.949E-11, 8.974E-11, 2.368E-12, 1.255E-12, 5.545E-09, 0.000E+00, 0.000E+00, 0.000E+00, 8.866E-13, 4.282E-12, 8.866E-13, 8.866E-13, 1.346E-12, 4.965E-12, 4.773E-12,nan,nan,nan,nan,nan, 1.431E-11, 3.514E-28, 1.711E-11
 1.265E+01, 2.262E+02, 4.706E-06, 3.300E-04, 6.460E-06, 1.696E-08, 1.437E-07, 9.227E-07, 2.090E-01, 4.055E+11, 2.304E-09, 1.365E-11, 5.992E-09, 6.726E-15, 3.874E-09, 1.087E-11, 2.764E-10, 9.585E-10, 1.883E-12, 3.000E-12, 1.725E-10, 3.425E-11, 8.541E-11, 2.374E-10, 7.810E-01, 9.826E-11, 5.501E-11, 1.319E-10, 2.715E-15, 2.588E-12, 1.000E-20, 1.000E-20, 1.000E-20, 1.000E-20, 1.000E-20, 1.000E-20, 1.000E-20, 1.000E-20, 1.000E-20, 1.000E-20, 1.000E-20, 1.000E-20, 1.000E-20, 1.000E-20, 1.000E-20, 1.000E-20, 1.000E-20, 1.000E-20, 1.000E-20, 1.000E-20, 7.572E-10, 2.280E-10,nan, 1.343E-12, 3.336E-12, 6.040E-11, 5.763E-12, 2.940E-12, 8.099E-10, 4.744E-09, 6.918E-11, 8.874E-11, 2.246E-12, 1.215E-12, 5.992E-09, 0.000E+00, 0.000E+00, 0.000E+00, 8.447E-13, 4.079E-12, 8.447E-13, 8.447E-13, 1.293E-12, 4.730E-12, 4.547E-12,nan,nan,nan,nan,nan, 1.365E-11, 3.504E-28, 1.704E-11
 1.100E+01, 2.273E+02, 4.751E-06, 3.300E-04, 6.766E-06, 1.746E-08, 1.351E-07, 8.918E-07, 2.090E-01, 3.490E+11, 2.991E-09, 1.306E-11, 6.433E-09, 5.655E-15, 3.441E-09, 1.750E-11, 2.926E-10, 1.064E-09, 1.994E-12, 3.000E-12, 2.298E-10, 2.504E-11, 9.087E-11, 2.583E-10, 7.810E-01, 9.550E-11, 3.957E-11, 1.360E-10, 2.348E-15, 1.804E-12, 1.000E-20, 1.000E-20, 1.000E-20, 1.000E-20, 1.000E-20, 1.000E-20, 1.000E-20, 1.000E-20, 1.000E-20, 1.000E-20, 1.000E-20, 1.000E-20, 1.000E-20, 1.000E-20, 1.000E-20, 1.000E-20, 1.000E-20, 1.000E-20, 1.000E-20, 1.000E-20, 6.688E-10, 1.908E-10,nan, 6.380E-13, 1.950E-12, 5.114E-11, 5.341E-12, 2.336E-12, 6.881E-10, 4.255E-09, 6.855E-11, 8.683E-11, 2.174E-12, 1.166E-12, 6.433E-09, 0.000E+00, 0.000E+00, 0.000E+00, 7.967E-13, 3.848E-12, 7.967E-13, 7.967E-13, 1.224E-12, 4.462E-12, 4.289E-12,nan,nan,nan,nan,nan, 1.306E-11, 3.490E-28, 1.694E-11
 9.512E+00, 2.286E+02, 4.791E-06, 3.300E-04, 7.096E-06, 1.803E-08, 1.250E-07, 8.582E-07, 2.090E-01, 2.965E+11, 3.827E-09, 1.254E-11, 6.855E-09, 4.582E-15, 2.978E-09, 2.647E-11, 3.075E-10, 1.181E-09, 2.138E-12, 3.000E-12, 2.989E-10, 1.801E-11, 9.637E-11, 2.788E-10, 7.810E-01, 9.273E-11, 2.780E-11, 1.360E-10, 2.083E-15, 1.285E-12, 1.000E-20, 1.000E-20, 1.000E-20, 1.000E-20, 1.000E-20, 1.000E-20, 1.000E-20, 1.000E-20, 1.000E-20, 1.000E-20, 1.000E-20, 1.000E-20, 1.000E-20, 1.000E-20, 1.000E-20, 1.000E-20, 1.000E-20, 1.000E-20, 1.000E-20, 1.000E-20, 5.545E-10, 1.497E-10,nan, 3.568E-13, 1.192E-12, 4.236E-11, 4.909E-12, 1.809E-12, 5.391E-10, 3.706E-09, 6.777E-11, 8.445E-11, 2.134E-12, 1.114E-12, 6.855E-09, 0.000E+00, 0.000E+00, 0.000E+00, 7.470E-13, 3.608E-12, 7.470E-13, 7.470E-13, 1.149E-12, 4.183E-12, 4.021E-12,nan,nan,nan,nan,nan, 1.254E-11, 3.474E-28, 1.684E-11
 8.165E+00, 2.299E+02, 4.828E-06, 3.300E-04, 7.390E-06, 1.856E-08, 1.156E-07, 8.269E-07, 2.090E-01, 2.496E+11, 4.626E-09, 1.208E-11, 7.213E-09, 3.611E-15, 2.555E-09, 3.582E-11, 3.210E-10, 1.291E-09, 2.281E-12, 3.000E-12, 3.626E-10, 1.181E-11, 1.014E-10, 2.969E-10, 7.810E-01, 9.019E-11, 1.751E-11, 1.352E-10, 1.847E-15, 8.303E-13, 1.000E-20, 1.000E-20, 1.000E-20, 1.000E-20, 1.000E-20, 1.000E-20, 1.000E-20, 1.000E-20, 1.000E-20, 1.000E-20, 1.000E-20, 1.000E-20, 1.000E-20, 1.000E-20, 1.000E-20, 1.000E-20, 1.000E-20, 1.000E-20, 1.000E-20, 1.000E-20, 4.490E-10, 1.126E-10,nan, 1.164E-13, 5.386E-13, 3.443E-11, 4.513E-12, 1.339E-12, 4.045E-10, 3.198E-09, 6.705E-11, 8.201E-11, 2.098E-12, 1.066E-12, 7.213E-09, 0.000E+00, 0.000E+00, 0.000E+00, 7.011E-13, 3.386E-12, 7.011E-13, 7.011E-13, 1.078E-12, 3.926E-12, 3.774E-12,nan,nan,nan,nan,nan, 1.208E-11, 3.459E-28, 1.674E-11
 6.957E+00, 2.332E+02, 4.864E-06, 3.300E-04, 7.613E-06, 1.932E-08, 1.042E-07, 7.865E-07, 2.090E-01, 2.129E+11, 5.882E-09, 1.184E-11, 7.246E-09, 2.716E-15, 2.098E-09, 5.964E-11, 3.345E-10, 1.430E-09, 2.550E-12, 3.000E-12, 4.352E-10, 8.064E-12, 1.062E-10, 3.090E-10, 7.810E-01, 8.740E-11, 1.243E-11, 1.241E-10, 1.684E-15, 5.864E-13, 1.000E-20, 1.000E-20, 1.000E-20, 1.000E-20, 1.000E-20, 1.000E-20, 1.000E-20, 1.000E-20, 1.000E-20, 1.000E-20, 1.000E-20, 1.000E-20, 1.000E-20, 1.000E-20, 1.000E-20, 1.000E-20, 1.000E-20, 1.000E-20, 1.000E-20, 1.000E-20, 3.248E-10, 7.944E-11,nan, 6.478E-14, 3.207E-13, 2.729E-11, 4.068E-12, 9.883E-13, 2.801E-10, 2.589E-09, 6.626E-11, 7.632E-11, 2.074E-12, 1.007E-12, 7.246E-09, 0.000E+00, 0.000E+00, 0.000E+00, 6.476E-13, 3.128E-12, 6.476E-13, 6.476E-13, 9.867E-13, 3.627E-12, 3.486E-12,nan,nan,nan,nan,nan, 1.184E-11, 3.439E-28, 1.663E-11
 5.878E+00, 2.361E+02, 4.896E-06, 3.300E-04, 7.813E-06, 2.001E-08, 9.399E-08, 7.504E-07, 2.090E-01, 1.801E+11, 7.003E-09, 1.163E-11, 7.276E-09, 1.917E-15, 1.690E-09, 8.091E-11, 3.465E-10, 1.555E-09, 2.791E-12, 3.000E-12, 5.001E-10, 4.718E-12, 1.105E-10, 3.197E-10, 7.810E-01, 8.490E-11, 7.903E-12, 1.142E-10, 1.538E-15, 3.686E-13, 1.000E-20, 1.000E-20, 1.000E-20, 1.000E-20, 1.000E-20, 1.000E-20, 1.000E-20, 1.000E-20, 1.000E-20, 1.000E-20, 1.000E-20, 1.000E-20, 1.000E-20, 1.000E-20, 1.000E-20, 1.000E-20, 1.000E-20, 1.000E-20, 1.000E-20, 1.000E-20, 2.140E-10, 4.987E-11,nan, 1.866E-14, 1.261E-13, 2.091E-11, 3.671E-12, 6.752E-13, 1.691E-10, 2.044E-09, 6.556E-11, 7.123E-11, 2.053E-12, 9.553E-13, 7.276E-09, 0.000E+00, 0.000E+00, 0.000E+00, 5.998E-13, 2.897E-12, 5.998E-13, 5.998E-13, 9.051E-13, 3.360E-12, 3.229E-12,nan,nan,nan,nan,nan, 1.163E-11, 3.422E-28, 1.653E-11
 4.920E+00, 2.398E+02, 4.924E-06, 3.300E-04, 7.819E-06, 2.111E-08, 8.025E-08, 7.052E-07, 2.090E-01, 1.508E+11, 8.205E-09, 1.184E-11, 6.786E-09, 1.387E-15, 1.315E-09, 1.254E-10, 3.596E-10, 1.628E-09, 3.241E-12, 3.000E-12, 5.559E-10, 2.998E-12, 1.120E-10, 3.128E-10, 7.810E-01, 8.247E-11, 5.258E-12, 9.949E-11, 1.423E-15, 2.413E-13, 1.000E-20, 1.000E-20, 1.000E-20, 1.000E-20, 1.000E-20, 1.000E-20, 1.000E-20, 1.000E-20, 1.000E-20, 1.000E-20, 1.000E-20, 1.000E-20, 1.000E-20, 1.000E-20, 1.000E-20, 1.000E-20, 1.000E-20, 1.000E-20, 1.000E-20, 1.000E-20, 1.318E-10, 3.087E-11,nan, 7.234E-15, 6.047E-14, 1.576E-11, 3.265E-12, 4.651E-13, 1.007E-10, 1.512E-09, 6.524E-11, 6.483E-11, 1.987E-12, 8.885E-13, 6.786E-09, 0.000E+00, 0.000E+00, 0.000E+00, 5.456E-13, 2.635E-12, 5.456E-13, 5.456E-13, 8.236E-13, 3.056E-12, 2.937E-12,nan,nan,nan,nan,nan, 1.184E-11, 3.405E-28, 1.644E-11
 4.077E+00, 2.433E+02, 4.949E-06, 3.300E-04, 7.801E-06, 2.216E-08, 6.748E-08, 6.636E-07, 2.090E-01, 1.249E+11, 9.294E-09, 1.209E-11, 6.282E-09, 9.449E-16, 9.822E-10, 1.682E-10, 3.715E-10, 1.687E-09, 3.672E-12, 3.000E-12, 6.049E-10, 1.657E-12, 1.130E-10, 3.044E-10, 7.810E-01, 8.029E-11, 3.121E-12, 8.569E-11, 1.324E-15, 1.384E-13, 1.000E-20, 1.000E-20, 1.000E-20, 1.000E-20, 1.000E-20, 1.000E-20, 1.000E-20, 1.000E-20, 1.000E-20, 1.000E-20, 1.000E-20, 1.000E-20, 1.000E-20, 1.000E-20, 1.000E-20, 1.000E-20, 1.000E-20, 1.000E-20, 1.000E-20, 1.000E-20, 6.167E-11, 1.515E-11,nan, 1.303E-15, 1.764E-14, 1.130E-11, 2.900E-12, 2.895E-13, 4.468E-11, 1.035E-09, 6.501E-11, 5.893E-11, 1.923E-12, 8.266E-13, 6.282E-09, 0.000E+00, 0.000E+00, 0.000E+00, 4.961E-13, 2.396E-12, 4.961E-13, 4.961E-13, 7.505E-13, 2.779E-12, 2.671E-12,nan,nan,nan,nan,nan, 1.209E-11, 3.391E-28, 1.635E-11
 3.340E+00, 2.476E+02, 4.995E-06, 3.300E-04, 7.500E-06, 2.386E-08, 5.386E-08, 6.031E-07, 2.090E-01, 9.941E+10, 1.045E-08, 1.300E-11, 4.924E-09, 5.472E-16, 7.073E-10, 2.389E-10, 3.858E-10, 1.720E-09, 4.421E-12, 3.000E-12, 5.998E-10, 1.043E-12, 1.070E-10, 2.704E-10, 7.810E-01, 7.786E-11, 2.005E-12, 7.227E-11, 1.236E-15, 8.599E-14, 1.000E-20, 1.000E-20, 1.000E-20, 1.000E-20, 1.000E-20, 1.000E-20, 1.000E-20, 1.000E-20, 1.000E-20, 1.000E-20, 1.000E-20, 1.000E-20, 1.000E-20, 1.000E-20, 1.000E-20, 1.000E-20, 1.000E-20, 1.000E-20, 1.000E-20, 1.000E-20, 2.879E-11, 7.799E-12,nan, 4.499E-16, 7.497E-15, 8.056E-12, 2.543E-12, 1.862E-13, 2.143E-11, 6.377E-10, 6.500E-11, 5.249E-11, 1.848E-12, 7.497E-13, 4.924E-09, 0.000E+00, 0.000E+00, 0.000E+00, 4.456E-13, 2.152E-12, 4.456E-13, 4.456E-13, 6.894E-13, 2.496E-12, 2.399E-12,nan,nan,nan,nan,nan, 1.300E-11, 3.372E-28, 1.628E-11
 2.701E+00, 2.518E+02, 5.051E-06, 3.300E-04, 7.069E-06, 2.566E-08, 4.143E-08, 5.423E-07, 2.090E-01, 7.784E+10, 1.135E-08, 1.421E-11, 3.640E-09, 2.506E-16, 4.741E-10, 3.104E-10, 3.981E-10, 1.744E-09, 5.166E-12, 3.000E-12, 5.610E-10, 6.215E-13, 9.807E-11, 2.304E-10, 7.810E-01, 7.561E-11, 1.225E-12, 6.118E-11, 1.159E-15, 4.731E-14, 1.000E-20, 1.000E-20, 1.000E-20, 1.000E-20, 1.000E-20, 1.000E-20, 1.000E-20, 1.000E-20, 1.000E-20, 1.000E-20, 1.000E-20, 1.000E-20, 1.000E-20, 1.000E-20, 1.000E-20, 1.000E-20, 1.000E-20, 1.000E-20, 1.000E-20, 1.000E-20, 7.245E-12, 2.820E-12,nan, 3.950E-17, 1.612E-15, 5.475E-12, 2.229E-12, 1.090E-13, 6.217E-12, 3.309E-10, 6.500E-11, 4.720E-11, 1.773E-12, 6.773E-13, 3.640E-09, 0.000E+00, 0.000E+00, 0.000E+00, 4.013E-13, 1.938E-12, 4.013E-13, 4.013E-13, 6.382E-13, 2.248E-12, 2.160E-12,nan,nan,nan,nan,nan, 1.421E-11, 3.356E-28, 1.623E-11
 2.153E+00, 2.565E+02, 5.136E-06, 3.300E-04, 6.326E-06, 2.787E-08, 2.952E-08, 4.731E-07, 2.090E-01, 6.089E+10, 1.182E-08, 1.617E-11, 2.382E-09, 1.108E-16, 2.841E-10, 3.922E-10, 4.083E-10, 1.758E-09, 5.991E-12, 3.000E-12, 4.515E-10, 4.619E-13, 8.218E-11, 1.736E-10, 7.810E-01, 7.338E-11, 9.205E-13, 5.307E-11, 1.091E-15, 2.608E-14, 1.000E-20, 1.000E-20, 1.000E-20, 1.000E-20, 1.000E-20, 1.000E-20, 1.000E-20, 1.000E-20, 1.000E-20, 1.000E-20, 1.000E-20, 1.000E-20, 1.000E-20, 1.000E-20, 1.000E-20, 1.000E-20, 1.000E-20, 1.000E-20, 1.000E-20, 1.000E-20, 2.175E-12, 1.165E-12,nan, 1.005E-17, 5.589E-16, 3.739E-12, 1.953E-12, 6.648E-14, 2.118E-12, 1.549E-10, 6.500E-11, 4.350E-11, 1.685E-12, 6.043E-13, 2.382E-09, 0.000E+00, 0.000E+00, 0.000E+00, 3.627E-13, 1.751E-12, 3.627E-13, 3.627E-13, 5.981E-13, 2.032E-12, 1.952E-12,nan,nan,nan,nan,nan, 1.617E-11, 3.342E-28, 1.620E-11
 1.687E+00, 2.618E+02, 5.199E-06, 3.300E-04, 5.578E-06, 3.097E-08, 1.991E-08, 3.970E-07, 2.090E-01, 4.681E+10, 1.177E-08, 1.945E-11, 1.502E-09, 4.959E-17, 1.662E-10, 4.748E-10, 4.172E-10, 1.780E-09, 6.602E-12, 3.000E-12, 3.138E-10, 3.688E-13, 5.899E-11, 1.204E-10, 7.810E-01, 7.103E-11, 7.373E-13, 4.692E-11, 1.026E-15, 1.457E-14, 1.000E-20, 1.000E-20, 1.000E-20, 1.000E-20, 1.000E-20, 1.000E-20, 1.000E-20, 1.000E-20, 1.000E-20, 1.000E-20, 1.000E-20, 1.000E-20, 1.000E-20, 1.000E-20, 1.000E-20, 1.000E-20, 1.000E-20, 1.000E-20, 1.000E-20, 1.000E-20, 5.603E-13, 4.524E-13,nan, 2.104E-18, 1.820E-16, 2.497E-12, 1.706E-12, 3.977E-14, 6.355E-13, 6.597E-11, 6.500E-11, 3.812E-11, 1.591E-12, 5.409E-13, 1.502E-09, 0.000E+00, 0.000E+00, 0.000E+00, 3.260E-13, 1.574E-12, 3.260E-13, 3.260E-13, 5.589E-13, 1.826E-12, 1.755E-12,nan,nan,nan,nan,nan, 1.945E-11, 3.320E-28, 1.615E-11
 1.297E+00, 2.673E+02, 5.237E-06, 3.300E-04, 4.694E-06, 3.471E-08, 1.275E-08, 3.216E-07, 2.090E-01, 3.525E+10, 1.136E-08, 2.424E-11, 9.161E-10, 2.168E-17, 9.974E-11, 5.439E-10, 4.224E-10, 1.795E-09, 6.961E-12, 3.000E-12, 2.051E-10, 3.079E-13, 3.279E-11, 7.411E-11, 7.810E-01, 6.855E-11, 6.158E-13, 4.131E-11, 9.666E-16, 8.549E-15, 1.000E-20, 1.000E-20, 1.000E-20, 1.000E-20, 1.000E-20, 1.000E-20, 1.000E-20, 1.000E-20, 1.000E-20, 1.000E-20, 1.000E-20, 1.000E-20, 1.000E-20, 1.000E-20, 1.000E-20, 1.000E-20, 1.000E-20, 1.000E-20, 1.000E-20, 1.000E-20, 9.233E-14, 1.449E-13,nan, 3.044E-19, 4.753E-17, 1.603E-12, 1.491E-12, 2.252E-14, 1.313E-13, 2.259E-11, 6.391E-11, 3.162E-11, 1.487E-12, 4.879E-13, 9.161E-10, 0.000E+00, 0.000E+00, 0.000E+00, 3.005E-13, 1.451E-12, 3.005E-13, 3.005E-13, 5.150E-13, 1.683E-12, 1.618E-12,nan,nan,nan,nan,nan, 2.424E-11, 3.300E-28, 1.609E-11
 9.753E-01, 2.706E+02, 5.240E-06, 3.300E-04, 3.707E-06, 4.063E-08, 7.562E-09, 2.509E-07, 2.090E-01, 2.612E+10, 1.073E-08, 3.080E-11, 5.784E-10, 1.070E-17, 6.856E-11, 6.167E-10, 4.244E-10, 1.800E-09, 7.104E-12, 3.000E-12, 1.356E-10, 2.670E-13, 1.190E-11, 3.982E-11, 7.810E-01, 6.594E-11, 5.341E-13, 3.674E-11, 9.140E-16, 5.851E-15, 1.000E-20, 1.000E-20, 1.000E-20, 1.000E-20, 1.000E-20, 1.000E-20, 1.000E-20, 1.000E-20, 1.000E-20, 1.000E-20, 1.000E-20, 1.000E-20, 1.000E-20, 1.000E-20, 1.000E-20, 1.000E-20, 1.000E-20, 1.000E-20, 1.000E-20, 1.000E-20, 1.220E-14, 4.295E-14,nan, 3.593E-20, 1.106E-17, 1.019E-12, 1.318E-12, 1.254E-14, 2.509E-14, 6.886E-12, 6.049E-11, 2.463E-11, 1.373E-12, 4.443E-13, 5.784E-10, 0.000E+00, 0.000E+00, 0.000E+00, 2.877E-13, 1.390E-12, 2.877E-13, 2.877E-13, 4.641E-13, 1.612E-12, 1.549E-12,nan,nan,nan,nan,nan, 3.080E-11, 3.282E-28, 1.600E-11
 7.140E-01, 2.685E+02, 5.197E-06, 3.300E-04, 2.808E-06, 5.056E-08, 4.358E-09, 1.999E-07, 2.090E-01, 1.921E+10, 1.026E-08, 3.791E-11, 4.196E-10, 6.606E-18, 5.303E-11, 7.375E-10, 4.250E-10, 1.800E-09, 7.142E-12, 3.000E-12, 9.791E-11, 2.427E-13, 4.403E-12, 2.299E-11, 7.810E-01, 6.381E-11, 4.855E-13, 3.511E-11, 8.740E-16, 4.526E-15, 1.000E-20, 1.000E-20, 1.000E-20, 1.000E-20, 1.000E-20, 1.000E-20, 1.000E-20, 1.000E-20, 1.000E-20, 1.000E-20, 1.000E-20, 1.000E-20, 1.000E-20, 1.000E-20, 1.000E-20, 1.000E-20, 1.000E-20, 1.000E-20, 1.000E-20, 1.000E-20, 1.454E-15, 1.350E-14,nan, 4.461E-21, 2.930E-18, 6.830E-13, 1.187E-12, 7.478E-15, 5.215E-15, 2.297E-12, 5.602E-11, 1.921E-11, 1.251E-12, 4.049E-13, 4.196E-10, 0.000E+00, 0.000E+00, 0.000E+00, 2.803E-13, 1.354E-12, 2.803E-13, 2.803E-13, 4.134E-13, 1.570E-12, 1.509E-12,nan,nan,nan,nan,nan, 3.791E-11, 3.259E-28, 1.589E-11
 5.064E-01, 2.630E+02, 5.127E-06, 3.300E-04, 2.084E-06, 6.193E-08, 3.382E-09, 1.748E-07, 2.090E-01, 1.389E+10, 1.014E-08, 4.365E-11, 3.617E-10, 5.309E-18, 4.690E-11, 8.923E-10, 4.250E-10, 1.800E-09, 7.148E-12, 3.000E-12, 8.281E-11, 2.321E-13, 2.677E-12, 1.725E-11, 7.810E-01, 6.258E-11, 4.643E-13, 3.589E-11, 8.517E-16, 3.997E-15, 1.000E-20, 1.000E-20, 1.000E-20, 1.000E-20, 1.000E-20, 1.000E-20, 1.000E-20, 1.000E-20, 1.000E-20, 1.000E-20, 1.000E-20, 1.000E-20, 1.000E-20, 1.000E-20, 1.000E-20, 1.000E-20, 1.000E-20, 1.000E-20, 1.000E-20, 1.000E-20, 4.598E-16, 5.589E-15,nan, 1.420E-21, 1.125E-18, 4.708E-13, 1.079E-12, 4.656E-15, 1.817E-15, 1.070E-12, 5.358E-11, 1.625E-11, 1.128E-12, 3.676E-13, 3.617E-10, 0.000E+00, 0.000E+00, 0.000E+00, 2.714E-13, 1.311E-12, 2.714E-13, 2.714E-13, 3.728E-13, 1.520E-12, 1.461E-12,nan,nan,nan,nan,nan, 4.365E-11, 3.231E-28, 1.579E-11
 3.454E-01, 2.555E+02, 4.965E-06, 3.300E-04, 1.530E-06, 8.220E-08, 2.639E-09, 1.592E-07, 2.090E-01, 9.730E+09, 1.010E-08, 4.806E-11, 3.181E-10, 4.359E-18, 4.214E-11, 1.265E-09, 4.250E-10, 1.800E-09, 7.150E-12, 3.000E-12, 7.153E-11, 2.234E-13, 1.633E-12, 1.326E-11, 7.810E-01, 6.137E-11, 4.467E-13, 4.250E-11, 8.302E-16, 3.593E-15, 1.000E-20, 1.000E-20, 1.000E-20, 1.000E-20, 1.000E-20, 1.000E-20, 1.000E-20, 1.000E-20, 1.000E-20, 1.000E-20, 1.000E-20, 1.000E-20, 1.000E-20, 1.000E-20, 1.000E-20, 1.000E-20, 1.000E-20, 1.000E-20, 1.000E-20, 1.000E-20, 4.426E-17, 1.669E-15,nan, 1.419E-22, 2.694E-19, 3.081E-13, 9.703E-13, 2.682E-15, 3.011E-16, 4.347E-13, 5.161E-11, 1.304E-11, 1.009E-12, 3.314E-13, 3.181E-10, 0.000E+00, 0.000E+00, 0.000E+00, 2.670E-13, 1.289E-12, 2.670E-13, 2.670E-13, 3.397E-13, 1.495E-12, 1.437E-12,nan,nan,nan,nan,nan, 4.806E-11, 2.922E-28, 1.569E-11
 2.244E-01, 2.474E+02, 4.759E-06, 3.300E-04, 1.118E-06, 1.062E-07, 2.090E-09, 1.504E-07, 2.090E-01, 6.567E+09, 1.010E-08, 5.135E-11, 2.864E-10, 3.690E-18, 3.856E-11, 1.739E-09, 4.250E-10, 1.800E-09, 7.150E-12, 3.000E-12, 6.336E-11, 2.163E-13, 1.075E-12, 1.062E-11, 7.810E-01, 6.025E-11, 4.326E-13, 5.207E-11, 8.109E-16, 3.293E-15, 1.000E-20, 1.000E-20, 1.000E-20, 1.000E-20, 1.000E-20, 1.000E-20, 1.000E-20, 1.000E-20, 1.000E-20, 1.000E-20, 1.000E-20, 1.000E-20, 1.000E-20, 1.000E-20, 1.000E-20, 1.000E-20, 1.000E-20, 1.000E-20, 1.000E-20, 1.000E-20, 4.641E-18, 4.217E-16,nan, 1.095E-23, 4.470E-20, 1.872E-13, 8.690E-13, 1.363E-15, 2.047E-17, 1.990E-13, 5.007E-11, 9.915E-12, 9.018E-13, 2.985E-13, 2.864E-10, 0.000E+00, 0.000E+00, 0.000E+00, 2.656E-13, 1.282E-12, 2.656E-13, 2.656E-13, 3.135E-13, 1.487E-12, 1.429E-12,nan,nan,nan,nan,nan, 5.135E-11, 2.470E-28, 1.560E-11
 1.370E-01, 2.368E+02, 4.340E-06, 3.300E-04, 8.016E-07, 1.662E-07, 1.649E-09, 1.500E-07, 2.090E-01, 4.158E+09, 1.025E-08, 5.120E-11, 2.611E-10, 3.168E-18, 3.579E-11, 3.237E-09, 4.250E-10, 1.800E-09, 7.150E-12, 3.000E-12, 5.718E-11, 2.100E-13, 7.785E-13, 8.889E-12, 7.810E-01, 5.916E-11, 4.208E-13, 1.073E-10, 7.899E-16, 3.056E-15, 1.000E-20, 1.000E-20, 1.000E-20, 1.000E-20, 1.000E-20, 1.000E-20, 1.000E-20, 1.000E-20, 1.000E-20, 1.000E-20, 1.000E-20, 1.000E-20, 1.000E-20, 1.000E-20, 1.000E-20, 1.000E-20, 1.000E-20, 1.000E-20, 1.000E-20, 1.000E-20, 8.914E-19, 1.520E-16,nan, 1.421E-24, 1.131E-20, 1.078E-13, 7.522E-13, 6.752E-16, 2.155E-18, 8.454E-14, 4.732E-11, 3.752E-12, 7.844E-13, 2.619E-13, 2.611E-10, 0.000E+00, 0.000E+00, 0.000E+00, 2.674E-13, 1.291E-12, 2.674E-13, 2.674E-13, 2.810E-13, 1.497E-12, 1.439E-12,nan,nan,nan,nan,nan, 5.120E-11, 2.032E-28, 1.548E-11
 7.688E-02, 2.256E+02, 3.804E-06, 3.300E-04, 4.738E-07, 2.539E-07, 1.305E-09, 1.500E-07, 2.090E-01, 2.446E+09, 1.098E-08, 4.663E-11, 2.406E-10, 2.757E-18, 3.366E-11, 5.691E-09, 4.250E-10, 1.800E-09, 7.150E-12, 3.000E-12, 5.249E-11, 2.052E-13, 5.887E-13, 7.644E-12, 7.810E-01, 5.806E-11, 4.102E-13, 2.680E-10, 7.700E-16, 2.873E-15, 1.000E-20, 1.000E-20, 1.000E-20, 1.000E-20, 1.000E-20, 1.000E-20, 1.000E-20, 1.000E-20, 1.000E-20, 1.000E-20, 1.000E-20, 1.000E-20, 1.000E-20, 1.000E-20, 1.000E-20, 1.000E-20, 1.000E-20, 1.000E-20, 1.000E-20, 1.000E-20, 1.116E-19, 5.230E-17,nan, 7.562E-26, 1.592E-21, 5.532E-14, 6.382E-13, 2.810E-16, 8.460E-20, 2.711E-14, 4.272E-11, 7.386E-13, 6.747E-13, 2.279E-13, 2.406E-10, 0.000E+00, 0.000E+00, 0.000E+00, 2.692E-13, 1.300E-12, 2.692E-13, 2.692E-13, 2.419E-13, 1.507E-12, 1.449E-12,nan,nan,nan,nan,nan, 4.663E-11, 1.754E-28, 1.531E-11
 3.838E-02, 2.141E+02, 3.169E-06, 3.300E-04, 2.755E-07, 4.684E-07, 1.022E-09, 1.500E-07, 2.090E-01, 1.288E+09, 1.375E-08, 3.590E-11, 2.232E-10, 2.423E-18, 3.197E-11, 9.155E-09, 4.250E-10, 1.800E-09, 7.150E-12, 3.000E-12, 4.883E-11, 2.006E-13, 4.660E-13, 6.728E-12, 7.810E-01, 5.686E-11, 4.006E-13, 7.411E-10, 7.502E-16, 2.726E-15, 1.000E-20, 1.000E-20, 1.000E-20, 1.000E-20, 1.000E-20, 1.000E-20, 1.000E-20, 1.000E-20, 1.000E-20, 1.000E-20, 1.000E-20, 1.000E-20, 1.000E-20, 1.000E-20, 1.000E-20, 1.000E-20, 1.000E-20, 1.000E-20, 1.000E-20, 1.000E-20, 1.702E-20, 1.962E-17,nan, 1.671E-27, 1.317E-22, 2.427E-14, 5.216E-13, 9.396E-17, 1.357E-21, 6.301E-15, 3.745E-11, 0.000E+00, 5.686E-13, 1.943E-13, 2.232E-10, 0.000E+00, 0.000E+00, 0.000E+00, 2.713E-13, 1.310E-12, 2.713E-13, 2.713E-13, 1.926E-13, 1.519E-12, 1.460E-12,nan,nan,nan,nan,nan, 3.590E-11, 8.415E-29, 1.505E-11
 1.606E-02, 2.026E+02, 2.369E-06, 3.288E-04, 2.794E-07, 1.143E-06, 7.812E-10, 1.500E-07, 2.090E-01, 5.693E+08, 2.239E-08, 1.948E-11, 2.074E-10, 2.135E-18, 3.055E-11, 1.126E-08, 4.250E-10, 1.800E-09, 7.150E-12, 3.000E-12, 4.585E-11, 1.962E-13, 3.790E-13, 6.007E-12, 7.810E-01, 5.549E-11, 3.919E-13, 1.637E-09, 7.300E-16, 2.601E-15, 1.000E-20, 1.000E-20, 1.000E-20, 1.000E-20, 1.000E-20, 1.000E-20, 1.000E-20, 1.000E-20, 1.000E-20, 1.000E-20, 1.000E-20, 1.000E-20, 1.000E-20, 1.000E-20, 1.000E-20, 1.000E-20, 1.000E-20, 1.000E-20, 1.000E-20, 1.000E-20, 1.358E-21, 3.073E-18,nan, 4.053E-29, 9.380E-24, 8.617E-15, 3.975E-13, 2.446E-17, 1.552E-23, 1.580E-15, 3.250E-11, 0.000E+00, 2.710E-13, 7.354E-14, 2.074E-10, 0.000E+00, 0.000E+00, 0.000E+00, 2.725E-13, 1.316E-12, 2.725E-13, 2.725E-13, 1.401E-13, 1.526E-12, 1.467E-12,nan,nan,nan,nan,nan, 1.948E-11, 0.000E+00, 1.470E-11
