H2O,CO2,O3,CO,N2O,CH4,O2,NO,SO2,NO2,NH3,HNO3,OH,HF,HCL,HBR,HI,CLO,OCS,H2CO,HOCL,N2,HCN,CH3CL,H2O2,C2H2,C2H6,PH3,COF2,SF6,H2S,HCOOH,HO2,O,CLONO2,NOPLUS,HOBR,C2H4,CH3OH,CH3BR,CH3CN,CF4,C4H2,HC3N,H2,CS,SO3,XS
7.592E+023,7.627E+023,7.629E+023,7.629E+023,7.629E+023,7.629E+023,6.035E+023,7.629E+023,7.629E+023,7.629E+023,7.629E+023,7.629E+023,7.629E+023,7.629E+023,7.629E+023,7.629E+023,7.629E+023,7.629E+023,7.629E+023,7.629E+023,7.629E+023,1.671E+023,7.629E+023,7.629E+023,7.629E+023,7.629E+023,7.629E+023,7.629E+023,7.629E+023,7.629E+023,7.629E+023,7.629E+023,7.629E+023,7.629E+023,7.629E+023,7.629E+023,7.629E+023,7.629E+023,7.629E+023,7.629E+023,7.629E+023,7.629E+023,7.629E+023,7.629E+023,7.629E+023,7.629E+023,7.629E+023,7.629E+023
5.886E+023,5.911E+023,5.913E+023,5.913E+023,5.913E+023,5.913E+023,4.677E+023,5.913E+023,5.913E+023,5.913E+023,5.913E+023,5.913E+023,5.913E+023,5.913E+023,5.913E+023,5.913E+023,5.913E+023,5.913E+023,5.913E+023,5.913E+023,5.913E+023,1.295E+023,5.913E+023,5.913E+023,5.913E+023,5.913E+023,5.913E+023,5.913E+023,5.913E+023,5.913E+023,5.913E+023,5.913E+023,5.913E+023,5.913E+023,5.913E+023,5.913E+023,5.913E+023,5.913E+023,5.913E+023,5.913E+023,5.913E+023,5.913E+023,5.913E+023,5.913E+023,5.913E+023,5.913E+023,5.913E+023,5.913E+023
5.803E+023,5.827E+023,5.829E+023,5.829E+023,5.829E+023,5.829E+023,4.611E+023,5.829E+023,5.829E+023,5.829E+023,5.829E+023,5.829E+023,5.829E+023,5.829E+023,5.829E+023,5.829E+023,5.829E+023,5.829E+023,5.829E+023,5.829E+023,5.829E+023,1.277E+023,5.829E+023,5.829E+023,5.829E+023,5.829E+023,5.829E+023,5.829E+023,5.829E+023,5.829E+023,5.829E+023,5.829E+023,5.829E+023,5.829E+023,5.829E+023,5.829E+023,5.829E+023,5.829E+023,5.829E+023,5.829E+023,5.829E+023,5.829E+023,5.829E+023,5.829E+023,5.829E+023,5.829E+023,5.829E+023,5.829E+023
5.721E+023,5.743E+023,5.745E+023,5.745E+023,5.745E+023,5.745E+023,4.544E+023,5.745E+023,5.745E+023,5.745E+023,5.745E+023,5.745E+023,5.745E+023,5.745E+023,5.745E+023,5.745E+023,5.745E+023,5.745E+023,5.745E+023,5.745E+023,5.745E+023,1.258E+023,5.745E+023,5.745E+023,5.745E+023,5.745E+023,5.745E+023,5.745E+023,5.745E+023,5.745E+023,5.745E+023,5.745E+023,5.745E+023,5.745E+023,5.745E+023,5.745E+023,5.745E+023,5.745E+023,5.745E+023,5.745E+023,5.745E+023,5.745E+023,5.745E+023,5.745E+023,5.745E+023,5.745E+023,5.745E+023,5.745E+023
5.617E+023,5.637E+023,5.639E+023,5.639E+023,5.639E+023,5.639E+023,4.46E+023,5.639E+023,5.639E+023,5.639E+023,5.639E+023,5.639E+023,5.639E+023,5.639E+023,5.639E+023,5.639E+023,5.639E+023,5.639E+023,5.639E+023,5.639E+023,5.639E+023,1.235E+023,5.639E+023,5.639E+023,5.639E+023,5.639E+023,5.639E+023,5.639E+023,5.639E+023,5.639E+023,5.639E+023,5.639E+023,5.639E+023,5.639E+023,5.639E+023,5.639E+023,5.639E+023,5.639E+023,5.639E+023,5.639E+023,5.639E+023,5.639E+023,5.639E+023,5.639E+023,5.639E+023,5.639E+023,5.639E+023,5.639E+023
5.555E+023,5.574E+023,5.576E+023,5.576E+023,5.576E+023,5.576E+023,4.41E+023,5.576E+023,5.576E+023,5.576E+023,5.576E+023,5.576E+023,5.576E+023,5.576E+023,5.576E+023,5.576E+023,5.576E+023,5.576E+023,5.576E+023,5.576E+023,5.576E+023,1.221E+023,5.576E+023,5.576E+023,5.576E+023,5.576E+023,5.576E+023,5.576E+023,5.576E+023,5.576E+023,5.576E+023,5.576E+023,5.576E+023,5.576E+023,5.576E+023,5.576E+023,5.576E+023,5.576E+023,5.576E+023,5.576E+023,5.576E+023,5.576E+023,5.576E+023,5.576E+023,5.576E+023,5.576E+023,5.576E+023,5.576E+023
5.451E+023,5.468E+023,5.47E+023,5.47E+023,5.47E+023,5.47E+023,4.327E+023,5.47E+023,5.47E+023,5.47E+023,5.47E+023,5.47E+023,5.47E+023,5.47E+023,5.47E+023,5.47E+023,5.47E+023,5.47E+023,5.47E+023,5.47E+023,5.47E+023,1.198E+023,5.47E+023,5.47E+023,5.47E+023,5.47E+023,5.47E+023,5.47E+023,5.47E+023,5.47E+023,5.47E+023,5.47E+023,5.47E+023,5.47E+023,5.47E+023,5.47E+023,5.47E+023,5.47E+023,5.47E+023,5.47E+023,5.47E+023,5.47E+023,5.47E+023,5.47E+023,5.47E+023,5.47E+023,5.47E+023,5.47E+023
5.368E+023,5.384E+023,5.386E+023,5.386E+023,5.386E+023,5.386E+023,4.26E+023,5.386E+023,5.386E+023,5.386E+023,5.386E+023,5.386E+023,5.386E+023,5.386E+023,5.386E+023,5.386E+023,5.386E+023,5.386E+023,5.386E+023,5.386E+023,5.386E+023,1.179E+023,5.386E+023,5.386E+023,5.386E+023,5.386E+023,5.386E+023,5.386E+023,5.386E+023,5.386E+023,5.386E+023,5.386E+023,5.386E+023,5.386E+023,5.386E+023,5.386E+023,5.386E+023,5.386E+023,5.386E+023,5.386E+023,5.386E+023,5.386E+023,5.386E+023,5.386E+023,5.386E+023,5.386E+023,5.386E+023,5.386E+023
5.285E+023,5.3E+023,5.301E+023,5.301E+023,5.301E+023,5.301E+023,4.193E+023,5.301E+023,5.301E+023,5.301E+023,5.301E+023,5.301E+023,5.301E+023,5.301E+023,5.301E+023,5.301E+023,5.301E+023,5.301E+023,5.301E+023,5.301E+023,5.301E+023,1.161E+023,5.301E+023,5.301E+023,5.301E+023,5.301E+023,5.301E+023,5.301E+023,5.301E+023,5.301E+023,5.301E+023,5.301E+023,5.301E+023,5.301E+023,5.301E+023,5.301E+023,5.301E+023,5.301E+023,5.301E+023,5.301E+023,5.301E+023,5.301E+023,5.301E+023,5.301E+023,5.301E+023,5.301E+023,5.301E+023,5.301E+023
5.202E+023,5.215E+023,5.217E+023,5.217E+023,5.217E+023,5.217E+023,4.127E+023,5.217E+023,5.217E+023,5.217E+023,5.217E+023,5.217E+023,5.217E+023,5.217E+023,5.217E+023,5.217E+023,5.217E+023,5.217E+023,5.217E+023,5.217E+023,5.217E+023,1.143E+023,5.217E+023,5.217E+023,5.217E+023,5.217E+023,5.217E+023,5.217E+023,5.217E+023,5.217E+023,5.217E+023,5.217E+023,5.217E+023,5.217E+023,5.217E+023,5.217E+023,5.217E+023,5.217E+023,5.217E+023,5.217E+023,5.217E+023,5.217E+023,5.217E+023,5.217E+023,5.217E+023,5.217E+023,5.217E+023,5.217E+023
5.119E+023,5.131E+023,5.133E+023,5.133E+023,5.133E+023,5.132E+023,4.06E+023,5.133E+023,5.133E+023,5.133E+023,5.133E+023,5.133E+023,5.133E+023,5.133E+023,5.133E+023,5.133E+023,5.133E+023,5.133E+023,5.133E+023,5.133E+023,5.133E+023,1.124E+023,5.133E+023,5.133E+023,5.133E+023,5.133E+023,5.133E+023,5.133E+023,5.133E+023,5.133E+023,5.133E+023,5.133E+023,5.133E+023,5.133E+023,5.133E+023,5.133E+023,5.133E+023,5.133E+023,5.133E+023,5.133E+023,5.133E+023,5.133E+023,5.133E+023,5.133E+023,5.133E+023,5.133E+023,5.133E+023,5.133E+023
5.015E+023,5.025E+023,5.027E+023,5.027E+023,5.027E+023,5.027E+023,3.976E+023,5.027E+023,5.027E+023,5.027E+023,5.027E+023,5.027E+023,5.027E+023,5.027E+023,5.027E+023,5.027E+023,5.027E+023,5.027E+023,5.027E+023,5.027E+023,5.027E+023,1.101E+023,5.027E+023,5.027E+023,5.027E+023,5.027E+023,5.027E+023,5.027E+023,5.027E+023,5.027E+023,5.027E+023,5.027E+023,5.027E+023,5.027E+023,5.027E+023,5.027E+023,5.027E+023,5.027E+023,5.027E+023,5.027E+023,5.027E+023,5.027E+023,5.027E+023,5.027E+023,5.027E+023,5.027E+023,5.027E+023,5.027E+023
4.932E+023,4.941E+023,4.942E+023,4.942E+023,4.942E+023,4.942E+023,3.909E+023,4.942E+023,4.942E+023,4.942E+023,4.942E+023,4.942E+023,4.942E+023,4.942E+023,4.942E+023,4.942E+023,4.942E+023,4.942E+023,4.942E+023,4.942E+023,4.942E+023,1.082E+023,4.942E+023,4.942E+023,4.942E+023,4.942E+023,4.942E+023,4.942E+023,4.942E+023,4.942E+023,4.942E+023,4.942E+023,4.942E+023,4.942E+023,4.942E+023,4.942E+023,4.942E+023,4.942E+023,4.942E+023,4.942E+023,4.942E+023,4.942E+023,4.942E+023,4.942E+023,4.942E+023,4.942E+023,4.942E+023,4.942E+023
4.849E+023,4.856E+023,4.858E+023,4.858E+023,4.858E+023,4.858E+023,3.843E+023,4.858E+023,4.858E+023,4.858E+023,4.858E+023,4.858E+023,4.858E+023,4.858E+023,4.858E+023,4.858E+023,4.858E+023,4.858E+023,4.858E+023,4.858E+023,4.858E+023,1.064E+023,4.858E+023,4.858E+023,4.858E+023,4.858E+023,4.858E+023,4.858E+023,4.858E+023,4.858E+023,4.858E+023,4.858E+023,4.858E+023,4.858E+023,4.858E+023,4.858E+023,4.858E+023,4.858E+023,4.858E+023,4.858E+023,4.858E+023,4.858E+023,4.858E+023,4.858E+023,4.858E+023,4.858E+023,4.858E+023,4.858E+023
4.765E+023,4.772E+023,4.773E+023,4.773E+023,4.773E+023,4.773E+023,3.776E+023,4.773E+023,4.773E+023,4.773E+023,4.773E+023,4.773E+023,4.773E+023,4.773E+023,4.773E+023,4.773E+023,4.773E+023,4.773E+023,4.773E+023,4.773E+023,4.773E+023,1.045E+023,4.773E+023,4.773E+023,4.773E+023,4.773E+023,4.773E+023,4.773E+023,4.773E+023,4.773E+023,4.773E+023,4.773E+023,4.773E+023,4.773E+023,4.773E+023,4.773E+023,4.773E+023,4.773E+023,4.773E+023,4.773E+023,4.773E+023,4.773E+023,4.773E+023,4.773E+023,4.773E+023,4.773E+023,4.773E+023,4.773E+023
4.681E+023,4.687E+023,4.689E+023,4.689E+023,4.689E+023,4.689E+023,3.709E+023,4.689E+023,4.689E+023,4.689E+023,4.689E+023,4.689E+023,4.689E+023,4.689E+023,4.689E+023,4.689E+023,4.689E+023,4.689E+023,4.689E+023,4.689E+023,4.689E+023,1.027E+023,4.689E+023,4.689E+023,4.689E+023,4.689E+023,4.689E+023,4.689E+023,4.689E+023,4.689E+023,4.689E+023,4.689E+023,4.689E+023,4.689E+023,4.689E+023,4.689E+023,4.689E+023,4.689E+023,4.689E+023,4.689E+023,4.689E+023,4.689E+023,4.689E+023,4.689E+023,4.689E+023,4.689E+023,4.689E+023,4.689E+023
4.577E+023,4.582E+023,4.583E+023,4.583E+023,4.583E+023,4.583E+023,3.625E+023,4.583E+023,4.583E+023,4.583E+023,4.583E+023,4.583E+023,4.583E+023,4.583E+023,4.583E+023,4.583E+023,4.583E+023,4.583E+023,4.583E+023,4.583E+023,4.583E+023,1.004E+023,4.583E+023,4.583E+023,4.583E+023,4.583E+023,4.583E+023,4.583E+023,4.583E+023,4.583E+023,4.583E+023,4.583E+023,4.583E+023,4.583E+023,4.583E+023,4.583E+023,4.583E+023,4.583E+023,4.583E+023,4.583E+023,4.583E+023,4.583E+023,4.583E+023,4.583E+023,4.583E+023,4.583E+023,4.583E+023,4.583E+023
4.493E+023,4.497E+023,4.499E+023,4.499E+023,4.499E+023,4.499E+023,3.559E+023,4.499E+023,4.499E+023,4.499E+023,4.499E+023,4.499E+023,4.499E+023,4.499E+023,4.499E+023,4.499E+023,4.499E+023,4.499E+023,4.499E+023,4.499E+023,4.499E+023,9.852E+022,4.499E+023,4.499E+023,4.499E+023,4.499E+023,4.499E+023,4.499E+023,4.499E+023,4.499E+023,4.499E+023,4.499E+023,4.499E+023,4.499E+023,4.499E+023,4.499E+023,4.499E+023,4.499E+023,4.499E+023,4.499E+023,4.499E+023,4.499E+023,4.499E+023,4.499E+023,4.499E+023,4.499E+023,4.499E+023,4.499E+023
4.409E+023,4.413E+023,4.414E+023,4.414E+023,4.414E+023,4.414E+023,3.492E+023,4.414E+023,4.414E+023,4.414E+023,4.414E+023,4.414E+023,4.414E+023,4.414E+023,4.414E+023,4.414E+023,4.414E+023,4.414E+023,4.414E+023,4.414E+023,4.414E+023,9.667E+022,4.414E+023,4.414E+023,4.414E+023,4.414E+023,4.414E+023,4.414E+023,4.414E+023,4.414E+023,4.414E+023,4.414E+023,4.414E+023,4.414E+023,4.414E+023,4.414E+023,4.414E+023,4.414E+023,4.414E+023,4.414E+023,4.414E+023,4.414E+023,4.414E+023,4.414E+023,4.414E+023,4.414E+023,4.414E+023,4.414E+023
4.304E+023,4.307E+023,4.308E+023,4.308E+023,4.308E+023,4.308E+023,3.408E+023,4.308E+023,4.308E+023,4.308E+023,4.308E+023,4.308E+023,4.308E+023,4.308E+023,4.308E+023,4.308E+023,4.308E+023,4.308E+023,4.308E+023,4.308E+023,4.308E+023,9.436E+022,4.308E+023,4.308E+023,4.308E+023,4.308E+023,4.308E+023,4.308E+023,4.308E+023,4.308E+023,4.308E+023,4.308E+023,4.308E+023,4.308E+023,4.308E+023,4.308E+023,4.308E+023,4.308E+023,4.308E+023,4.308E+023,4.308E+023,4.308E+023,4.308E+023,4.308E+023,4.308E+023,4.308E+023,4.308E+023,4.308E+023
4.241E+023,4.244E+023,4.245E+023,4.245E+023,4.245E+023,4.245E+023,3.358E+023,4.245E+023,4.245E+023,4.245E+023,4.245E+023,4.245E+023,4.245E+023,4.245E+023,4.245E+023,4.245E+023,4.245E+023,4.245E+023,4.245E+023,4.245E+023,4.245E+023,9.297E+022,4.245E+023,4.245E+023,4.245E+023,4.245E+023,4.245E+023,4.245E+023,4.245E+023,4.245E+023,4.245E+023,4.245E+023,4.245E+023,4.245E+023,4.245E+023,4.245E+023,4.245E+023,4.245E+023,4.245E+023,4.245E+023,4.245E+023,4.245E+023,4.245E+023,4.245E+023,4.245E+023,4.245E+023,4.245E+023,4.245E+023
4.136E+023,4.138E+023,4.139E+023,4.139E+023,4.139E+023,4.139E+023,3.274E+023,4.139E+023,4.139E+023,4.139E+023,4.139E+023,4.139E+023,4.139E+023,4.139E+023,4.139E+023,4.139E+023,4.139E+023,4.139E+023,4.139E+023,4.139E+023,4.139E+023,9.065E+022,4.139E+023,4.139E+023,4.139E+023,4.139E+023,4.139E+023,4.139E+023,4.139E+023,4.139E+023,4.139E+023,4.139E+023,4.139E+023,4.139E+023,4.139E+023,4.139E+023,4.139E+023,4.139E+023,4.139E+023,4.139E+023,4.139E+023,4.139E+023,4.139E+023,4.139E+023,4.139E+023,4.139E+023,4.139E+023,4.139E+023
4.052E+023,4.054E+023,4.055E+023,4.055E+023,4.055E+023,4.055E+023,3.207E+023,4.055E+023,4.055E+023,4.055E+023,4.055E+023,4.055E+023,4.055E+023,4.055E+023,4.055E+023,4.055E+023,4.055E+023,4.055E+023,4.055E+023,4.055E+023,4.055E+023,8.88E+022,4.055E+023,4.055E+023,4.055E+023,4.055E+023,4.055E+023,4.055E+023,4.055E+023,4.055E+023,4.055E+023,4.055E+023,4.055E+023,4.055E+023,4.055E+023,4.055E+023,4.055E+023,4.055E+023,4.055E+023,4.055E+023,4.055E+023,4.055E+023,4.055E+023,4.055E+023,4.055E+023,4.055E+023,4.055E+023,4.055E+023
3.947E+023,3.948E+023,3.949E+023,3.949E+023,3.949E+023,3.949E+023,3.124E+023,3.949E+023,3.949E+023,3.949E+023,3.949E+023,3.949E+023,3.949E+023,3.949E+023,3.949E+023,3.949E+023,3.949E+023,3.949E+023,3.949E+023,3.949E+023,3.949E+023,8.648E+022,3.949E+023,3.949E+023,3.949E+023,3.949E+023,3.949E+023,3.949E+023,3.949E+023,3.949E+023,3.949E+023,3.949E+023,3.949E+023,3.949E+023,3.949E+023,3.949E+023,3.949E+023,3.949E+023,3.949E+023,3.949E+023,3.949E+023,3.949E+023,3.949E+023,3.949E+023,3.949E+023,3.949E+023,3.949E+023,3.949E+023
3.884E+023,3.884E+023,3.886E+023,3.886E+023,3.886E+023,3.886E+023,3.074E+023,3.886E+023,3.886E+023,3.886E+023,3.886E+023,3.886E+023,3.886E+023,3.886E+023,3.886E+023,3.886E+023,3.886E+023,3.886E+023,3.886E+023,3.886E+023,3.886E+023,8.51E+022,3.886E+023,3.886E+023,3.886E+023,3.886E+023,3.886E+023,3.886E+023,3.886E+023,3.886E+023,3.886E+023,3.886E+023,3.886E+023,3.886E+023,3.886E+023,3.886E+023,3.886E+023,3.886E+023,3.886E+023,3.886E+023,3.886E+023,3.886E+023,3.886E+023,3.886E+023,3.886E+023,3.886E+023,3.886E+023,3.886E+023
3.778E+023,3.779E+023,3.78E+023,3.78E+023,3.78E+023,3.78E+023,2.99E+023,3.78E+023,3.78E+023,3.78E+023,3.78E+023,3.78E+023,3.78E+023,3.78E+023,3.78E+023,3.78E+023,3.78E+023,3.78E+023,3.78E+023,3.78E+023,3.78E+023,8.278E+022,3.78E+023,3.78E+023,3.78E+023,3.78E+023,3.78E+023,3.78E+023,3.78E+023,3.78E+023,3.78E+023,3.78E+023,3.78E+023,3.78E+023,3.78E+023,3.78E+023,3.78E+023,3.78E+023,3.78E+023,3.78E+023,3.78E+023,3.78E+023,3.78E+023,3.78E+023,3.78E+023,3.78E+023,3.78E+023,3.78E+023
3.694E+023,3.694E+023,3.695E+023,3.695E+023,3.695E+023,3.695E+023,2.923E+023,3.695E+023,3.695E+023,3.695E+023,3.695E+023,3.695E+023,3.695E+023,3.695E+023,3.695E+023,3.695E+023,3.695E+023,3.695E+023,3.695E+023,3.695E+023,3.695E+023,8.093E+022,3.695E+023,3.695E+023,3.695E+023,3.695E+023,3.695E+023,3.695E+023,3.695E+023,3.695E+023,3.695E+023,3.695E+023,3.695E+023,3.695E+023,3.695E+023,3.695E+023,3.695E+023,3.695E+023,3.695E+023,3.695E+023,3.695E+023,3.695E+023,3.695E+023,3.695E+023,3.695E+023,3.695E+023,3.695E+023,3.695E+023
3.609E+023,3.609E+023,3.611E+023,3.611E+023,3.611E+023,3.611E+023,2.856E+023,3.611E+023,3.611E+023,3.611E+023,3.611E+023,3.611E+023,3.611E+023,3.611E+023,3.611E+023,3.611E+023,3.611E+023,3.611E+023,3.611E+023,3.611E+023,3.611E+023,7.907E+022,3.611E+023,3.611E+023,3.611E+023,3.611E+023,3.611E+023,3.611E+023,3.611E+023,3.611E+023,3.611E+023,3.611E+023,3.611E+023,3.611E+023,3.611E+023,3.611E+023,3.611E+023,3.611E+023,3.611E+023,3.611E+023,3.611E+023,3.611E+023,3.611E+023,3.611E+023,3.611E+023,3.611E+023,3.611E+023,3.611E+023
3.525E+023,3.525E+023,3.526E+023,3.526E+023,3.526E+023,3.526E+023,2.789E+023,3.526E+023,3.526E+023,3.526E+023,3.526E+023,3.526E+023,3.526E+023,3.526E+023,3.526E+023,3.526E+023,3.526E+023,3.526E+023,3.526E+023,3.526E+023,3.526E+023,7.722E+022,3.526E+023,3.526E+023,3.526E+023,3.526E+023,3.526E+023,3.526E+023,3.526E+023,3.526E+023,3.526E+023,3.526E+023,3.526E+023,3.526E+023,3.526E+023,3.526E+023,3.526E+023,3.526E+023,3.526E+023,3.526E+023,3.526E+023,3.526E+023,3.526E+023,3.526E+023,3.526E+023,3.526E+023,3.526E+023,3.526E+023
3.44E+023,3.44E+023,3.441E+023,3.441E+023,3.441E+023,3.441E+023,2.722E+023,3.441E+023,3.441E+023,3.441E+023,3.441E+023,3.441E+023,3.441E+023,3.441E+023,3.441E+023,3.441E+023,3.441E+023,3.441E+023,3.441E+023,3.441E+023,3.441E+023,7.537E+022,3.441E+023,3.441E+023,3.441E+023,3.441E+023,3.441E+023,3.441E+023,3.441E+023,3.441E+023,3.441E+023,3.441E+023,3.441E+023,3.441E+023,3.441E+023,3.441E+023,3.441E+023,3.441E+023,3.441E+023,3.441E+023,3.441E+023,3.441E+023,3.441E+023,3.441E+023,3.441E+023,3.441E+023,3.441E+023,3.441E+023
3.335E+023,3.334E+023,3.335E+023,3.335E+023,3.335E+023,3.335E+023,2.638E+023,3.335E+023,3.335E+023,3.335E+023,3.335E+023,3.335E+023,3.335E+023,3.335E+023,3.335E+023,3.335E+023,3.335E+023,3.335E+023,3.335E+023,3.335E+023,3.335E+023,7.305E+022,3.335E+023,3.335E+023,3.335E+023,3.335E+023,3.335E+023,3.335E+023,3.335E+023,3.335E+023,3.335E+023,3.335E+023,3.335E+023,3.335E+023,3.335E+023,3.335E+023,3.335E+023,3.335E+023,3.335E+023,3.335E+023,3.335E+023,3.335E+023,3.335E+023,3.335E+023,3.335E+023,3.335E+023,3.335E+023,3.335E+023
3.271E+023,3.271E+023,3.272E+023,3.272E+023,3.272E+023,3.272E+023,2.588E+023,3.272E+023,3.272E+023,3.272E+023,3.272E+023,3.272E+023,3.272E+023,3.272E+023,3.272E+023,3.272E+023,3.272E+023,3.272E+023,3.272E+023,3.272E+023,3.272E+023,7.166E+022,3.272E+023,3.272E+023,3.272E+023,3.272E+023,3.272E+023,3.272E+023,3.272E+023,3.272E+023,3.272E+023,3.272E+023,3.272E+023,3.272E+023,3.272E+023,3.272E+023,3.272E+023,3.272E+023,3.272E+023,3.272E+023,3.272E+023,3.272E+023,3.272E+023,3.272E+023,3.272E+023,3.272E+023,3.272E+023,3.272E+023
3.166E+023,3.165E+023,3.166E+023,3.166E+023,3.166E+023,3.166E+023,2.504E+023,3.166E+023,3.166E+023,3.166E+023,3.166E+023,3.166E+023,3.166E+023,3.166E+023,3.166E+023,3.166E+023,3.166E+023,3.166E+023,3.166E+023,3.166E+023,3.166E+023,6.934E+022,3.166E+023,3.166E+023,3.166E+023,3.166E+023,3.166E+023,3.166E+023,3.166E+023,3.166E+023,3.166E+023,3.166E+023,3.166E+023,3.166E+023,3.166E+023,3.166E+023,3.166E+023,3.166E+023,3.166E+023,3.166E+023,3.166E+023,3.166E+023,3.166E+023,3.166E+023,3.166E+023,3.166E+023,3.166E+023,3.166E+023
3.102E+023,3.102E+023,3.103E+023,3.103E+023,3.103E+023,3.103E+023,2.454E+023,3.103E+023,3.103E+023,3.103E+023,3.103E+023,3.103E+023,3.103E+023,3.103E+023,3.103E+023,3.103E+023,3.103E+023,3.103E+023,3.103E+023,3.103E+023,3.103E+023,6.795E+022,3.103E+023,3.103E+023,3.103E+023,3.103E+023,3.103E+023,3.103E+023,3.103E+023,3.103E+023,3.103E+023,3.103E+023,3.103E+023,3.103E+023,3.103E+023,3.103E+023,3.103E+023,3.103E+023,3.103E+023,3.103E+023,3.103E+023,3.103E+023,3.103E+023,3.103E+023,3.103E+023,3.103E+023,3.103E+023,3.103E+023
2.996E+023,2.996E+023,2.997E+023,2.997E+023,2.997E+023,2.997E+023,2.37E+023,2.997E+023,2.997E+023,2.997E+023,2.997E+023,2.997E+023,2.997E+023,2.997E+023,2.997E+023,2.997E+023,2.997E+023,2.997E+023,2.997E+023,2.997E+023,2.997E+023,6.563E+022,2.997E+023,2.997E+023,2.997E+023,2.997E+023,2.997E+023,2.997E+023,2.997E+023,2.997E+023,2.997E+023,2.997E+023,2.997E+023,2.997E+023,2.997E+023,2.997E+023,2.997E+023,2.997E+023,2.997E+023,2.997E+023,2.997E+023,2.997E+023,2.997E+023,2.997E+023,2.997E+023,2.997E+023,2.997E+023,2.997E+023
2.912E+023,2.911E+023,2.912E+023,2.912E+023,2.912E+023,2.912E+023,2.303E+023,2.912E+023,2.912E+023,2.912E+023,2.912E+023,2.912E+023,2.912E+023,2.912E+023,2.912E+023,2.912E+023,2.912E+023,2.912E+023,2.912E+023,2.912E+023,2.912E+023,6.377E+022,2.912E+023,2.912E+023,2.912E+023,2.912E+023,2.912E+023,2.912E+023,2.912E+023,2.912E+023,2.912E+023,2.912E+023,2.912E+023,2.912E+023,2.912E+023,2.912E+023,2.912E+023,2.912E+023,2.912E+023,2.912E+023,2.912E+023,2.912E+023,2.912E+023,2.912E+023,2.912E+023,2.912E+023,2.912E+023,2.912E+023
2.848E+023,2.848E+023,2.849E+023,2.849E+023,2.849E+023,2.849E+023,2.253E+023,2.849E+023,2.849E+023,2.849E+023,2.849E+023,2.849E+023,2.849E+023,2.849E+023,2.849E+023,2.849E+023,2.849E+023,2.849E+023,2.849E+023,2.849E+023,2.849E+023,6.238E+022,2.849E+023,2.849E+023,2.849E+023,2.849E+023,2.849E+023,2.849E+023,2.849E+023,2.849E+023,2.849E+023,2.849E+023,2.849E+023,2.849E+023,2.849E+023,2.849E+023,2.849E+023,2.849E+023,2.849E+023,2.849E+023,2.849E+023,2.849E+023,2.849E+023,2.849E+023,2.849E+023,2.849E+023,2.849E+023,2.849E+023
2.742E+023,2.742E+023,2.743E+023,2.743E+023,2.743E+023,2.743E+023,2.169E+023,2.743E+023,2.743E+023,2.743E+023,2.743E+023,2.743E+023,2.743E+023,2.743E+023,2.743E+023,2.743E+023,2.743E+023,2.743E+023,2.743E+023,2.743E+023,2.743E+023,6.006E+022,2.743E+023,2.743E+023,2.743E+023,2.743E+023,2.743E+023,2.743E+023,2.743E+023,2.743E+023,2.743E+023,2.743E+023,2.743E+023,2.743E+023,2.743E+023,2.743E+023,2.743E+023,2.743E+023,2.743E+023,2.743E+023,2.743E+023,2.743E+023,2.743E+023,2.743E+023,2.743E+023,2.743E+023,2.743E+023,2.743E+023
2.679E+023,2.678E+023,2.679E+023,2.679E+023,2.679E+023,2.679E+023,2.119E+023,2.679E+023,2.679E+023,2.679E+023,2.679E+023,2.679E+023,2.679E+023,2.679E+023,2.679E+023,2.679E+023,2.679E+023,2.679E+023,2.679E+023,2.679E+023,2.679E+023,5.867E+022,2.679E+023,2.679E+023,2.679E+023,2.679E+023,2.679E+023,2.679E+023,2.679E+023,2.679E+023,2.679E+023,2.679E+023,2.679E+023,2.679E+023,2.679E+023,2.679E+023,2.679E+023,2.679E+023,2.679E+023,2.679E+023,2.679E+023,2.679E+023,2.679E+023,2.679E+023,2.679E+023,2.679E+023,2.679E+023,2.679E+023
2.594E+023,2.593E+023,2.594E+023,2.594E+023,2.594E+023,2.594E+023,2.052E+023,2.594E+023,2.594E+023,2.594E+023,2.594E+023,2.594E+023,2.594E+023,2.594E+023,2.594E+023,2.594E+023,2.594E+023,2.594E+023,2.594E+023,2.594E+023,2.594E+023,5.681E+022,2.594E+023,2.594E+023,2.594E+023,2.594E+023,2.594E+023,2.594E+023,2.594E+023,2.594E+023,2.594E+023,2.594E+023,2.594E+023,2.594E+023,2.594E+023,2.594E+023,2.594E+023,2.594E+023,2.594E+023,2.594E+023,2.594E+023,2.594E+023,2.594E+023,2.594E+023,2.594E+023,2.594E+023,2.594E+023,2.594E+023
2.509E+023,2.509E+023,2.51E+023,2.51E+023,2.51E+023,2.509E+023,1.985E+023,2.51E+023,2.51E+023,2.51E+023,2.51E+023,2.51E+023,2.51E+023,2.51E+023,2.51E+023,2.51E+023,2.51E+023,2.51E+023,2.51E+023,2.51E+023,2.51E+023,5.496E+022,2.51E+023,2.51E+023,2.51E+023,2.51E+023,2.51E+023,2.51E+023,2.51E+023,2.51E+023,2.51E+023,2.51E+023,2.51E+023,2.51E+023,2.51E+023,2.51E+023,2.51E+023,2.51E+023,2.51E+023,2.51E+023,2.51E+023,2.51E+023,2.51E+023,2.51E+023,2.51E+023,2.51E+023,2.51E+023,2.51E+023
2.425E+023,2.424E+023,2.425E+023,2.425E+023,2.425E+023,2.425E+023,1.918E+023,2.425E+023,2.425E+023,2.425E+023,2.425E+023,2.425E+023,2.425E+023,2.425E+023,2.425E+023,2.425E+023,2.425E+023,2.425E+023,2.425E+023,2.425E+023,2.425E+023,5.31E+022,2.425E+023,2.425E+023,2.425E+023,2.425E+023,2.425E+023,2.425E+023,2.425E+023,2.425E+023,2.425E+023,2.425E+023,2.425E+023,2.425E+023,2.425E+023,2.425E+023,2.425E+023,2.425E+023,2.425E+023,2.425E+023,2.425E+023,2.425E+023,2.425E+023,2.425E+023,2.425E+023,2.425E+023,2.425E+023,2.425E+023
2.34E+023,2.339E+023,2.34E+023,2.34E+023,2.34E+023,2.34E+023,1.851E+023,2.34E+023,2.34E+023,2.34E+023,2.34E+023,2.34E+023,2.34E+023,2.34E+023,2.34E+023,2.34E+023,2.34E+023,2.34E+023,2.34E+023,2.34E+023,2.34E+023,5.125E+022,2.34E+023,2.34E+023,2.34E+023,2.34E+023,2.34E+023,2.34E+023,2.34E+023,2.34E+023,2.34E+023,2.34E+023,2.34E+023,2.34E+023,2.34E+023,2.34E+023,2.34E+023,2.34E+023,2.34E+023,2.34E+023,2.34E+023,2.34E+023,2.34E+023,2.34E+023,2.34E+023,2.34E+023,2.34E+023,2.34E+023
2.276E+023,2.276E+023,2.276E+023,2.276E+023,2.276E+023,2.276E+023,1.801E+023,2.276E+023,2.276E+023,2.276E+023,2.276E+023,2.276E+023,2.276E+023,2.276E+023,2.276E+023,2.276E+023,2.276E+023,2.276E+023,2.276E+023,2.276E+023,2.276E+023,4.985E+022,2.276E+023,2.276E+023,2.276E+023,2.276E+023,2.276E+023,2.276E+023,2.276E+023,2.276E+023,2.276E+023,2.276E+023,2.276E+023,2.276E+023,2.276E+023,2.276E+023,2.276E+023,2.276E+023,2.276E+023,2.276E+023,2.276E+023,2.276E+023,2.276E+023,2.276E+023,2.276E+023,2.276E+023,2.276E+023,2.276E+023
2.192E+023,2.191E+023,2.192E+023,2.192E+023,2.192E+023,2.192E+023,1.734E+023,2.192E+023,2.192E+023,2.192E+023,2.192E+023,2.192E+023,2.192E+023,2.192E+023,2.192E+023,2.192E+023,2.192E+023,2.192E+023,2.192E+023,2.192E+023,2.192E+023,4.8E+022,2.192E+023,2.192E+023,2.192E+023,2.192E+023,2.192E+023,2.192E+023,2.192E+023,2.192E+023,2.192E+023,2.192E+023,2.192E+023,2.192E+023,2.192E+023,2.192E+023,2.192E+023,2.192E+023,2.192E+023,2.192E+023,2.192E+023,2.192E+023,2.192E+023,2.192E+023,2.192E+023,2.192E+023,2.192E+023,2.192E+023
2.107E+023,2.106E+023,2.107E+023,2.107E+023,2.107E+023,2.107E+023,1.666E+023,2.107E+023,2.107E+023,2.107E+023,2.107E+023,2.107E+023,2.107E+023,2.107E+023,2.107E+023,2.107E+023,2.107E+023,2.107E+023,2.107E+023,2.107E+023,2.107E+023,4.614E+022,2.107E+023,2.107E+023,2.107E+023,2.107E+023,2.107E+023,2.107E+023,2.107E+023,2.107E+023,2.107E+023,2.107E+023,2.107E+023,2.107E+023,2.107E+023,2.107E+023,2.107E+023,2.107E+023,2.107E+023,2.107E+023,2.107E+023,2.107E+023,2.107E+023,2.107E+023,2.107E+023,2.107E+023,2.107E+023,2.107E+023
2.043E+023,2.043E+023,2.043E+023,2.043E+023,2.043E+023,2.043E+023,1.616E+023,2.043E+023,2.043E+023,2.043E+023,2.043E+023,2.043E+023,2.043E+023,2.043E+023,2.043E+023,2.043E+023,2.043E+023,2.043E+023,2.043E+023,2.043E+023,2.043E+023,4.475E+022,2.043E+023,2.043E+023,2.043E+023,2.043E+023,2.043E+023,2.043E+023,2.043E+023,2.043E+023,2.043E+023,2.043E+023,2.043E+023,2.043E+023,2.043E+023,2.043E+023,2.043E+023,2.043E+023,2.043E+023,2.043E+023,2.043E+023,2.043E+023,2.043E+023,2.043E+023,2.043E+023,2.043E+023,2.043E+023,2.043E+023
1.958E+023,1.958E+023,1.958E+023,1.958E+023,1.958E+023,1.958E+023,1.549E+023,1.958E+023,1.958E+023,1.958E+023,1.958E+023,1.958E+023,1.958E+023,1.958E+023,1.958E+023,1.958E+023,1.958E+023,1.958E+023,1.958E+023,1.958E+023,1.958E+023,4.289E+022,1.958E+023,1.958E+023,1.958E+023,1.958E+023,1.958E+023,1.958E+023,1.958E+023,1.958E+023,1.958E+023,1.958E+023,1.958E+023,1.958E+023,1.958E+023,1.958E+023,1.958E+023,1.958E+023,1.958E+023,1.958E+023,1.958E+023,1.958E+023,1.958E+023,1.958E+023,1.958E+023,1.958E+023,1.958E+023,1.958E+023
1.895E+023,1.894E+023,1.895E+023,1.895E+023,1.895E+023,1.895E+023,1.499E+023,1.895E+023,1.895E+023,1.895E+023,1.895E+023,1.895E+023,1.895E+023,1.895E+023,1.895E+023,1.895E+023,1.895E+023,1.895E+023,1.895E+023,1.895E+023,1.895E+023,4.149E+022,1.895E+023,1.895E+023,1.895E+023,1.895E+023,1.895E+023,1.895E+023,1.895E+023,1.895E+023,1.895E+023,1.895E+023,1.895E+023,1.895E+023,1.895E+023,1.895E+023,1.895E+023,1.895E+023,1.895E+023,1.895E+023,1.895E+023,1.895E+023,1.895E+023,1.895E+023,1.895E+023,1.895E+023,1.895E+023,1.895E+023
1.831E+023,1.83E+023,1.831E+023,1.831E+023,1.831E+023,1.831E+023,1.448E+023,1.831E+023,1.831E+023,1.831E+023,1.831E+023,1.831E+023,1.831E+023,1.831E+023,1.831E+023,1.831E+023,1.831E+023,1.831E+023,1.831E+023,1.831E+023,1.831E+023,4.01E+022,1.831E+023,1.831E+023,1.831E+023,1.831E+023,1.831E+023,1.831E+023,1.831E+023,1.831E+023,1.831E+023,1.831E+023,1.831E+023,1.831E+023,1.831E+023,1.831E+023,1.831E+023,1.831E+023,1.831E+023,1.831E+023,1.831E+023,1.831E+023,1.831E+023,1.831E+023,1.831E+023,1.831E+023,1.831E+023,1.831E+023
1.746E+023,1.746E+023,1.746E+023,1.746E+023,1.746E+023,1.746E+023,1.381E+023,1.746E+023,1.746E+023,1.746E+023,1.746E+023,1.746E+023,1.746E+023,1.746E+023,1.746E+023,1.746E+023,1.746E+023,1.746E+023,1.746E+023,1.746E+023,1.746E+023,3.824E+022,1.746E+023,1.746E+023,1.746E+023,1.746E+023,1.746E+023,1.746E+023,1.746E+023,1.746E+023,1.746E+023,1.746E+023,1.746E+023,1.746E+023,1.746E+023,1.746E+023,1.746E+023,1.746E+023,1.746E+023,1.746E+023,1.746E+023,1.746E+023,1.746E+023,1.746E+023,1.746E+023,1.746E+023,1.746E+023,1.746E+023
1.661E+023,1.661E+023,1.661E+023,1.661E+023,1.661E+023,1.661E+023,1.314E+023,1.661E+023,1.661E+023,1.661E+023,1.661E+023,1.661E+023,1.661E+023,1.661E+023,1.661E+023,1.661E+023,1.661E+023,1.661E+023,1.661E+023,1.661E+023,1.661E+023,3.638E+022,1.661E+023,1.661E+023,1.661E+023,1.661E+023,1.661E+023,1.661E+023,1.661E+023,1.661E+023,1.661E+023,1.661E+023,1.661E+023,1.661E+023,1.661E+023,1.661E+023,1.661E+023,1.661E+023,1.661E+023,1.661E+023,1.661E+023,1.661E+023,1.661E+023,1.661E+023,1.661E+023,1.661E+023,1.661E+023,1.661E+023
1.619E+023,1.618E+023,1.619E+023,1.619E+023,1.619E+023,1.619E+023,1.281E+023,1.619E+023,1.619E+023,1.619E+023,1.619E+023,1.619E+023,1.619E+023,1.619E+023,1.619E+023,1.619E+023,1.619E+023,1.619E+023,1.619E+023,1.619E+023,1.619E+023,3.545E+022,1.619E+023,1.619E+023,1.619E+023,1.619E+023,1.619E+023,1.619E+023,1.619E+023,1.619E+023,1.619E+023,1.619E+023,1.619E+023,1.619E+023,1.619E+023,1.619E+023,1.619E+023,1.619E+023,1.619E+023,1.619E+023,1.619E+023,1.619E+023,1.619E+023,1.619E+023,1.619E+023,1.619E+023,1.619E+023,1.619E+023
1.534E+023,1.533E+023,1.534E+023,1.534E+023,1.534E+023,1.534E+023,1.213E+023,1.534E+023,1.534E+023,1.534E+023,1.534E+023,1.534E+023,1.534E+023,1.534E+023,1.534E+023,1.534E+023,1.534E+023,1.534E+023,1.534E+023,1.534E+023,1.534E+023,3.359E+022,1.534E+023,1.534E+023,1.534E+023,1.534E+023,1.534E+023,1.534E+023,1.534E+023,1.534E+023,1.534E+023,1.534E+023,1.534E+023,1.534E+023,1.534E+023,1.534E+023,1.534E+023,1.534E+023,1.534E+023,1.534E+023,1.534E+023,1.534E+023,1.534E+023,1.534E+023,1.534E+023,1.534E+023,1.534E+023,1.534E+023
1.468E+023,1.468E+023,1.468E+023,1.468E+023,1.468E+023,1.468E+023,1.161E+023,1.468E+023,1.468E+023,1.468E+023,1.468E+023,1.468E+023,1.468E+023,1.468E+023,1.468E+023,1.468E+023,1.468E+023,1.468E+023,1.468E+023,1.468E+023,1.468E+023,3.215E+022,1.468E+023,1.468E+023,1.468E+023,1.468E+023,1.468E+023,1.468E+023,1.468E+023,1.468E+023,1.468E+023,1.468E+023,1.468E+023,1.468E+023,1.468E+023,1.468E+023,1.468E+023,1.468E+023,1.468E+023,1.468E+023,1.468E+023,1.468E+023,1.468E+023,1.468E+023,1.468E+023,1.468E+023,1.468E+023,1.468E+023
1.404E+023,1.404E+023,1.404E+023,1.404E+023,1.404E+023,1.404E+023,1.111E+023,1.404E+023,1.404E+023,1.404E+023,1.404E+023,1.404E+023,1.404E+023,1.404E+023,1.404E+023,1.404E+023,1.404E+023,1.404E+023,1.404E+023,1.404E+023,1.404E+023,3.075E+022,1.404E+023,1.404E+023,1.404E+023,1.404E+023,1.404E+023,1.404E+023,1.404E+023,1.404E+023,1.404E+023,1.404E+023,1.404E+023,1.404E+023,1.404E+023,1.404E+023,1.404E+023,1.404E+023,1.404E+023,1.404E+023,1.404E+023,1.404E+023,1.404E+023,1.404E+023,1.404E+023,1.404E+023,1.404E+023,1.404E+023
1.341E+023,1.34E+023,1.341E+023,1.341E+023,1.341E+023,1.341E+023,1.06E+023,1.341E+023,1.341E+023,1.341E+023,1.341E+023,1.341E+023,1.341E+023,1.341E+023,1.341E+023,1.341E+023,1.341E+023,1.341E+023,1.341E+023,1.341E+023,1.341E+023,2.936E+022,1.341E+023,1.341E+023,1.341E+023,1.341E+023,1.341E+023,1.341E+023,1.341E+023,1.341E+023,1.341E+023,1.341E+023,1.341E+023,1.341E+023,1.341E+023,1.341E+023,1.341E+023,1.341E+023,1.341E+023,1.341E+023,1.341E+023,1.341E+023,1.341E+023,1.341E+023,1.341E+023,1.341E+023,1.341E+023,1.341E+023
1.277E+023,1.276E+023,1.277E+023,1.277E+023,1.277E+023,1.277E+023,1.01E+023,1.277E+023,1.277E+023,1.277E+023,1.277E+023,1.277E+023,1.277E+023,1.277E+023,1.277E+023,1.277E+023,1.277E+023,1.277E+023,1.277E+023,1.277E+023,1.277E+023,2.796E+022,1.277E+023,1.277E+023,1.277E+023,1.277E+023,1.277E+023,1.277E+023,1.277E+023,1.277E+023,1.277E+023,1.277E+023,1.277E+023,1.277E+023,1.277E+023,1.277E+023,1.277E+023,1.277E+023,1.277E+023,1.277E+023,1.277E+023,1.277E+023,1.277E+023,1.277E+023,1.277E+023,1.277E+023,1.277E+023,1.277E+023
1.215E+023,1.215E+023,1.215E+023,1.215E+023,1.215E+023,1.215E+023,9.613E+022,1.215E+023,1.215E+023,1.215E+023,1.215E+023,1.215E+023,1.215E+023,1.215E+023,1.215E+023,1.215E+023,1.215E+023,1.215E+023,1.215E+023,1.215E+023,1.215E+023,2.661E+022,1.215E+023,1.215E+023,1.215E+023,1.215E+023,1.215E+023,1.215E+023,1.215E+023,1.215E+023,1.215E+023,1.215E+023,1.215E+023,1.215E+023,1.215E+023,1.215E+023,1.215E+023,1.215E+023,1.215E+023,1.215E+023,1.215E+023,1.215E+023,1.215E+023,1.215E+023,1.215E+023,1.215E+023,1.215E+023,1.215E+023
1.154E+023,1.153E+023,1.154E+023,1.154E+023,1.154E+023,1.154E+023,9.125E+022,1.154E+023,1.154E+023,1.154E+023,1.154E+023,1.154E+023,1.154E+023,1.154E+023,1.154E+023,1.154E+023,1.154E+023,1.154E+023,1.154E+023,1.154E+023,1.154E+023,2.526E+022,1.154E+023,1.154E+023,1.154E+023,1.154E+023,1.154E+023,1.154E+023,1.154E+023,1.154E+023,1.154E+023,1.154E+023,1.154E+023,1.154E+023,1.154E+023,1.154E+023,1.154E+023,1.154E+023,1.154E+023,1.154E+023,1.154E+023,1.154E+023,1.154E+023,1.154E+023,1.154E+023,1.154E+023,1.154E+023,1.154E+023
1.096E+023,1.096E+023,1.096E+023,1.096E+023,1.096E+023,1.096E+023,8.671E+022,1.096E+023,1.096E+023,1.096E+023,1.096E+023,1.096E+023,1.096E+023,1.096E+023,1.096E+023,1.096E+023,1.096E+023,1.096E+023,1.096E+023,1.096E+023,1.096E+023,2.401E+022,1.096E+023,1.096E+023,1.096E+023,1.096E+023,1.096E+023,1.096E+023,1.096E+023,1.096E+023,1.096E+023,1.096E+023,1.096E+023,1.096E+023,1.096E+023,1.096E+023,1.096E+023,1.096E+023,1.096E+023,1.096E+023,1.096E+023,1.096E+023,1.096E+023,1.096E+023,1.096E+023,1.096E+023,1.096E+023,1.096E+023
1.037E+023,1.036E+023,1.037E+023,1.037E+023,1.037E+023,1.037E+023,8.2E+022,1.037E+023,1.037E+023,1.037E+023,1.037E+023,1.037E+023,1.037E+023,1.037E+023,1.037E+023,1.037E+023,1.037E+023,1.037E+023,1.037E+023,1.037E+023,1.037E+023,2.27E+022,1.037E+023,1.037E+023,1.037E+023,1.037E+023,1.037E+023,1.037E+023,1.037E+023,1.037E+023,1.037E+023,1.037E+023,1.037E+023,1.037E+023,1.037E+023,1.037E+023,1.037E+023,1.037E+023,1.037E+023,1.037E+023,1.037E+023,1.037E+023,1.037E+023,1.037E+023,1.037E+023,1.037E+023,1.037E+023,1.037E+023
9.814E+022,9.811E+022,9.814E+022,9.814E+022,9.814E+022,9.814E+022,7.763E+022,9.814E+022,9.814E+022,9.814E+022,9.814E+022,9.814E+022,9.814E+022,9.814E+022,9.814E+022,9.814E+022,9.814E+022,9.814E+022,9.814E+022,9.814E+022,9.814E+022,2.149E+022,9.814E+022,9.814E+022,9.814E+022,9.814E+022,9.814E+022,9.814E+022,9.814E+022,9.814E+022,9.814E+022,9.814E+022,9.814E+022,9.814E+022,9.814E+022,9.814E+022,9.814E+022,9.814E+022,9.814E+022,9.814E+022,9.814E+022,9.814E+022,9.814E+022,9.814E+022,9.814E+022,9.814E+022,9.814E+022,9.814E+022
9.261E+022,9.258E+022,9.261E+022,9.261E+022,9.261E+022,9.261E+022,7.325E+022,9.261E+022,9.261E+022,9.261E+022,9.261E+022,9.261E+022,9.261E+022,9.261E+022,9.261E+022,9.261E+022,9.261E+022,9.261E+022,9.261E+022,9.261E+022,9.261E+022,2.028E+022,9.261E+022,9.261E+022,9.261E+022,9.261E+022,9.261E+022,9.261E+022,9.261E+022,9.261E+022,9.261E+022,9.261E+022,9.261E+022,9.261E+022,9.261E+022,9.261E+022,9.261E+022,9.261E+022,9.261E+022,9.261E+022,9.261E+022,9.261E+022,9.261E+022,9.261E+022,9.261E+022,9.261E+022,9.261E+022,9.261E+022
8.729E+022,8.726E+022,8.729E+022,8.729E+022,8.729E+022,8.729E+022,6.905E+022,8.729E+022,8.729E+022,8.729E+022,8.729E+022,8.729E+022,8.729E+022,8.729E+022,8.729E+022,8.729E+022,8.729E+022,8.729E+022,8.729E+022,8.729E+022,8.729E+022,1.912E+022,8.729E+022,8.729E+022,8.729E+022,8.729E+022,8.729E+022,8.729E+022,8.729E+022,8.729E+022,8.729E+022,8.729E+022,8.729E+022,8.729E+022,8.729E+022,8.729E+022,8.729E+022,8.729E+022,8.729E+022,8.729E+022,8.729E+022,8.729E+022,8.729E+022,8.729E+022,8.729E+022,8.729E+022,8.729E+022,8.729E+022
8.197E+022,8.194E+022,8.197E+022,8.197E+022,8.197E+022,8.197E+022,6.484E+022,8.197E+022,8.197E+022,8.197E+022,8.197E+022,8.197E+022,8.197E+022,8.197E+022,8.197E+022,8.197E+022,8.197E+022,8.197E+022,8.197E+022,8.197E+022,8.197E+022,1.795E+022,8.197E+022,8.197E+022,8.197E+022,8.197E+022,8.197E+022,8.197E+022,8.197E+022,8.197E+022,8.197E+022,8.197E+022,8.197E+022,8.197E+022,8.197E+022,8.197E+022,8.197E+022,8.197E+022,8.197E+022,8.197E+022,8.197E+022,8.197E+022,8.197E+022,8.197E+022,8.197E+022,8.197E+022,8.197E+022,8.197E+022
7.708E+022,7.705E+022,7.708E+022,7.708E+022,7.708E+022,7.708E+022,6.097E+022,7.708E+022,7.708E+022,7.708E+022,7.708E+022,7.708E+022,7.708E+022,7.708E+022,7.708E+022,7.708E+022,7.708E+022,7.708E+022,7.708E+022,7.708E+022,7.708E+022,1.688E+022,7.708E+022,7.708E+022,7.708E+022,7.708E+022,7.708E+022,7.708E+022,7.708E+022,7.708E+022,7.708E+022,7.708E+022,7.708E+022,7.708E+022,7.708E+022,7.708E+022,7.708E+022,7.708E+022,7.708E+022,7.708E+022,7.708E+022,7.708E+022,7.708E+022,7.708E+022,7.708E+022,7.708E+022,7.708E+022,7.708E+022
7.218E+022,7.216E+022,7.218E+022,7.218E+022,7.218E+022,7.218E+022,5.71E+022,7.218E+022,7.218E+022,7.218E+022,7.218E+022,7.218E+022,7.218E+022,7.218E+022,7.218E+022,7.218E+022,7.218E+022,7.218E+022,7.218E+022,7.218E+022,7.218E+022,1.581E+022,7.218E+022,7.218E+022,7.218E+022,7.218E+022,7.218E+022,7.218E+022,7.218E+022,7.218E+022,7.218E+022,7.218E+022,7.218E+022,7.218E+022,7.218E+022,7.218E+022,7.218E+022,7.218E+022,7.218E+022,7.218E+022,7.218E+022,7.218E+022,7.218E+022,7.218E+022,7.218E+022,7.218E+022,7.218E+022,7.218E+022
6.728E+022,6.726E+022,6.728E+022,6.728E+022,6.728E+022,6.728E+022,5.322E+022,6.728E+022,6.728E+022,6.728E+022,6.728E+022,6.728E+022,6.728E+022,6.728E+022,6.728E+022,6.728E+022,6.728E+022,6.728E+022,6.728E+022,6.728E+022,6.728E+022,1.473E+022,6.728E+022,6.728E+022,6.728E+022,6.728E+022,6.728E+022,6.728E+022,6.728E+022,6.728E+022,6.728E+022,6.728E+022,6.728E+022,6.728E+022,6.728E+022,6.728E+022,6.728E+022,6.728E+022,6.728E+022,6.728E+022,6.728E+022,6.728E+022,6.728E+022,6.728E+022,6.728E+022,6.728E+022,6.728E+022,6.728E+022
6.281E+022,6.279E+022,6.281E+022,6.281E+022,6.281E+022,6.281E+022,4.968E+022,6.281E+022,6.281E+022,6.281E+022,6.281E+022,6.281E+022,6.281E+022,6.281E+022,6.281E+022,6.281E+022,6.281E+022,6.281E+022,6.281E+022,6.281E+022,6.281E+022,1.376E+022,6.281E+022,6.281E+022,6.281E+022,6.281E+022,6.281E+022,6.281E+022,6.281E+022,6.281E+022,6.281E+022,6.281E+022,6.281E+022,6.281E+022,6.281E+022,6.281E+022,6.281E+022,6.281E+022,6.281E+022,6.281E+022,6.281E+022,6.281E+022,6.281E+022,6.281E+022,6.281E+022,6.281E+022,6.281E+022,6.281E+022
5.834E+022,5.832E+022,5.834E+022,5.834E+022,5.834E+022,5.834E+022,4.615E+022,5.834E+022,5.834E+022,5.834E+022,5.834E+022,5.834E+022,5.834E+022,5.834E+022,5.834E+022,5.834E+022,5.834E+022,5.834E+022,5.834E+022,5.834E+022,5.834E+022,1.278E+022,5.834E+022,5.834E+022,5.834E+022,5.834E+022,5.834E+022,5.834E+022,5.834E+022,5.834E+022,5.834E+022,5.834E+022,5.834E+022,5.834E+022,5.834E+022,5.834E+022,5.834E+022,5.834E+022,5.834E+022,5.834E+022,5.834E+022,5.834E+022,5.834E+022,5.834E+022,5.834E+022,5.834E+022,5.834E+022,5.834E+022
5.408E+022,5.406E+022,5.408E+022,5.408E+022,5.408E+022,5.408E+022,4.277E+022,5.408E+022,5.408E+022,5.408E+022,5.408E+022,5.408E+022,5.408E+022,5.408E+022,5.408E+022,5.408E+022,5.408E+022,5.408E+022,5.408E+022,5.408E+022,5.408E+022,1.184E+022,5.408E+022,5.408E+022,5.408E+022,5.408E+022,5.408E+022,5.408E+022,5.408E+022,5.408E+022,5.408E+022,5.408E+022,5.408E+022,5.408E+022,5.408E+022,5.408E+022,5.408E+022,5.408E+022,5.408E+022,5.408E+022,5.408E+022,5.408E+022,5.408E+022,5.408E+022,5.408E+022,5.408E+022,5.408E+022,5.408E+022
5.003E+022,5.001E+022,5.003E+022,5.003E+022,5.003E+022,5.003E+022,3.957E+022,5.003E+022,5.003E+022,5.003E+022,5.003E+022,5.003E+022,5.003E+022,5.003E+022,5.003E+022,5.003E+022,5.003E+022,5.003E+022,5.003E+022,5.003E+022,5.003E+022,1.096E+022,5.003E+022,5.003E+022,5.003E+022,5.003E+022,5.003E+022,5.003E+022,5.003E+022,5.003E+022,5.003E+022,5.003E+022,5.003E+022,5.003E+022,5.003E+022,5.003E+022,5.003E+022,5.003E+022,5.003E+022,5.003E+022,5.003E+022,5.003E+022,5.003E+022,5.003E+022,5.003E+022,5.003E+022,5.003E+022,5.003E+022
4.598E+022,4.596E+022,4.598E+022,4.598E+022,4.598E+022,4.598E+022,3.637E+022,4.598E+022,4.598E+022,4.598E+022,4.598E+022,4.598E+022,4.598E+022,4.598E+022,4.598E+022,4.598E+022,4.598E+022,4.598E+022,4.598E+022,4.598E+022,4.598E+022,1.007E+022,4.598E+022,4.598E+022,4.598E+022,4.598E+022,4.598E+022,4.598E+022,4.598E+022,4.598E+022,4.598E+022,4.598E+022,4.598E+022,4.598E+022,4.598E+022,4.598E+022,4.598E+022,4.598E+022,4.598E+022,4.598E+022,4.598E+022,4.598E+022,4.598E+022,4.598E+022,4.598E+022,4.598E+022,4.598E+022,4.598E+022
4.214E+022,4.212E+022,4.214E+022,4.214E+022,4.214E+022,4.214E+022,3.333E+022,4.214E+022,4.214E+022,4.214E+022,4.214E+022,4.214E+022,4.214E+022,4.214E+022,4.214E+022,4.214E+022,4.214E+022,4.214E+022,4.214E+022,4.214E+022,4.214E+022,9.228E+021,4.214E+022,4.214E+022,4.214E+022,4.214E+022,4.214E+022,4.214E+022,4.214E+022,4.214E+022,4.214E+022,4.214E+022,4.214E+022,4.214E+022,4.214E+022,4.214E+022,4.214E+022,4.214E+022,4.214E+022,4.214E+022,4.214E+022,4.214E+022,4.214E+022,4.214E+022,4.214E+022,4.214E+022,4.214E+022,4.214E+022
3.873E+022,3.871E+022,3.873E+022,3.873E+022,3.873E+022,3.873E+022,3.063E+022,3.873E+022,3.873E+022,3.873E+022,3.873E+022,3.873E+022,3.873E+022,3.873E+022,3.873E+022,3.873E+022,3.873E+022,3.873E+022,3.873E+022,3.873E+022,3.873E+022,8.481E+021,3.873E+022,3.873E+022,3.873E+022,3.873E+022,3.873E+022,3.873E+022,3.873E+022,3.873E+022,3.873E+022,3.873E+022,3.873E+022,3.873E+022,3.873E+022,3.873E+022,3.873E+022,3.873E+022,3.873E+022,3.873E+022,3.873E+022,3.873E+022,3.873E+022,3.873E+022,3.873E+022,3.873E+022,3.873E+022,3.873E+022
3.531E+022,3.53E+022,3.531E+022,3.531E+022,3.531E+022,3.531E+022,2.793E+022,3.531E+022,3.531E+022,3.531E+022,3.531E+022,3.531E+022,3.531E+022,3.531E+022,3.531E+022,3.531E+022,3.531E+022,3.531E+022,3.531E+022,3.531E+022,3.531E+022,7.734E+021,3.531E+022,3.531E+022,3.531E+022,3.531E+022,3.531E+022,3.531E+022,3.531E+022,3.531E+022,3.531E+022,3.531E+022,3.531E+022,3.531E+022,3.531E+022,3.531E+022,3.531E+022,3.531E+022,3.531E+022,3.531E+022,3.531E+022,3.531E+022,3.531E+022,3.531E+022,3.531E+022,3.531E+022,3.531E+022,3.531E+022
3.186E+022,3.185E+022,3.186E+022,3.186E+022,3.186E+022,3.186E+022,2.52E+022,3.186E+022,3.186E+022,3.186E+022,3.186E+022,3.186E+022,3.186E+022,3.186E+022,3.186E+022,3.186E+022,3.186E+022,3.186E+022,3.186E+022,3.186E+022,3.186E+022,6.977E+021,3.186E+022,3.186E+022,3.186E+022,3.186E+022,3.186E+022,3.186E+022,3.186E+022,3.186E+022,3.186E+022,3.186E+022,3.186E+022,3.186E+022,3.186E+022,3.186E+022,3.186E+022,3.186E+022,3.186E+022,3.186E+022,3.186E+022,3.186E+022,3.186E+022,3.186E+022,3.186E+022,3.186E+022,3.186E+022,3.186E+022
2.885E+022,2.884E+022,2.885E+022,2.885E+022,2.885E+022,2.885E+022,2.282E+022,2.885E+022,2.885E+022,2.885E+022,2.885E+022,2.885E+022,2.885E+022,2.885E+022,2.885E+022,2.885E+022,2.885E+022,2.885E+022,2.885E+022,2.885E+022,2.885E+022,6.317E+021,2.885E+022,2.885E+022,2.885E+022,2.885E+022,2.885E+022,2.885E+022,2.885E+022,2.885E+022,2.885E+022,2.885E+022,2.885E+022,2.885E+022,2.885E+022,2.885E+022,2.885E+022,2.885E+022,2.885E+022,2.885E+022,2.885E+022,2.885E+022,2.885E+022,2.885E+022,2.885E+022,2.885E+022,2.885E+022,2.885E+022
2.588E+022,2.587E+022,2.588E+022,2.588E+022,2.588E+022,2.588E+022,2.047E+022,2.588E+022,2.588E+022,2.588E+022,2.588E+022,2.588E+022,2.588E+022,2.588E+022,2.588E+022,2.588E+022,2.588E+022,2.588E+022,2.588E+022,2.588E+022,2.588E+022,5.668E+021,2.588E+022,2.588E+022,2.588E+022,2.588E+022,2.588E+022,2.588E+022,2.588E+022,2.588E+022,2.588E+022,2.588E+022,2.588E+022,2.588E+022,2.588E+022,2.588E+022,2.588E+022,2.588E+022,2.588E+022,2.588E+022,2.588E+022,2.588E+022,2.588E+022,2.588E+022,2.588E+022,2.588E+022,2.588E+022,2.588E+022
2.313E+022,2.312E+022,2.313E+022,2.313E+022,2.313E+022,2.313E+022,1.829E+022,2.313E+022,2.313E+022,2.313E+022,2.313E+022,2.313E+022,2.313E+022,2.313E+022,2.313E+022,2.313E+022,2.313E+022,2.313E+022,2.313E+022,2.313E+022,2.313E+022,5.065E+021,2.313E+022,2.313E+022,2.313E+022,2.313E+022,2.313E+022,2.313E+022,2.313E+022,2.313E+022,2.313E+022,2.313E+022,2.313E+022,2.313E+022,2.313E+022,2.313E+022,2.313E+022,2.313E+022,2.313E+022,2.313E+022,2.313E+022,2.313E+022,2.313E+022,2.313E+022,2.313E+022,2.313E+022,2.313E+022,2.313E+022
2.054E+022,2.053E+022,2.054E+022,2.054E+022,2.054E+022,2.054E+022,1.625E+022,2.054E+022,2.054E+022,2.054E+022,2.054E+022,2.054E+022,2.054E+022,2.054E+022,2.054E+022,2.054E+022,2.054E+022,2.054E+022,2.054E+022,2.054E+022,2.054E+022,4.499E+021,2.054E+022,2.054E+022,2.054E+022,2.054E+022,2.054E+022,2.054E+022,2.054E+022,2.054E+022,2.054E+022,2.054E+022,2.054E+022,2.054E+022,2.054E+022,2.054E+022,2.054E+022,2.054E+022,2.054E+022,2.054E+022,2.054E+022,2.054E+022,2.054E+022,2.054E+022,2.054E+022,2.054E+022,2.054E+022,2.054E+022
1.808E+022,1.808E+022,1.808E+022,1.808E+022,1.808E+022,1.808E+022,1.43E+022,1.808E+022,1.808E+022,1.808E+022,1.808E+022,1.808E+022,1.808E+022,1.808E+022,1.808E+022,1.808E+022,1.808E+022,1.808E+022,1.808E+022,1.808E+022,1.808E+022,3.96E+021,1.808E+022,1.808E+022,1.808E+022,1.808E+022,1.808E+022,1.808E+022,1.808E+022,1.808E+022,1.808E+022,1.808E+022,1.808E+022,1.808E+022,1.808E+022,1.808E+022,1.808E+022,1.808E+022,1.808E+022,1.808E+022,1.808E+022,1.808E+022,1.808E+022,1.808E+022,1.808E+022,1.808E+022,1.808E+022,1.808E+022
1.582E+022,1.581E+022,1.582E+022,1.582E+022,1.582E+022,1.582E+022,1.251E+022,1.582E+022,1.582E+022,1.582E+022,1.582E+022,1.582E+022,1.582E+022,1.582E+022,1.582E+022,1.582E+022,1.582E+022,1.582E+022,1.582E+022,1.582E+022,1.582E+022,3.464E+021,1.582E+022,1.582E+022,1.582E+022,1.582E+022,1.582E+022,1.582E+022,1.582E+022,1.582E+022,1.582E+022,1.582E+022,1.582E+022,1.582E+022,1.582E+022,1.582E+022,1.582E+022,1.582E+022,1.582E+022,1.582E+022,1.582E+022,1.582E+022,1.582E+022,1.582E+022,1.582E+022,1.582E+022,1.582E+022,1.582E+022
1.372E+022,1.372E+022,1.372E+022,1.372E+022,1.372E+022,1.372E+022,1.085E+022,1.372E+022,1.372E+022,1.372E+022,1.372E+022,1.372E+022,1.372E+022,1.372E+022,1.372E+022,1.372E+022,1.372E+022,1.372E+022,1.372E+022,1.372E+022,1.372E+022,3.005E+021,1.372E+022,1.372E+022,1.372E+022,1.372E+022,1.372E+022,1.372E+022,1.372E+022,1.372E+022,1.372E+022,1.372E+022,1.372E+022,1.372E+022,1.372E+022,1.372E+022,1.372E+022,1.372E+022,1.372E+022,1.372E+022,1.372E+022,1.372E+022,1.372E+022,1.372E+022,1.372E+022,1.372E+022,1.372E+022,1.372E+022
1.177E+022,1.177E+022,1.177E+022,1.177E+022,1.177E+022,1.177E+022,9.312E+021,1.177E+022,1.177E+022,1.177E+022,1.177E+022,1.177E+022,1.177E+022,1.177E+022,1.177E+022,1.177E+022,1.177E+022,1.177E+022,1.177E+022,1.177E+022,1.177E+022,2.578E+021,1.177E+022,1.177E+022,1.177E+022,1.177E+022,1.177E+022,1.177E+022,1.177E+022,1.177E+022,1.177E+022,1.177E+022,1.177E+022,1.177E+022,1.177E+022,1.177E+022,1.177E+022,1.177E+022,1.177E+022,1.177E+022,1.177E+022,1.177E+022,1.177E+022,1.177E+022,1.177E+022,1.177E+022,1.177E+022,1.177E+022
1.002E+022,1.001E+022,1.002E+022,1.002E+022,1.002E+022,1.002E+022,7.923E+021,1.002E+022,1.002E+022,1.002E+022,1.002E+022,1.002E+022,1.002E+022,1.002E+022,1.002E+022,1.002E+022,1.002E+022,1.002E+022,1.002E+022,1.002E+022,1.002E+022,2.194E+021,1.002E+022,1.002E+022,1.002E+022,1.002E+022,1.002E+022,1.002E+022,1.002E+022,1.002E+022,1.002E+022,1.002E+022,1.002E+022,1.002E+022,1.002E+022,1.002E+022,1.002E+022,1.002E+022,1.002E+022,1.002E+022,1.002E+022,1.002E+022,1.002E+022,1.002E+022,1.002E+022,1.002E+022,1.002E+022,1.002E+022
8.389E+021,8.386E+021,8.389E+021,8.389E+021,8.389E+021,8.389E+021,6.635E+021,8.389E+021,8.389E+021,8.389E+021,8.389E+021,8.389E+021,8.389E+021,8.389E+021,8.389E+021,8.389E+021,8.389E+021,8.389E+021,8.389E+021,8.389E+021,8.389E+021,1.837E+021,8.389E+021,8.389E+021,8.389E+021,8.389E+021,8.389E+021,8.389E+021,8.389E+021,8.389E+021,8.389E+021,8.389E+021,8.389E+021,8.389E+021,8.389E+021,8.389E+021,8.389E+021,8.389E+021,8.389E+021,8.389E+021,8.389E+021,8.389E+021,8.389E+021,8.389E+021,8.389E+021,8.389E+021,8.389E+021,8.389E+021
6.929E+021,6.927E+021,6.929E+021,6.929E+021,6.929E+021,6.929E+021,5.481E+021,6.929E+021,6.929E+021,6.929E+021,6.929E+021,6.929E+021,6.929E+021,6.929E+021,6.929E+021,6.929E+021,6.929E+021,6.929E+021,6.929E+021,6.929E+021,6.929E+021,1.517E+021,6.929E+021,6.929E+021,6.929E+021,6.929E+021,6.929E+021,6.929E+021,6.929E+021,6.929E+021,6.929E+021,6.929E+021,6.929E+021,6.929E+021,6.929E+021,6.929E+021,6.929E+021,6.929E+021,6.929E+021,6.929E+021,6.929E+021,6.929E+021,6.929E+021,6.929E+021,6.929E+021,6.929E+021,6.929E+021,6.929E+021
5.617E+021,5.616E+021,5.617E+021,5.617E+021,5.617E+021,5.617E+021,4.443E+021,5.617E+021,5.617E+021,5.617E+021,5.617E+021,5.617E+021,5.617E+021,5.617E+021,5.617E+021,5.617E+021,5.617E+021,5.617E+021,5.617E+021,5.617E+021,5.617E+021,1.23E+021,5.617E+021,5.617E+021,5.617E+021,5.617E+021,5.617E+021,5.617E+021,5.617E+021,5.617E+021,5.617E+021,5.617E+021,5.617E+021,5.617E+021,5.617E+021,5.617E+021,5.617E+021,5.617E+021,5.617E+021,5.617E+021,5.617E+021,5.617E+021,5.617E+021,5.617E+021,5.617E+021,5.617E+021,5.617E+021,5.617E+021
4.479E+021,4.477E+021,4.479E+021,4.479E+021,4.479E+021,4.479E+021,3.543E+021,4.479E+021,4.479E+021,4.479E+021,4.479E+021,4.479E+021,4.479E+021,4.479E+021,4.479E+021,4.479E+021,4.479E+021,4.479E+021,4.479E+021,4.479E+021,4.479E+021,9.809E+020,4.479E+021,4.479E+021,4.479E+021,4.479E+021,4.479E+021,4.479E+021,4.479E+021,4.479E+021,4.479E+021,4.479E+021,4.479E+021,4.479E+021,4.479E+021,4.479E+021,4.479E+021,4.479E+021,4.479E+021,4.479E+021,4.479E+021,4.479E+021,4.479E+021,4.479E+021,4.479E+021,4.479E+021,4.479E+021,4.479E+021
3.469E+021,3.468E+021,3.469E+021,3.469E+021,3.469E+021,3.469E+021,2.744E+021,3.469E+021,3.469E+021,3.469E+021,3.469E+021,3.469E+021,3.469E+021,3.469E+021,3.469E+021,3.469E+021,3.469E+021,3.469E+021,3.469E+021,3.469E+021,3.469E+021,7.597E+020,3.469E+021,3.469E+021,3.469E+021,3.469E+021,3.469E+021,3.469E+021,3.469E+021,3.469E+021,3.469E+021,3.469E+021,3.469E+021,3.469E+021,3.469E+021,3.469E+021,3.469E+021,3.469E+021,3.469E+021,3.469E+021,3.469E+021,3.469E+021,3.469E+021,3.469E+021,3.469E+021,3.469E+021,3.469E+021,3.469E+021
2.609E+021,2.608E+021,2.609E+021,2.609E+021,2.609E+021,2.609E+021,2.064E+021,2.609E+021,2.609E+021,2.609E+021,2.609E+021,2.609E+021,2.609E+021,2.609E+021,2.609E+021,2.609E+021,2.609E+021,2.609E+021,2.609E+021,2.609E+021,2.609E+021,5.713E+020,2.609E+021,2.609E+021,2.609E+021,2.609E+021,2.609E+021,2.609E+021,2.609E+021,2.609E+021,2.609E+021,2.609E+021,2.609E+021,2.609E+021,2.609E+021,2.609E+021,2.609E+021,2.609E+021,2.609E+021,2.609E+021,2.609E+021,2.609E+021,2.609E+021,2.609E+021,2.609E+021,2.609E+021,2.609E+021,2.609E+021
1.877E+021,1.876E+021,1.877E+021,1.877E+021,1.877E+021,1.877E+021,1.484E+021,1.877E+021,1.877E+021,1.877E+021,1.877E+021,1.877E+021,1.877E+021,1.877E+021,1.877E+021,1.877E+021,1.877E+021,1.877E+021,1.877E+021,1.877E+021,1.877E+021,4.11E+020,1.877E+021,1.877E+021,1.877E+021,1.877E+021,1.877E+021,1.877E+021,1.877E+021,1.877E+021,1.877E+021,1.877E+021,1.877E+021,1.877E+021,1.877E+021,1.877E+021,1.877E+021,1.877E+021,1.877E+021,1.877E+021,1.877E+021,1.877E+021,1.877E+021,1.877E+021,1.877E+021,1.877E+021,1.877E+021,1.877E+021
1.295E+021,1.295E+021,1.295E+021,1.295E+021,1.295E+021,1.295E+021,1.024E+021,1.295E+021,1.295E+021,1.295E+021,1.295E+021,1.295E+021,1.295E+021,1.295E+021,1.295E+021,1.295E+021,1.295E+021,1.295E+021,1.295E+021,1.295E+021,1.295E+021,2.836E+020,1.295E+021,1.295E+021,1.295E+021,1.295E+021,1.295E+021,1.295E+021,1.295E+021,1.295E+021,1.295E+021,1.295E+021,1.295E+021,1.295E+021,1.295E+021,1.295E+021,1.295E+021,1.295E+021,1.295E+021,1.295E+021,1.295E+021,1.295E+021,1.295E+021,1.295E+021,1.295E+021,1.295E+021,1.295E+021,1.295E+021
8.424E+020,8.421E+020,8.424E+020,8.424E+020,8.424E+020,8.424E+020,6.663E+020,8.424E+020,8.424E+020,8.424E+020,8.424E+020,8.424E+020,8.424E+020,8.424E+020,8.424E+020,8.424E+020,8.424E+020,8.424E+020,8.424E+020,8.424E+020,8.424E+020,1.845E+020,8.424E+020,8.424E+020,8.424E+020,8.424E+020,8.424E+020,8.424E+020,8.424E+020,8.424E+020,8.424E+020,8.424E+020,8.424E+020,8.424E+020,8.424E+020,8.424E+020,8.424E+020,8.424E+020,8.424E+020,8.424E+020,8.424E+020,8.424E+020,8.424E+020,8.424E+020,8.424E+020,8.424E+020,8.424E+020,8.424E+020
4.741E+020,4.739E+020,4.741E+020,4.741E+020,4.741E+020,4.741E+020,3.75E+020,4.741E+020,4.741E+020,4.741E+020,4.741E+020,4.741E+020,4.741E+020,4.741E+020,4.741E+020,4.741E+020,4.741E+020,4.741E+020,4.741E+020,4.741E+020,4.741E+020,1.038E+020,4.741E+020,4.741E+020,4.741E+020,4.741E+020,4.741E+020,4.741E+020,4.741E+020,4.741E+020,4.741E+020,4.741E+020,4.741E+020,4.741E+020,4.741E+020,4.741E+020,4.741E+020,4.741E+020,4.741E+020,4.741E+020,4.741E+020,4.741E+020,4.741E+020,4.741E+020,4.741E+020,4.741E+020,4.741E+020,4.741E+020
