ALT,P,T,H2O,CO2,O3,CO,N2O,CH4,O2,BRD,NO,SO2_HI,NO2_HI,NH3,HNO3_HI,OH,HF,HCL,HBR,HI,CLO,OCS,H2CO,HOCL,N2,HCN,CH3CL,H2O2,C2H2,C2H6,PH3,COF2,SF6,H2S,HCOOH,HO2,O,CLONO2_HI,NOPLUS,HOBR,C2H4,CH3OH,CH3BR,CH3CN_HI,CF4_HI,C4H2,HC3N,H2,CS,SO3,BRO,CLONO2_XS,HNO4,CHCL2F,CCL4,F11,F12,C2CL2F4,C2CL3F3,N2O5,HNO3_XS,CF4_XS,CHCLF2,CCLF3,C2CLF5,NO2_XS,PAN,ACET,CH3CN_XS,CHF2CF3,CFH2CF3,CF3CH3,CH3CHF2,CH2F2,CCl2FCH3,CH3CClF2,??????,CHCl2CF3,CHClFCF3,CHCl2C2F5,C2HCl2F3CF2,SO2_XS,ISOP,CHF3
0.338,1050,290.3,0.008287,0.00033,2.572E-008,1.516E-007,0.00000032,0.0000017,0.209,26240000000000,3E-010,3.084E-010,2.3E-011,5E-010,4.689E-011,4.4E-014,1E-014,1.081E-009,1.7E-012,3E-012,1E-014,6.032E-010,2.831E-009,6.76E-012,0.781,1.716E-010,7.097E-010,2.016E-010,3.415E-010,0.000000002,1E-020,1E-020,1E-020,1E-020,1E-020,1E-020,1E-020,1E-020,1E-020,1E-020,1E-020,1E-020,1E-020,1E-020,1E-020,1E-020,1E-020,1E-020,1E-020,1E-020,3.608E-018,4.923E-012,5.138E-013,nan,1.3E-010,1.4E-010,2.4E-010,1.2E-011,1.9E-011,4.2E-017,5.436E-011,7E-011,9.35E-011,5E-012,4E-012,2.3E-011,3.977E-014,4.564E-010,1E-010,2.006E-012,9.685E-012,2.006E-012,2.006E-012,3.871E-012,1.123E-011,1.08E-011,nan,nan,nan,nan,nan,3.084E-010,1.245E-010,2.145E-011
0.4958,1014,288.3,0.007759,0.00033,2.658E-008,0.00000015,0.00000032,0.0000017,0.209,25500000000000,3E-010,3.002E-010,2.3E-011,5E-010,4.992E-011,4.4E-014,1E-014,0.000000001,1.7E-012,3E-012,1E-014,6.001E-010,2.411E-009,7.676E-012,0.781,1.7E-010,7.002E-010,2E-010,3.011E-010,0.000000002,1E-020,1E-020,1E-020,1E-020,1E-020,1E-020,1E-020,1E-020,1E-020,1E-020,1E-020,1E-020,1E-020,1E-020,1E-020,1E-020,1E-020,1E-020,1E-020,1E-020,3.608E-018,4.742E-012,8.756E-013,nan,1.3E-010,1.4E-010,2.4E-010,1.2E-011,1.9E-011,1.289E-016,5.73E-011,7E-011,9.35E-011,5E-012,4E-012,2.3E-011,6.527E-014,4.765E-010,1E-010,2E-012,9.66E-012,2E-012,2E-012,3.854E-012,1.12E-011,1.077E-011,nan,nan,nan,nan,nan,3.002E-010,1.016E-010,2.144E-011
0.6179,986.1,286.7,0.00735,0.00033,2.724E-008,1.488E-007,0.00000032,0.0000017,0.209,24930000000000,3E-010,2.939E-010,2.3E-011,5E-010,5.226E-011,4.4E-014,1E-014,9.408E-010,1.7E-012,3E-012,1E-014,5.976E-010,2.086E-009,8.384E-012,0.781,1.688E-010,6.929E-010,1.988E-010,2.698E-010,0.000000002,1E-020,1E-020,1E-020,1E-020,1E-020,1E-020,1E-020,1E-020,1E-020,1E-020,1E-020,1E-020,1E-020,1E-020,1E-020,1E-020,1E-020,1E-020,1E-020,1E-020,3.608E-018,4.601E-012,1.155E-012,nan,1.3E-010,1.4E-010,2.4E-010,1.2E-011,1.9E-011,1.961E-016,5.958E-011,7E-011,9.35E-011,5E-012,4E-012,2.3E-011,8.499E-014,4.92E-010,1E-010,1.996E-012,9.64E-012,1.996E-012,1.996E-012,3.842E-012,1.118E-011,1.075E-011,nan,nan,nan,nan,nan,2.939E-010,8.39E-011,2.143E-011
0.7382,958.6,285.1,0.006947,0.00033,2.789E-008,1.476E-007,0.00000032,0.0000017,0.209,24360000000000,3E-010,2.876E-010,2.3E-011,5E-010,5.457E-011,4.4E-014,1E-014,8.804E-010,1.7E-012,3E-012,1E-014,5.952E-010,1.766E-009,9.082E-012,0.781,1.676E-010,6.857E-010,1.976E-010,2.39E-010,0.000000002,1E-020,1E-020,1E-020,1E-020,1E-020,1E-020,1E-020,1E-020,1E-020,1E-020,1E-020,1E-020,1E-020,1E-020,1E-020,1E-020,1E-020,1E-020,1E-020,1E-020,3.608E-018,4.463E-012,1.431E-012,nan,1.3E-010,1.4E-010,2.4E-010,1.2E-011,1.9E-011,2.624E-016,6.183E-011,7E-011,9.35E-011,5E-012,4E-012,2.3E-011,1.044E-013,5.073E-010,1E-010,1.992E-012,9.62E-012,1.992E-012,1.992E-012,3.83E-012,1.116E-011,1.073E-011,nan,nan,nan,nan,nan,2.876E-010,6.646E-011,2.142E-011
0.8567,931.5,283.6,0.006551,0.00033,2.853E-008,1.464E-007,0.00000032,0.0000017,0.209,23800000000000,3E-010,2.815E-010,2.3E-011,5E-010,5.685E-011,4.4E-014,1E-014,8.209E-010,1.7E-012,3E-012,1E-014,5.929E-010,1.451E-009,9.769E-012,0.781,1.664E-010,6.786E-010,1.964E-010,2.087E-010,0.000000002,1E-020,1E-020,1E-020,1E-020,1E-020,1E-020,1E-020,1E-020,1E-020,1E-020,1E-020,1E-020,1E-020,1E-020,1E-020,1E-020,1E-020,1E-020,1E-020,1E-020,3.608E-018,4.327E-012,1.703E-012,nan,1.3E-010,1.4E-010,2.4E-010,1.2E-011,1.9E-011,3.276E-016,6.404E-011,7E-011,9.35E-011,5E-012,4E-012,2.3E-011,1.236E-013,5.223E-010,1E-010,1.988E-012,9.601E-012,1.988E-012,1.988E-012,3.818E-012,1.114E-011,1.071E-011,nan,nan,nan,nan,nan,2.815E-010,4.927E-011,2.141E-011
0.9734,904.9,282,0.00616,0.00033,2.917E-008,1.453E-007,0.00000032,0.0000017,0.209,23250000000000,3E-010,2.754E-010,2.3E-011,5E-010,5.909E-011,4.4E-014,1E-014,7.623E-010,1.7E-012,3E-012,1E-014,5.905E-010,1.141E-009,1.045E-011,0.781,1.653E-010,6.716E-010,1.953E-010,1.788E-010,0.000000002,1E-020,1E-020,1E-020,1E-020,1E-020,1E-020,1E-020,1E-020,1E-020,1E-020,1E-020,1E-020,1E-020,1E-020,1E-020,1E-020,1E-020,1E-020,1E-020,1E-020,3.608E-018,4.193E-012,1.97E-012,nan,1.3E-010,1.4E-010,2.4E-010,1.2E-011,1.9E-011,3.919E-016,6.621E-011,7E-011,9.35E-011,5E-012,4E-012,2.3E-011,1.424E-013,5.371E-010,1E-010,1.984E-012,9.582E-012,1.984E-012,1.984E-012,3.806E-012,1.111E-011,1.068E-011,nan,nan,nan,nan,nan,2.754E-010,3.235E-011,2.14E-011
1.194,878.6,280.4,0.005791,0.00033,2.99E-008,0.000000144,0.00000032,0.0000017,0.209,22700000000000,3E-010,2.666E-010,2.3E-011,4.928E-010,6.149E-011,4.4E-014,1.045E-014,7.125E-010,1.7E-012,3E-012,1E-014,5.881E-010,9.405E-010,1.091E-011,0.781,1.646E-010,6.648E-010,1.944E-010,1.572E-010,0.000000002,1E-020,1E-020,1E-020,1E-020,1E-020,1E-020,1E-020,1E-020,1E-020,1E-020,1E-020,1E-020,1E-020,1E-020,1E-020,1E-020,1E-020,1E-020,1E-020,1E-020,3.608E-018,4.05E-012,2.254E-012,nan,1.3E-010,1.4E-010,2.4E-010,1.2E-011,1.9E-011,4.6E-016,6.852E-011,7E-011,9.35E-011,5E-012,4E-012,2.3E-011,2.855E-013,5.548E-010,1E-010,1.98E-012,9.564E-012,1.98E-012,1.98E-012,3.794E-012,1.109E-011,1.066E-011,nan,nan,nan,nan,nan,2.666E-010,2.428E-011,2.139E-011
1.443,852.8,278.8,0.005433,0.00033,3.067E-008,1.427E-007,0.00000032,0.0000017,0.209,22160000000000,3E-010,2.572E-010,2.3E-011,4.836E-010,6.39E-011,4.4E-014,1.102E-014,6.657E-010,1.7E-012,3E-012,1E-014,5.856E-010,7.748E-010,1.131E-011,0.781,1.641E-010,6.58E-010,1.937E-010,1.382E-010,0.000000002,1E-020,1E-020,1E-020,1E-020,1E-020,1E-020,1E-020,1E-020,1E-020,1E-020,1E-020,1E-020,1E-020,1E-020,1E-020,1E-020,1E-020,1E-020,1E-020,1E-020,3.608E-018,3.907E-012,2.539E-012,nan,1.3E-010,1.4E-010,2.4E-010,1.2E-011,1.9E-011,5.285E-016,7.084E-011,7E-011,9.35E-011,5E-012,4E-012,2.3E-011,4.631E-013,5.73E-010,1E-010,1.976E-012,9.545E-012,1.976E-012,1.976E-012,3.782E-012,1.107E-011,1.064E-011,nan,nan,nan,nan,nan,2.572E-010,1.887E-011,2.138E-011
1.688,827.4,277.2,0.00508,0.00033,3.142E-008,1.415E-007,0.00000032,0.0000017,0.209,21620000000000,3E-010,2.479E-010,2.3E-011,4.745E-010,6.627E-011,4.4E-014,1.158E-014,6.196E-010,1.7E-012,3E-012,1E-014,5.831E-010,6.117E-010,1.17E-011,0.781,1.636E-010,6.514E-010,1.929E-010,1.195E-010,0.000000002,1E-020,1E-020,1E-020,1E-020,1E-020,1E-020,1E-020,1E-020,1E-020,1E-020,1E-020,1E-020,1E-020,1E-020,1E-020,1E-020,1E-020,1E-020,1E-020,1E-020,3.608E-018,3.766E-012,2.82E-012,nan,1.299E-010,1.399E-010,2.399E-010,1.2E-011,1.899E-011,5.959E-016,7.312E-011,7E-011,9.35E-011,5E-012,4E-012,2.3E-011,6.379E-013,5.91E-010,1E-010,1.973E-012,9.527E-012,1.973E-012,1.973E-012,3.77E-012,1.105E-011,1.062E-011,nan,nan,nan,nan,nan,2.479E-010,1.355E-011,2.137E-011
1.929,802.4,275.7,0.004733,0.00033,3.215E-008,1.403E-007,0.00000032,0.0000017,0.209,21100000000000,3E-010,2.387E-010,2.3E-011,4.656E-010,6.861E-011,4.4E-014,1.214E-014,5.744E-010,1.7E-012,3E-012,1E-014,5.807E-010,4.513E-010,1.209E-011,0.781,1.631E-010,6.449E-010,1.922E-010,1.011E-010,0.000000002,1E-020,1E-020,1E-020,1E-020,1E-020,1E-020,1E-020,1E-020,1E-020,1E-020,1E-020,1E-020,1E-020,1E-020,1E-020,1E-020,1E-020,1E-020,1E-020,1E-020,3.608E-018,3.628E-012,3.096E-012,nan,1.299E-010,1.399E-010,2.399E-010,1.2E-011,1.899E-011,6.622E-016,7.537E-011,7E-011,9.35E-011,5E-012,4E-012,2.3E-011,8.098E-013,6.087E-010,1E-010,1.969E-012,9.509E-012,1.969E-012,1.969E-012,3.758E-012,1.103E-011,1.06E-011,nan,nan,nan,nan,nan,2.387E-010,8.313E-012,2.136E-011
2.183,777.8,274,0.004365,0.00033,3.252E-008,0.000000139,0.00000032,0.0000017,0.209,20570000000000,3E-010,2.276E-010,2.3E-011,4.478E-010,7.11E-011,4.4E-014,1.366E-014,5.355E-010,1.7E-012,3E-012,1E-014,5.782E-010,3.715E-010,1.205E-011,0.781,1.626E-010,6.391E-010,1.914E-010,9.051E-011,0.000000002,1E-020,1E-020,1E-020,1E-020,1E-020,1E-020,1E-020,1E-020,1E-020,1E-020,1E-020,1E-020,1E-020,1E-020,1E-020,1E-020,1E-020,1E-020,1E-020,1E-020,3.608E-018,3.459E-012,3.96E-012,nan,1.299E-010,1.399E-010,2.399E-010,1.2E-011,1.899E-011,1.033E-014,7.708E-011,7E-011,9.35E-011,5E-012,4E-012,2.3E-011,1.116E-012,6.338E-010,1E-010,1.965E-012,9.489E-012,1.965E-012,1.965E-012,3.749E-012,1.1E-011,1.057E-011,nan,nan,nan,nan,nan,2.276E-010,5.873E-012,2.136E-011
2.441,753.6,272.3,0.003992,0.00033,3.273E-008,1.377E-007,0.00000032,0.0000017,0.209,20040000000000,3E-010,2.157E-010,2.3E-011,4.264E-010,7.362E-011,4.4E-014,1.556E-014,4.997E-010,1.7E-012,3E-012,1E-014,5.756E-010,3.259E-010,1.185E-011,0.781,1.621E-010,6.337E-010,1.907E-010,8.322E-011,0.000000002,1E-020,1E-020,1E-020,1E-020,1E-020,1E-020,1E-020,1E-020,1E-020,1E-020,1E-020,1E-020,1E-020,1E-020,1E-020,1E-020,1E-020,1E-020,1E-020,1E-020,3.608E-018,3.28E-012,5.059E-012,nan,1.299E-010,1.399E-010,2.399E-010,1.2E-011,1.899E-011,2.389E-014,7.856E-011,7E-011,9.35E-011,5E-012,4E-012,2.3E-011,1.475E-012,6.618E-010,1E-010,1.961E-012,9.468E-012,1.961E-012,1.961E-012,3.741E-012,1.098E-011,1.055E-011,nan,nan,nan,nan,nan,2.157E-010,4.613E-012,2.135E-011
2.694,729.9,270.7,0.003625,0.00033,3.293E-008,1.364E-007,0.00000032,0.0000017,0.209,19530000000000,3E-010,2.041E-010,2.3E-011,4.054E-010,7.61E-011,4.4E-014,1.744E-014,4.645E-010,1.7E-012,3E-012,1E-014,5.731E-010,2.811E-010,1.164E-011,0.781,1.616E-010,6.284E-010,1.899E-010,7.605E-011,0.000000002,1E-020,1E-020,1E-020,1E-020,1E-020,1E-020,1E-020,1E-020,1E-020,1E-020,1E-020,1E-020,1E-020,1E-020,1E-020,1E-020,1E-020,1E-020,1E-020,1E-020,3.608E-018,3.104E-012,6.139E-012,nan,1.299E-010,1.399E-010,2.399E-010,1.2E-011,1.899E-011,3.72E-014,8.001E-011,7E-011,9.35E-011,5E-012,4E-012,2.3E-011,1.827E-012,6.894E-010,1E-010,1.956E-012,9.448E-012,1.956E-012,1.956E-012,3.733E-012,1.096E-011,1.053E-011,nan,nan,nan,nan,nan,2.041E-010,3.375E-012,2.135E-011
2.943,706.6,269.1,0.003265,0.00033,3.313E-008,1.352E-007,0.00000032,0.0000017,0.209,19030000000000,3E-010,1.926E-010,2.3E-011,3.847E-010,7.854E-011,4.4E-014,1.928E-014,4.3E-010,1.7E-012,3E-012,1E-014,5.706E-010,2.371E-010,1.145E-011,0.781,1.611E-010,6.232E-010,1.892E-010,6.902E-011,0.000000002,1E-020,1E-020,1E-020,1E-020,1E-020,1E-020,1E-020,1E-020,1E-020,1E-020,1E-020,1E-020,1E-020,1E-020,1E-020,1E-020,1E-020,1E-020,1E-020,1E-020,3.608E-018,2.931E-012,7.2E-012,nan,1.299E-010,1.399E-010,2.399E-010,1.2E-011,1.899E-011,5.028E-014,8.143E-011,7E-011,9.35E-011,5E-012,4E-012,2.3E-011,2.173E-012,7.164E-010,1E-010,1.952E-012,9.428E-012,1.952E-012,1.952E-012,3.725E-012,1.094E-011,1.051E-011,nan,nan,nan,nan,nan,1.926E-010,2.16E-012,2.134E-011
3.207,683.7,267.4,0.00297,0.00033,3.332E-008,1.341E-007,0.00000032,0.0000017,0.209,18520000000000,3E-010,1.809E-010,2.3E-011,3.609E-010,8.109E-011,4.4E-014,2.221E-014,4.007E-010,1.7E-012,3E-012,1E-014,5.683E-010,2.09E-010,1.107E-011,0.781,1.608E-010,6.189E-010,1.88E-010,6.394E-011,0.000000002,1E-020,1E-020,1E-020,1E-020,1E-020,1E-020,1E-020,1E-020,1E-020,1E-020,1E-020,1E-020,1E-020,1E-020,1E-020,1E-020,1E-020,1E-020,1E-020,1E-020,3.608E-018,2.747E-012,8.328E-012,nan,1.299E-010,1.399E-010,2.399E-010,1.2E-011,1.899E-011,6.419E-014,8.295E-011,7E-011,9.35E-011,5E-012,4E-012,2.3E-011,2.513E-012,7.433E-010,1E-010,1.947E-012,9.406E-012,1.947E-012,1.947E-012,3.72E-012,1.091E-011,1.048E-011,nan,nan,nan,nan,nan,1.809E-010,1.735E-012,2.134E-011
3.473,661.2,265.6,0.002698,0.00033,3.351E-008,1.332E-007,0.00000032,0.0000017,0.209,18030000000000,3E-010,1.692E-010,2.3E-011,3.365E-010,8.364E-011,4.4E-014,2.542E-014,3.733E-010,1.7E-012,3E-012,1E-014,5.662E-010,1.859E-010,1.064E-011,0.781,1.605E-010,6.149E-010,1.866E-010,5.95E-011,0.000000002,1E-020,1E-020,1E-020,1E-020,1E-020,1E-020,1E-020,1E-020,1E-020,1E-020,1E-020,1E-020,1E-020,1E-020,1E-020,1E-020,1E-020,1E-020,1E-020,1E-020,8.233E-018,2.562E-012,9.461E-012,nan,1.299E-010,1.399E-010,2.399E-010,1.2E-011,1.899E-011,7.817E-014,8.447E-011,7E-011,9.35E-011,5E-012,4E-012,2.3E-011,2.846E-012,7.698E-010,1E-010,1.943E-012,9.385E-012,1.943E-012,1.943E-012,3.715E-012,1.088E-011,1.046E-011,nan,nan,nan,nan,nan,1.692E-010,1.549E-012,2.133E-011
3.734,639.1,263.9,0.002431,0.00033,3.369E-008,1.322E-007,0.00000032,0.0000017,0.209,17540000000000,3E-010,1.577E-010,2.3E-011,3.125E-010,8.614E-011,4.4E-014,2.858E-014,3.464E-010,1.7E-012,3E-012,1E-014,5.641E-010,1.632E-010,1.023E-011,0.781,1.603E-010,6.11E-010,1.853E-010,5.515E-011,0.000000002,1E-020,1E-020,1E-020,1E-020,1E-020,1E-020,1E-020,1E-020,1E-020,1E-020,1E-020,1E-020,1E-020,1E-020,1E-020,1E-020,1E-020,1E-020,1E-020,1E-020,1.277E-017,2.38E-012,1.057E-011,nan,1.298E-010,1.398E-010,2.398E-010,1.199E-011,1.898E-011,9.188E-014,8.596E-011,7E-011,9.35E-011,5E-012,4E-012,2.3E-011,3.172E-012,7.959E-010,1E-010,1.939E-012,9.364E-012,1.939E-012,1.939E-012,3.711E-012,1.086E-011,1.043E-011,nan,nan,nan,nan,nan,1.577E-010,1.367E-012,2.133E-011
3.989,617.5,262.3,0.002169,0.00033,3.386E-008,1.312E-007,0.00000032,0.0000017,0.209,17060000000000,3E-010,1.465E-010,2.3E-011,2.89E-010,8.86E-011,4.4E-014,3.167E-014,3.201E-010,1.7E-012,3E-012,1E-014,5.621E-010,1.409E-010,9.817E-012,0.781,1.6E-010,6.072E-010,1.841E-010,5.088E-011,0.000000002,1E-020,1E-020,1E-020,1E-020,1E-020,1E-020,1E-020,1E-020,1E-020,1E-020,1E-020,1E-020,1E-020,1E-020,1E-020,1E-020,1E-020,1E-020,1E-020,1E-020,1.722E-017,2.202E-012,1.166E-011,nan,1.298E-010,1.398E-010,2.398E-010,1.199E-011,1.898E-011,1.053E-013,8.742E-011,7E-011,9.35E-011,5E-012,4E-012,2.3E-011,3.493E-012,8.214E-010,1E-010,1.934E-012,9.343E-012,1.934E-012,1.934E-012,3.707E-012,1.083E-011,1.041E-011,nan,nan,nan,nan,nan,1.465E-010,1.188E-012,2.132E-011
4.267,596.3,260.5,0.001955,0.00033,3.489E-008,0.000000131,0.00000032,0.0000017,0.209,16580000000000,3E-010,1.385E-010,2.3E-011,2.656E-010,9.105E-011,4.4E-014,3.833E-014,2.977E-010,1.7E-012,3E-012,1E-014,5.601E-010,1.293E-010,9.323E-012,0.781,1.6E-010,6.057E-010,1.821E-010,4.782E-011,0.000000002,1E-020,1E-020,1E-020,1E-020,1E-020,1E-020,1E-020,1E-020,1E-020,1E-020,1E-020,1E-020,1E-020,1E-020,1E-020,1E-020,1E-020,1E-020,1E-020,1E-020,2.383E-017,2.068E-012,1.382E-011,nan,1.298E-010,1.398E-010,2.398E-010,1.199E-011,1.898E-011,3.915E-013,8.856E-011,7E-011,9.35E-011,5E-012,4E-012,2.3E-011,3.949E-012,8.507E-010,1E-010,1.93E-012,9.322E-012,1.93E-012,1.93E-012,3.704E-012,1.081E-011,1.039E-011,nan,nan,nan,nan,nan,1.385E-010,1.172E-012,2.132E-011
4.54,575.5,258.7,0.001747,0.00033,3.593E-008,1.307E-007,0.00000032,0.0000017,0.209,16110000000000,3E-010,1.309E-010,2.3E-011,2.427E-010,9.345E-011,4.4E-014,4.502E-014,2.758E-010,1.7E-012,3E-012,1E-014,5.582E-010,1.184E-010,8.834E-012,0.781,1.6E-010,6.043E-010,1.802E-010,4.487E-011,0.000000002,1E-020,1E-020,1E-020,1E-020,1E-020,1E-020,1E-020,1E-020,1E-020,1E-020,1E-020,1E-020,1E-020,1E-020,1E-020,1E-020,1E-020,1E-020,1E-020,1E-020,3.041E-017,1.937E-012,1.598E-011,nan,1.297E-010,1.397E-010,2.398E-010,1.199E-011,1.898E-011,6.84E-013,8.967E-011,7E-011,9.35E-011,5E-012,4E-012,2.3E-011,4.404E-012,8.797E-010,1E-010,1.926E-012,9.302E-012,1.926E-012,1.926E-012,3.702E-012,1.079E-011,1.037E-011,nan,nan,nan,nan,nan,1.309E-010,1.164E-012,2.131E-011
4.807,555.2,257,0.001544,0.00033,0.000000037,1.305E-007,0.00000032,0.0000017,0.209,15650000000000,3E-010,1.234E-010,2.3E-011,2.202E-010,9.58E-011,4.4E-014,5.158E-014,2.544E-010,1.7E-012,3E-012,1E-014,5.563E-010,1.077E-010,8.355E-012,0.781,1.6E-010,6.03E-010,1.783E-010,4.198E-011,0.000000002,1E-020,1E-020,1E-020,1E-020,1E-020,1E-020,1E-020,1E-020,1E-020,1E-020,1E-020,1E-020,1E-020,1E-020,1E-020,1E-020,1E-020,1E-020,1E-020,1E-020,3.685E-017,1.809E-012,1.81E-011,nan,1.297E-010,1.397E-010,2.398E-010,1.199E-011,1.898E-011,9.706E-013,9.075E-011,7E-011,9.35E-011,5E-012,4E-012,2.3E-011,4.848E-012,9.08E-010,1E-010,1.922E-012,9.282E-012,1.922E-012,1.922E-012,3.699E-012,1.077E-011,1.035E-011,nan,nan,nan,nan,nan,1.234E-010,1.156E-012,2.131E-011
5.077,535.2,255.2,0.001361,0.00033,0.000000038,1.302E-007,0.00000032,0.0000017,0.209,15200000000000,3E-010,1.164E-010,2.3E-011,1.995E-010,9.854E-011,4.4E-014,5.904E-014,2.344E-010,1.7E-012,3E-012,1E-014,5.545E-010,9.803E-011,7.887E-012,0.781,1.6E-010,6.018E-010,1.762E-010,3.928E-011,1.946E-009,1E-020,1E-020,1E-020,1E-020,1E-020,1E-020,1E-020,1E-020,1E-020,1E-020,1E-020,1E-020,1E-020,1E-020,1E-020,1E-020,1E-020,1E-020,1E-020,1E-020,4.335E-017,1.68E-012,2.023E-011,nan,1.297E-010,1.397E-010,2.398E-010,1.199E-011,1.898E-011,1.26E-012,9.184E-011,7E-011,9.35E-011,5E-012,4E-012,2.3E-011,5.609E-012,9.327E-010,1E-010,1.918E-012,9.262E-012,1.918E-012,1.918E-012,3.696E-012,1.074E-011,1.032E-011,nan,nan,nan,nan,nan,1.164E-010,1.142E-012,2.131E-011
5.363,515.7,253.3,0.001226,0.00033,3.893E-008,1.298E-007,0.00000032,0.0000017,0.209,14740000000000,3E-010,1.104E-010,2.3E-011,1.83E-010,1.024E-010,4.4E-014,6.918E-014,2.172E-010,1.7E-012,3E-012,1E-014,5.525E-010,9.071E-011,7.433E-012,0.781,1.6E-010,6.013E-010,1.73E-010,3.7E-011,1.932E-009,1E-020,1E-020,1E-020,1E-020,1E-020,1E-020,1E-020,1E-020,1E-020,1E-020,1E-020,1E-020,1E-020,1E-020,1E-020,1E-020,1E-020,1E-020,1E-020,1E-020,5.023E-017,1.543E-012,2.249E-011,nan,1.297E-010,1.397E-010,2.398E-010,1.199E-011,1.898E-011,1.566E-012,9.3E-011,7E-011,9.35E-011,5E-012,4E-012,2.3E-011,7.241E-012,9.488E-010,1E-010,1.913E-012,9.238E-012,1.913E-012,1.913E-012,3.694E-012,1.071E-011,1.03E-011,nan,nan,nan,nan,nan,1.104E-010,1.11E-012,2.131E-011
5.642,496.6,251.5,0.001094,0.00033,3.989E-008,1.293E-007,0.00000032,0.0000017,0.209,14300000000000,3E-010,1.046E-010,2.3E-011,1.667E-010,1.062E-010,4.4E-014,7.91E-014,2.005E-010,1.7E-012,3E-012,1E-014,5.505E-010,8.356E-011,6.989E-012,0.781,1.6E-010,6.007E-010,1.699E-010,3.476E-011,1.918E-009,1E-020,1E-020,1E-020,1E-020,1E-020,1E-020,1E-020,1E-020,1E-020,1E-020,1E-020,1E-020,1E-020,1E-020,1E-020,1E-020,1E-020,1E-020,1E-020,1E-020,5.696E-017,1.409E-012,2.469E-011,nan,1.296E-010,1.396E-010,2.397E-010,1.199E-011,1.897E-011,1.865E-012,9.413E-011,7E-011,9.35E-011,5E-012,4E-012,2.3E-011,8.837E-012,0.000000001,1E-010,1.908E-012,9.215E-012,1.908E-012,1.908E-012,3.692E-012,1.069E-011,1.027E-011,nan,nan,nan,nan,nan,1.046E-010,1.079E-012,2.13E-011
5.916,478,249.7,0.0009652,0.00033,4.083E-008,1.289E-007,0.00000032,0.0000017,0.209,13860000000000,3E-010,9.886E-011,2.3E-011,1.509E-010,1.099E-010,4.4E-014,8.881E-014,1.841E-010,1.7E-012,3E-012,1E-014,5.486E-010,7.656E-011,6.554E-012,0.781,1.6E-010,6.002E-010,1.669E-010,3.257E-011,1.904E-009,1E-020,1E-020,1E-020,1E-020,1E-020,1E-020,1E-020,1E-020,1E-020,1E-020,1E-020,1E-020,1E-020,1E-020,1E-020,1E-020,1E-020,1E-020,1E-020,1E-020,6.355E-017,1.278E-012,2.685E-011,nan,1.296E-010,1.396E-010,2.397E-010,1.199E-011,1.897E-011,2.158E-012,9.524E-011,7E-011,9.35E-011,5E-012,4E-012,2.3E-011,1.04E-011,0.000000001,1E-010,1.903E-012,9.193E-012,1.903E-012,1.903E-012,3.69E-012,1.066E-011,1.025E-011,nan,nan,nan,nan,nan,9.886E-011,1.049E-012,2.13E-011
6.204,459.7,247.9,0.0008532,0.00033,0.000000043,0.000000128,0.00000032,0.0000017,0.209,13430000000000,3E-010,9.422E-011,2.3E-011,1.364E-010,1.141E-010,4.402E-014,1.043E-013,1.694E-010,1.7E-012,3E-012,1E-014,5.464E-010,7.154E-011,6.216E-012,0.781,1.6E-010,6E-010,1.625E-010,3.11E-011,1.89E-009,1E-020,1E-020,1E-020,1E-020,1E-020,1E-020,1E-020,1E-020,1E-020,1E-020,1E-020,1E-020,1E-020,1E-020,1E-020,1E-020,1E-020,1E-020,1E-020,1E-020,7.05E-017,1.185E-012,2.861E-011,nan,1.296E-010,1.396E-010,2.397E-010,1.199E-011,1.897E-011,2.286E-012,9.631E-011,7E-011,9.35E-011,5E-012,4E-012,2.3E-011,1.197E-011,0.000000001,1E-010,1.899E-012,9.171E-012,1.899E-012,1.899E-012,3.687E-012,1.063E-011,1.022E-011,nan,nan,nan,nan,nan,9.422E-011,1.05E-012,2.13E-011
6.496,441.9,246,0.00075,0.00033,4.557E-008,1.268E-007,0.00000032,0.0000017,0.209,13010000000000,3E-010,9.01E-011,2.3E-011,1.226E-010,1.184E-010,4.405E-014,1.222E-013,1.557E-010,1.7E-012,3E-012,1E-014,5.44E-010,6.745E-011,5.924E-012,0.781,1.6E-010,6E-010,1.576E-010,2.996E-011,1.875E-009,1E-020,1E-020,1E-020,1E-020,1E-020,1E-020,1E-020,1E-020,1E-020,1E-020,1E-020,1E-020,1E-020,1E-020,1E-020,1E-020,1E-020,1E-020,1E-020,1E-020,7.753E-017,1.109E-012,3.016E-011,nan,1.296E-010,1.396E-010,2.397E-010,1.199E-011,1.897E-011,2.341E-012,9.735E-011,7E-011,9.35E-011,5E-012,4E-012,2.3E-011,1.352E-011,0.000000001,1E-010,1.895E-012,9.15E-012,1.895E-012,1.895E-012,3.685E-012,1.061E-011,1.02E-011,nan,nan,nan,nan,nan,9.01E-011,1.065E-012,2.13E-011
6.781,424.5,244.1,0.0006493,0.00033,4.813E-008,1.256E-007,0.00000032,0.000001699,0.209,12600000000000,3E-010,8.609E-011,2.3E-011,1.091E-010,1.227E-010,4.408E-014,1.396E-013,1.423E-010,1.7E-012,3E-012,1E-014,5.418E-010,6.346E-011,5.639E-012,0.781,1.6E-010,6E-010,1.527E-010,2.885E-011,1.861E-009,1E-020,1E-020,1E-020,1E-020,1E-020,1E-020,1E-020,1E-020,1E-020,1E-020,1E-020,1E-020,1E-020,1E-020,1E-020,1E-020,1E-020,1E-020,1E-020,1E-020,8.439E-017,1.035E-012,3.168E-011,nan,1.295E-010,1.396E-010,2.396E-010,1.199E-011,1.896E-011,2.394E-012,9.836E-011,7E-011,9.35E-011,5E-012,4E-012,2.3E-011,1.504E-011,0.000000001,1E-010,1.89E-012,9.129E-012,1.89E-012,1.89E-012,3.683E-012,1.059E-011,1.018E-011,nan,nan,nan,nan,nan,8.609E-011,1.079E-012,2.129E-011
7.066,407.5,242.3,0.0005584,0.00033,5.073E-008,1.243E-007,0.00000032,0.000001699,0.209,12190000000000,3E-010,8.228E-011,2.3E-011,9.654E-011,1.269E-010,4.413E-014,1.588E-013,1.298E-010,1.7E-012,3E-012,1.001E-014,5.395E-010,5.972E-011,5.372E-012,0.781,1.6E-010,5.999E-010,1.473E-010,2.783E-011,1.846E-009,1E-020,1E-020,1E-020,1E-020,1E-020,1E-020,1E-020,1E-020,1E-020,1E-020,1E-020,1E-020,1E-020,1E-020,1E-020,1E-020,1E-020,1E-020,1E-020,1E-020,9.221E-017,9.602E-013,3.319E-011,nan,1.295E-010,1.396E-010,2.396E-010,1.199E-011,1.896E-011,2.447E-012,9.938E-011,7E-011,9.35E-011,5E-012,4E-012,2.3E-011,1.638E-011,0.000000001,1E-010,1.886E-012,9.108E-012,1.886E-012,1.886E-012,3.68E-012,1.056E-011,1.015E-011,nan,nan,nan,nan,nan,8.228E-011,1.102E-012,2.129E-011
7.37,390.9,240.3,0.000496,0.00033,5.363E-008,1.224E-007,0.00000032,0.000001698,0.209,11780000000000,3E-010,7.897E-011,2.3E-011,8.622E-011,1.308E-010,4.425E-014,1.856E-013,1.2E-010,1.7E-012,3E-012,1.004E-014,5.37E-010,5.659E-011,5.154E-012,0.781,1.6E-010,5.993E-010,1.394E-010,2.707E-011,1.828E-009,1E-020,1E-020,1E-020,1E-020,1E-020,1E-020,1E-020,1E-020,1E-020,1E-020,1E-020,1E-020,1E-020,1E-020,1E-020,1E-020,1E-020,1E-020,1E-020,1E-020,1.039E-016,8.811E-013,3.481E-011,nan,1.295E-010,1.396E-010,2.396E-010,1.199E-011,1.896E-011,2.504E-012,1.005E-010,7E-011,9.35E-011,5E-012,4E-012,2.3E-011,1.721E-011,0.000000001,1E-010,1.881E-012,9.083E-012,1.881E-012,1.881E-012,3.677E-012,1.053E-011,1.013E-011,nan,nan,nan,nan,nan,7.897E-011,1.157E-012,2.129E-011
7.666,374.7,238.4,0.0004352,0.00033,5.647E-008,1.206E-007,0.00000032,0.000001698,0.209,11390000000000,3E-010,7.574E-011,2.3E-011,7.615E-011,1.347E-010,4.437E-014,2.116E-013,1.104E-010,1.7E-012,3E-012,1.007E-014,5.347E-010,5.354E-011,4.94E-012,0.781,1.6E-010,5.987E-010,1.317E-010,2.633E-011,1.81E-009,1E-020,1E-020,1E-020,1E-020,1E-020,1E-020,1E-020,1E-020,1E-020,1E-020,1E-020,1E-020,1E-020,1E-020,1E-020,1E-020,1E-020,1E-020,1E-020,1E-020,1.153E-016,8.039E-013,3.638E-011,nan,1.294E-010,1.395E-010,2.395E-010,1.198E-011,1.895E-011,2.56E-012,1.015E-010,7E-011,9.35E-011,5E-012,4E-012,2.3E-011,1.801E-011,0.000000001,1E-010,1.876E-012,9.058E-012,1.876E-012,1.876E-012,3.674E-012,1.05E-011,1.01E-011,nan,nan,nan,nan,nan,7.574E-011,1.21E-012,2.128E-011
7.955,359,236.5,0.000376,0.00033,5.923E-008,1.188E-007,0.00000032,0.000001697,0.209,11000000000000,3E-010,7.259E-011,2.3E-011,6.634E-011,1.384E-010,4.448E-014,2.37E-013,1.011E-010,1.7E-012,3E-012,1.01E-014,5.324E-010,5.057E-011,4.733E-012,0.781,1.6E-010,5.981E-010,1.242E-010,2.561E-011,1.793E-009,1E-020,1E-020,1E-020,1E-020,1E-020,1E-020,1E-020,1E-020,1E-020,1E-020,1E-020,1E-020,1E-020,1E-020,1E-020,1E-020,1E-020,1E-020,1E-020,1E-020,1.264E-016,7.288E-013,3.792E-011,nan,1.294E-010,1.395E-010,2.395E-010,1.198E-011,1.895E-011,2.614E-012,1.025E-010,7E-011,9.35E-011,5E-012,4E-012,2.3E-011,1.88E-011,0.000000001,1E-010,1.871E-012,9.035E-012,1.871E-012,1.871E-012,3.67E-012,1.047E-011,1.007E-011,nan,nan,nan,nan,nan,7.259E-011,1.262E-012,2.128E-011
8.266,343.6,234.5,0.0003113,0.00033,6.816E-008,1.161E-007,3.199E-007,0.000001696,0.209,10620000000000,3E-010,7.037E-011,2.305E-011,5.76E-011,1.427E-010,4.479E-014,2.843E-013,9.301E-011,1.7E-012,3E-012,1.021E-014,5.301E-010,4.8E-011,4.623E-012,0.781,1.6E-010,5.969E-010,1.145E-010,2.51E-011,1.771E-009,1E-020,1E-020,1E-020,1E-020,1E-020,1E-020,1E-020,1E-020,1E-020,1E-020,1E-020,1E-020,1E-020,1E-020,1E-020,1E-020,1E-020,1E-020,1E-020,1E-020,1.433E-016,6.921E-013,3.752E-011,nan,1.294E-010,1.395E-010,2.395E-010,1.198E-011,1.895E-011,2.597E-012,1.049E-010,7E-011,9.35E-011,5E-012,4E-012,2.305E-011,1.977E-011,0.000000001,1E-010,1.865E-012,9.008E-012,1.865E-012,1.865E-012,3.666E-012,1.044E-011,1.004E-011,nan,nan,nan,nan,nan,7.037E-011,1.182E-012,2.127E-011
8.574,328.7,232.5,0.0002471,0.00033,0.000000078,1.133E-007,3.197E-007,0.000001695,0.209,10240000000000,3E-010,6.837E-011,2.311E-011,4.925E-011,1.47E-010,4.513E-014,3.345E-013,8.537E-011,1.7E-012,3E-012,1.033E-014,5.28E-010,4.557E-011,4.534E-012,0.781,1.6E-010,5.957E-010,1.046E-010,2.464E-011,1.75E-009,1E-020,1E-020,1E-020,1E-020,1E-020,1E-020,1E-020,1E-020,1E-020,1E-020,1E-020,1E-020,1E-020,1E-020,1E-020,1E-020,1E-020,1E-020,1E-020,1E-020,1.609E-016,6.631E-013,3.678E-011,nan,1.293E-010,1.394E-010,2.394E-010,1.198E-011,1.894E-011,2.567E-012,1.075E-010,7E-011,9.35E-011,5E-012,4E-012,2.311E-011,2.076E-011,0.000000001,1E-010,1.86E-012,8.981E-012,1.86E-012,1.86E-012,3.661E-012,1.041E-011,1.001E-011,nan,nan,nan,nan,nan,6.837E-011,1.08E-012,2.127E-011
8.873,314.1,230.5,0.0001847,0.00033,8.763E-008,1.106E-007,3.196E-007,0.000001694,0.209,9874000000000,3E-010,6.642E-011,2.317E-011,4.113E-011,1.512E-010,4.546E-014,3.834E-013,7.794E-011,1.7E-012,3E-012,1.045E-014,5.259E-010,4.32E-011,4.447E-012,0.781,1.6E-010,5.945E-010,9.496E-011,2.419E-011,1.729E-009,1E-020,1E-020,1E-020,1E-020,1E-020,1E-020,1E-020,1E-020,1E-020,1E-020,1E-020,1E-020,1E-020,1E-020,1E-020,1E-020,1E-020,1E-020,1E-020,1E-020,1.781E-016,6.35E-013,3.606E-011,nan,1.293E-010,1.394E-010,2.394E-010,1.198E-011,1.894E-011,2.538E-012,1.1E-010,7E-011,9.35E-011,5E-012,4E-012,2.317E-011,2.172E-011,0.000000001,1E-010,1.854E-012,8.954E-012,1.854E-012,1.854E-012,3.657E-012,1.038E-011,9.98E-012,nan,nan,nan,nan,nan,6.642E-011,9.809E-013,2.126E-011
9.186,300,228.5,0.0001419,0.00033,9.905E-008,1.076E-007,3.192E-007,0.000001692,0.209,9511000000000,3E-010,6.471E-011,2.331E-011,3.446E-011,1.569E-010,4.582E-014,4.511E-013,7.145E-011,1.7E-012,3E-012,1.08E-014,5.237E-010,4.11E-011,4.397E-012,0.781,1.6E-010,5.929E-010,8.476E-011,2.376E-011,1.694E-009,1E-020,1E-020,1E-020,1E-020,1E-020,1E-020,1E-020,1E-020,1E-020,1E-020,1E-020,1E-020,1E-020,1E-020,1E-020,1E-020,1E-020,1E-020,1E-020,1E-020,2.049E-016,6.056E-013,3.531E-011,nan,1.293E-010,1.394E-010,2.394E-010,1.198E-011,1.894E-011,2.508E-012,1.127E-010,7E-011,9.35E-011,5E-012,4E-012,2.331E-011,2.314E-011,0.000000001,9.628E-011,1.848E-012,8.924E-012,1.848E-012,1.848E-012,3.65E-012,1.035E-011,9.946E-012,nan,nan,nan,nan,nan,6.471E-011,8.938E-013,2.125E-011
9.506,286.3,226.5,0.0001136,0.00033,1.117E-007,1.045E-007,3.187E-007,0.000001689,0.209,9154000000000,3E-010,6.317E-011,2.35E-011,2.89E-011,1.636E-010,4.621E-014,5.319E-013,6.57E-011,1.7E-012,3E-012,1.131E-014,5.215E-010,3.922E-011,4.375E-012,0.781,1.6E-010,5.91E-010,7.422E-011,2.334E-011,1.649E-009,1E-020,1E-020,1E-020,1E-020,1E-020,1E-020,1E-020,1E-020,1E-020,1E-020,1E-020,1E-020,1E-020,1E-020,1E-020,1E-020,1E-020,1E-020,1E-020,1E-020,2.386E-016,5.756E-013,3.455E-011,nan,1.292E-010,1.393E-010,2.393E-010,1.198E-011,1.893E-011,2.477E-012,1.153E-010,7E-011,9.35E-011,5E-012,4E-012,2.35E-011,2.489E-011,9.237E-010,8.989E-011,1.841E-012,8.89E-012,1.841E-012,1.841E-012,3.642E-012,1.031E-011,9.909E-012,nan,nan,nan,nan,nan,6.317E-011,8.162E-013,2.124E-011
9.816,272.9,224.5,0.00008623,0.00033,0.000000124,1.014E-007,3.182E-007,0.000001686,0.209,8808000000000,3E-010,6.168E-011,2.369E-011,2.35E-011,1.701E-010,4.658E-014,6.104E-013,6.012E-011,1.7E-012,3E-012,1.181E-014,5.193E-010,3.739E-011,4.353E-012,0.781,1.6E-010,5.891E-010,6.398E-011,2.294E-011,1.606E-009,1E-020,1E-020,1E-020,1E-020,1E-020,1E-020,1E-020,1E-020,1E-020,1E-020,1E-020,1E-020,1E-020,1E-020,1E-020,1E-020,1E-020,1E-020,1E-020,1E-020,2.714E-016,5.465E-013,3.38E-011,nan,1.292E-010,1.392E-010,2.393E-010,1.198E-011,1.893E-011,2.448E-012,1.18E-010,7E-011,9.35E-011,5E-012,4E-012,2.369E-011,2.658E-011,8.788E-010,8.368E-011,1.834E-012,8.858E-012,1.834E-012,1.834E-012,3.634E-012,1.027E-011,9.873E-012,nan,nan,nan,nan,nan,6.168E-011,7.408E-013,2.123E-011
10.13,260,222.4,0.00006548,0.00033,1.424E-007,9.83E-008,3.174E-007,0.000001684,0.209,8468000000000,3E-010,6.042E-011,2.412E-011,1.906E-011,1.777E-010,4.696E-014,7.289E-013,5.536E-011,1.7E-012,3E-012,1.297E-014,5.168E-010,3.604E-011,4.381E-012,0.781,1.6E-010,5.868E-010,5.478E-011,2.245E-011,1.543E-009,1E-020,1E-020,1E-020,1E-020,1E-020,1E-020,1E-020,1E-020,1E-020,1E-020,1E-020,1E-020,1E-020,1E-020,1E-020,1E-020,1E-020,1E-020,1E-020,1E-020,3.099E-016,5.295E-013,3.282E-011,nan,1.292E-010,1.392E-010,2.393E-010,1.198E-011,1.893E-011,2.468E-012,1.226E-010,7E-011,9.35E-011,5E-012,4E-012,2.412E-011,2.747E-011,8.122E-010,7.735E-011,1.829E-012,8.834E-012,1.829E-012,1.829E-012,3.623E-012,1.024E-011,9.847E-012,nan,nan,nan,nan,nan,6.042E-011,6.693E-013,2.121E-011
10.46,247.4,220.3,0.0000543,0.00033,0.00000017,0.000000095,3.161E-007,0.00000168,0.209,8133000000000,3E-010,5.946E-011,2.491E-011,1.595E-011,1.87E-010,4.736E-014,9.084E-013,5.175E-011,1.7E-012,3E-012,1.516E-014,5.138E-010,3.537E-011,4.484E-012,0.781,1.6E-010,5.838E-010,4.697E-011,2.182E-011,1.45E-009,1E-020,1E-020,1E-020,1E-020,1E-020,1E-020,1E-020,1E-020,1E-020,1E-020,1E-020,1E-020,1E-020,1E-020,1E-020,1E-020,1E-020,1E-020,1E-020,1E-020,3.576E-016,5.302E-013,3.147E-011,nan,1.291E-010,1.391E-010,2.392E-010,1.198E-011,1.892E-011,2.561E-012,1.304E-010,7E-011,9.35E-011,5E-012,4E-012,2.491E-011,2.718E-011,7.123E-010,7.074E-011,1.827E-012,8.822E-012,1.827E-012,1.827E-012,3.608E-012,1.023E-011,9.833E-012,nan,nan,nan,nan,nan,5.946E-011,6.025E-013,2.118E-011
10.78,235.2,218.2,0.00004346,0.00033,1.968E-007,9.18E-008,3.148E-007,0.000001677,0.209,7808000000000,3E-010,5.853E-011,2.568E-011,1.294E-011,1.959E-010,4.774E-014,1.082E-012,4.826E-011,1.7E-012,3E-012,1.727E-014,5.11E-010,3.473E-011,4.583E-012,0.781,1.6E-010,5.81E-010,3.941E-011,2.121E-011,1.361E-009,1E-020,1E-020,1E-020,1E-020,1E-020,1E-020,1E-020,1E-020,1E-020,1E-020,1E-020,1E-020,1E-020,1E-020,1E-020,1E-020,1E-020,1E-020,1E-020,1E-020,4.038E-016,5.308E-013,3.016E-011,nan,1.29E-010,1.39E-010,2.391E-010,1.197E-011,1.891E-011,2.652E-012,1.38E-010,7E-011,9.35E-011,5E-012,4E-012,2.568E-011,2.691E-011,6.155E-010,6.433E-011,1.825E-012,8.811E-012,1.825E-012,1.825E-012,3.594E-012,1.022E-011,9.82E-012,nan,nan,nan,nan,nan,5.853E-011,5.378E-013,2.116E-011
11.11,223.4,216.8,0.00003429,0.00033,2.251E-007,8.84E-008,3.135E-007,0.000001674,0.209,7470000000000,3E-010,5.77E-011,2.677E-011,1.04E-011,2.062E-010,4.815E-014,1.282E-012,4.565E-011,1.7E-012,3E-012,2.011E-014,5.078E-010,3.426E-011,4.689E-012,0.781,1.6E-010,5.776E-010,3.27E-011,2.045E-011,1.266E-009,1E-020,1E-020,1E-020,1E-020,1E-020,1E-020,1E-020,1E-020,1E-020,1E-020,1E-020,1E-020,1E-020,1E-020,1E-020,1E-020,1E-020,1E-020,1E-020,1E-020,4.564E-016,5.315E-013,2.884E-011,nan,1.289E-010,1.389E-010,2.39E-010,1.197E-011,1.89E-011,2.745E-012,1.456E-010,7E-011,9.35E-011,5E-012,4E-012,2.677E-011,2.65E-011,5.173E-010,5.784E-011,1.822E-012,8.799E-012,1.822E-012,1.822E-012,3.579E-012,1.02E-011,9.807E-012,nan,nan,nan,nan,nan,5.77E-011,4.775E-013,2.113E-011
11.45,212,216.8,0.00002839,0.00033,2.578E-007,8.442E-008,0.000000312,0.000001669,0.209,7090000000000,3E-010,5.704E-011,2.86E-011,8.813E-012,2.197E-010,4.864E-014,1.545E-012,4.486E-011,1.7E-012,3E-012,2.464E-014,5.04E-010,3.412E-011,4.813E-012,0.781,1.6E-010,5.731E-010,2.759E-011,1.935E-011,1.158E-009,1E-020,1E-020,1E-020,1E-020,1E-020,1E-020,1E-020,1E-020,1E-020,1E-020,1E-020,1E-020,1E-020,1E-020,1E-020,1E-020,1E-020,1E-020,1E-020,1E-020,5.246E-016,5.323E-013,2.742E-011,nan,1.287E-010,1.388E-010,2.389E-010,1.197E-011,1.889E-011,2.843E-012,1.538E-010,7E-011,9.35E-011,5E-012,4E-012,2.86E-011,2.578E-011,4.123E-010,5.093E-011,1.819E-012,8.786E-012,1.819E-012,1.819E-012,3.561E-012,1.019E-011,9.792E-012,nan,nan,nan,nan,nan,5.704E-011,4.246E-013,2.11E-011
11.79,201,216.7,0.00002268,0.00033,2.895E-007,8.058E-008,3.105E-007,0.000001665,0.209,6722000000000,3E-010,5.64E-011,3.038E-011,7.274E-012,2.327E-010,4.91E-014,1.799E-012,4.409E-011,1.7E-012,3E-012,2.903E-014,5.003E-010,3.398E-011,4.934E-012,0.781,1.6E-010,5.688E-010,2.263E-011,1.828E-011,1.052E-009,1E-020,1E-020,1E-020,1E-020,1E-020,1E-020,1E-020,1E-020,1E-020,1E-020,1E-020,1E-020,1E-020,1E-020,1E-020,1E-020,1E-020,1E-020,1E-020,1E-020,5.905E-016,5.33E-013,2.606E-011,nan,1.286E-010,1.387E-010,2.388E-010,1.196E-011,1.888E-011,2.938E-012,1.617E-010,7E-011,9.35E-011,5E-012,4E-012,3.038E-011,2.508E-011,3.107E-010,4.424E-011,1.817E-012,8.774E-012,1.817E-012,1.817E-012,3.545E-012,1.017E-011,9.779E-012,nan,nan,nan,nan,nan,5.64E-011,3.734E-013,2.108E-011
12.13,190.3,216.7,0.00001799,0.00033,3.193E-007,7.626E-008,3.089E-007,0.00000166,0.209,6366000000000,2.999E-010,5.599E-011,3.32E-011,5.885E-012,2.456E-010,4.973E-014,2.111E-012,4.641E-011,1.7E-012,3E-012,3.497E-014,4.959E-010,3.404E-011,5.037E-012,0.781,1.599E-010,5.637E-010,1.836E-011,1.691E-011,0.000000001,1E-020,1E-020,1E-020,1E-020,1E-020,1E-020,1E-020,1E-020,1E-020,1E-020,1E-020,1E-020,1E-020,1E-020,1E-020,1E-020,1E-020,1E-020,1E-020,1E-020,6.557E-016,6.531E-013,2.557E-011,nan,1.283E-010,1.384E-010,2.385E-010,1.195E-011,1.885E-011,3.566E-012,1.869E-010,7E-011,9.35E-011,4.945E-012,3.966E-012,3.32E-011,2.621E-011,2.277E-010,3.739E-011,1.812E-012,8.75E-012,1.812E-012,1.812E-012,3.528E-012,1.014E-011,9.752E-012,nan,nan,nan,nan,nan,5.599E-011,3.246E-013,2.105E-011
12.5,180,216.7,0.00001499,0.00033,3.467E-007,0.000000071,3.072E-007,0.000001654,0.209,6021000000000,2.995E-010,5.595E-011,3.795E-011,4.723E-012,2.584E-010,5.064E-014,2.535E-012,5.426E-011,1.7E-012,3E-012,4.385E-014,4.901E-010,3.445E-011,5.114E-012,0.781,1.595E-010,5.571E-010,1.519E-011,1.497E-011,8.551E-010,1E-020,1E-020,1E-020,1E-020,1E-020,1E-020,1E-020,1E-020,1E-020,1E-020,1E-020,1E-020,1E-020,1E-020,1E-020,1E-020,1E-020,1E-020,1E-020,1E-020,7.214E-016,9.884E-013,2.665E-011,nan,1.276E-010,1.377E-010,2.379E-010,1.194E-011,1.879E-011,5.158E-012,2.435E-010,7E-011,9.35E-011,4.792E-012,3.871E-012,3.795E-011,3.062E-011,1.755E-010,3.008E-011,1.803E-012,8.705E-012,1.803E-012,1.803E-012,3.513E-012,1.009E-011,9.702E-012,nan,nan,nan,nan,nan,5.595E-011,2.785E-013,2.102E-011
12.85,170.1,216.7,0.0000121,0.00033,3.732E-007,6.592E-008,3.055E-007,0.000001648,0.209,5689000000000,2.992E-010,5.592E-011,4.253E-011,3.602E-012,2.707E-010,5.152E-014,2.944E-012,6.184E-011,1.7E-012,3E-012,5.241E-014,4.844E-010,3.483E-011,5.188E-012,0.781,1.592E-010,5.507E-010,1.212E-011,1.31E-011,7.621E-010,1E-020,1E-020,1E-020,1E-020,1E-020,1E-020,1E-020,1E-020,1E-020,1E-020,1E-020,1E-020,1E-020,1E-020,1E-020,1E-020,1E-020,1E-020,1E-020,1E-020,7.847E-016,1.312E-012,2.769E-011,nan,1.269E-010,1.371E-010,2.373E-010,1.192E-011,1.873E-011,6.693E-012,2.982E-010,7E-011,9.35E-011,4.644E-012,3.779E-012,4.253E-011,3.487E-011,1.25E-010,2.303E-011,1.794E-012,8.662E-012,1.794E-012,1.794E-012,3.498E-012,1.004E-011,9.654E-012,nan,nan,nan,nan,nan,5.592E-011,2.341E-013,2.099E-011
13.22,160.5,216.7,0.000009767,0.00033,4.107E-007,6.077E-008,3.037E-007,0.000001641,0.209,5368000000000,2.981E-010,5.601E-011,5.117E-011,2.678E-012,2.885E-010,5.291E-014,3.45E-012,7.3E-011,1.7E-012,3E-012,6.574E-014,4.772E-010,3.526E-011,5.304E-012,0.781,1.586E-010,5.436E-010,9.873E-012,1.12E-011,6.723E-010,1E-020,1E-020,1E-020,1E-020,1E-020,1E-020,1E-020,1E-020,1E-020,1E-020,1E-020,1E-020,1E-020,1E-020,1E-020,1E-020,1E-020,1E-020,1E-020,1E-020,8.562E-016,1.653E-012,2.879E-011,nan,1.262E-010,1.364E-010,2.366E-010,1.19E-011,1.867E-011,8.313E-012,3.558E-010,7E-011,9.35E-011,4.496E-012,3.687E-012,5.117E-011,3.857E-011,9.186E-011,1.56E-011,1.784E-012,8.616E-012,1.784E-012,1.784E-012,3.48E-012,9.99E-012,9.603E-012,nan,nan,nan,nan,nan,5.601E-011,1.912E-013,2.096E-011
13.6,151.3,216.7,0.000007881,0.00033,0.000000456,5.56E-008,3.018E-007,0.000001634,0.209,5059000000000,2.966E-010,5.62E-011,6.277E-011,1.908E-012,3.104E-010,5.467E-014,4.025E-012,8.675E-011,1.7E-012,3E-012,8.251E-014,4.687E-010,3.572E-011,5.449E-012,0.781,1.578E-010,5.359E-010,8.261E-012,9.297E-012,5.857E-010,1E-020,1E-020,1E-020,1E-020,1E-020,1E-020,1E-020,1E-020,1E-020,1E-020,1E-020,1E-020,1E-020,1E-020,1E-020,1E-020,1E-020,1E-020,1E-020,1E-020,9.332E-016,2.004E-012,2.992E-011,nan,1.255E-010,1.357E-010,2.36E-010,1.187E-011,1.861E-011,9.981E-012,4.151E-010,7E-011,9.35E-011,4.351E-012,3.595E-012,6.277E-011,4.183E-011,7.197E-011,7.939E-012,1.775E-012,8.57E-012,1.775E-012,1.775E-012,3.461E-012,9.937E-012,9.552E-012,nan,nan,nan,nan,nan,5.62E-011,1.499E-013,2.092E-011
13.97,142.4,216.7,0.000006067,0.00033,4.996E-007,5.063E-008,0.0000003,0.000001627,0.209,4762000000000,2.951E-010,5.639E-011,7.394E-011,1.167E-012,3.314E-010,5.637E-014,4.577E-012,9.998E-011,1.7E-012,3E-012,9.866E-014,4.606E-010,3.617E-011,5.589E-012,0.781,1.571E-010,5.286E-010,6.71E-012,7.462E-012,5.024E-010,1E-020,1E-020,1E-020,1E-020,1E-020,1E-020,1E-020,1E-020,1E-020,1E-020,1E-020,1E-020,1E-020,1E-020,1E-020,1E-020,1E-020,1E-020,1E-020,1E-020,1.007E-015,2.342E-012,3.101E-011,nan,1.248E-010,1.35E-010,2.353E-010,1.185E-011,1.854E-011,1.159E-011,4.722E-010,7E-011,9.35E-011,4.211E-012,3.507E-012,7.394E-011,4.496E-011,5.282E-011,5.683E-013,1.766E-012,8.525E-012,1.766E-012,1.766E-012,3.443E-012,9.886E-012,9.502E-012,nan,nan,nan,nan,nan,5.639E-011,1.101E-013,2.088E-011
14.38,133.8,216.7,0.000005574,0.00033,5.592E-007,4.612E-008,2.978E-007,0.000001618,0.209,4476000000000,2.904E-010,5.682E-011,1.115E-010,8.572E-013,3.784E-010,6.069E-014,5.562E-012,1.246E-010,1.7E-012,3E-012,1.297E-013,4.47E-010,3.62E-011,6.08E-012,0.781,1.562E-010,5.185E-010,5.679E-012,6.252E-012,4.346E-010,1E-020,1E-020,1E-020,1E-020,1E-020,1E-020,1E-020,1E-020,1E-020,1E-020,1E-020,1E-020,1E-020,1E-020,1E-020,1E-020,1E-020,1E-020,1E-020,1E-020,1.088E-015,5.419E-012,3.603E-011,nan,1.224E-010,1.327E-010,2.333E-010,1.178E-011,1.835E-011,2.112E-011,6.484E-010,7E-011,9.35E-011,4.143E-012,3.401E-012,1.115E-010,4.549E-011,4.035E-011,0,1.75E-012,8.451E-012,1.75E-012,1.75E-012,3.413E-012,9.799E-012,9.419E-012,nan,nan,nan,nan,nan,5.682E-011,7.814E-014,2.083E-011
14.78,125.6,216.7,0.000005205,0.00033,0.000000618,4.18E-008,2.956E-007,0.00000161,0.209,4202000000000,2.856E-010,5.726E-011,1.498E-010,5.933E-013,4.257E-010,6.507E-014,6.545E-012,1.493E-010,1.7E-012,3E-012,1.608E-013,4.335E-010,3.62E-011,6.582E-012,0.781,1.554E-010,5.085E-010,4.727E-012,5.138E-012,3.705E-010,1E-020,1E-020,1E-020,1E-020,1E-020,1E-020,1E-020,1E-020,1E-020,1E-020,1E-020,1E-020,1E-020,1E-020,1E-020,1E-020,1E-020,1E-020,1E-020,1E-020,1.167E-015,8.604E-012,4.12E-011,nan,1.2E-010,1.305E-010,2.312E-010,1.171E-011,1.814E-011,3.094E-011,8.279E-010,7E-011,9.35E-011,4.083E-012,3.297E-012,1.498E-010,4.578E-011,2.888E-011,0,1.735E-012,8.376E-012,1.735E-012,1.735E-012,3.382E-012,9.713E-012,9.336E-012,nan,nan,nan,nan,nan,5.726E-011,4.8E-014,2.077E-011
15.19,117.8,216.7,0.000004802,0.00033,0.000000692,3.776E-008,2.931E-007,0.000001601,0.209,3939000000000,2.802E-010,5.75E-011,1.989E-010,4.024E-013,5.058E-010,7.033E-014,7.734E-012,1.77E-010,1.7E-012,3E-012,2.041E-013,4.188E-010,3.612E-011,7.221E-012,0.781,1.544E-010,4.981E-010,3.962E-012,4.156E-012,3.122E-010,1E-020,1E-020,1E-020,1E-020,1E-020,1E-020,1E-020,1E-020,1E-020,1E-020,1E-020,1E-020,1E-020,1E-020,1E-020,1E-020,1E-020,1E-020,1E-020,1E-020,1.25E-015,1.188E-011,4.651E-011,nan,1.176E-010,1.281E-010,2.29E-010,1.164E-011,1.793E-011,4.104E-011,0.000000001,7E-011,9.35E-011,4.022E-012,3.195E-012,1.989E-010,4.434E-011,2.053E-011,0,1.719E-012,8.301E-012,1.719E-012,1.719E-012,3.341E-012,9.625E-012,9.252E-012,nan,nan,nan,nan,nan,5.75E-011,2.627E-014,2.069E-011
15.62,110.2,216.7,0.000004352,0.00033,0.000000786,0.000000034,2.903E-007,0.000001591,0.209,3687000000000,2.737E-010,5.75E-011,2.624E-010,3.013E-013,6.279E-010,7.676E-014,9.195E-012,2.087E-010,1.7E-012,3E-012,2.632E-013,4.025E-010,3.595E-011,8.039E-012,0.781,1.531E-010,4.87E-010,3.422E-012,3.329E-012,2.603E-010,1E-020,1E-020,1E-020,1E-020,1E-020,1E-020,1E-020,1E-020,1E-020,1E-020,1E-020,1E-020,1E-020,1E-020,1E-020,1E-020,1E-020,1E-020,1E-020,1E-020,1.338E-015,1.531E-011,5.207E-011,nan,1.15E-010,1.256E-010,2.267E-010,1.156E-011,1.771E-011,5.161E-011,1.205E-009,7E-011,9.35E-011,3.957E-012,3.092E-012,2.624E-010,4.068E-011,1.6E-011,0,1.703E-012,8.223E-012,1.703E-012,1.703E-012,3.286E-012,9.535E-012,9.165E-012,nan,nan,nan,nan,nan,5.75E-011,1.484E-014,2.059E-011
16.03,103,216.7,0.000003947,0.00033,8.803E-007,3.05E-008,2.874E-007,0.000001581,0.209,3446000000000,2.675E-010,5.738E-011,3.254E-010,2.077E-013,7.554E-010,8.319E-014,1.071E-011,2.394E-010,1.7E-012,3E-012,3.24E-013,3.867E-010,3.577E-011,8.874E-012,0.781,1.519E-010,4.761E-010,2.919E-012,2.557E-012,2.119E-010,1E-020,1E-020,1E-020,1E-020,1E-020,1E-020,1E-020,1E-020,1E-020,1E-020,1E-020,1E-020,1E-020,1E-020,1E-020,1E-020,1E-020,1E-020,1E-020,1E-020,1.424E-015,1.957E-011,5.781E-011,nan,1.124E-010,1.231E-010,2.244E-010,1.148E-011,1.748E-011,6.281E-011,1.4E-009,7E-011,9.35E-011,3.895E-012,2.993E-012,3.254E-010,3.701E-011,1.177E-011,0,1.686E-012,8.144E-012,1.686E-012,1.686E-012,3.231E-012,9.444E-012,9.077E-012,nan,nan,nan,nan,nan,5.738E-011,4.499E-015,2.049E-011
16.49,96.11,216.7,0.000003901,0.00033,0.000001026,2.783E-008,2.831E-007,0.000001568,0.209,3215000000000,2.601E-010,5.563E-011,4.175E-010,1.613E-013,0.000000001,9.309E-014,1.365E-011,2.744E-010,1.7E-012,3E-012,4.386E-013,3.683E-010,3.541E-011,1.036E-011,0.781,1.505E-010,4.632E-010,2.625E-012,2.078E-012,1.82E-010,1E-020,1E-020,1E-020,1E-020,1E-020,1E-020,1E-020,1E-020,1E-020,1E-020,1E-020,1E-020,1E-020,1E-020,1E-020,1E-020,1E-020,1E-020,1E-020,1E-020,1.535E-015,3.676E-011,6.897E-011,nan,1.077E-010,1.187E-010,2.203E-010,1.135E-011,1.708E-011,8.796E-011,1.719E-009,7E-011,9.346E-011,3.826E-012,2.897E-012,4.175E-010,3.135E-011,9.126E-012,0,1.66E-012,8.016E-012,1.66E-012,1.66E-012,3.14E-012,9.295E-012,8.934E-012,nan,nan,nan,nan,nan,5.563E-011,2.489E-015,2.032E-011
16.93,89.52,216.7,0.000003857,0.00033,0.000001165,2.528E-008,2.789E-007,0.000001555,0.209,2994000000000,2.531E-010,5.396E-011,5.054E-010,1.169E-013,1.271E-009,1.025E-013,1.646E-011,3.078E-010,1.7E-012,3E-012,5.481E-013,3.507E-010,3.505E-011,1.178E-011,0.781,1.492E-010,4.509E-010,2.344E-012,1.621E-012,1.534E-010,1E-020,1E-020,1E-020,1E-020,1E-020,1E-020,1E-020,1E-020,1E-020,1E-020,1E-020,1E-020,1E-020,1E-020,1E-020,1E-020,1E-020,1E-020,1E-020,1E-020,1.641E-015,5.317E-011,7.962E-011,nan,1.033E-010,1.145E-010,2.163E-010,1.122E-011,1.67E-011,1.12E-010,0.000000002,7E-011,9.342E-011,3.76E-012,2.804E-012,5.054E-010,2.595E-011,6.596E-012,0,1.635E-012,7.894E-012,1.635E-012,1.635E-012,3.054E-012,9.154E-012,8.798E-012,nan,nan,nan,nan,nan,5.396E-011,5.691E-016,2.016E-011
17.41,83.23,216.7,0.00000384,0.00033,0.000001351,2.275E-008,2.737E-007,0.00000154,0.209,2784000000000,2.471E-010,5.128E-011,6.223E-010,9.237E-014,1.638E-009,1.147E-013,2.051E-011,3.425E-010,1.7E-012,3E-012,7.598E-013,3.32E-010,3.467E-011,1.376E-011,0.781,1.474E-010,4.375E-010,2.275E-012,1.268E-012,1.31E-010,1E-020,1E-020,1E-020,1E-020,1E-020,1E-020,1E-020,1E-020,1E-020,1E-020,1E-020,1E-020,1E-020,1E-020,1E-020,1E-020,1E-020,1E-020,1E-020,1E-020,1.756E-015,7.102E-011,9.121E-011,nan,9.848E-011,1.098E-010,2.12E-010,1.108E-011,1.628E-011,1.381E-010,2.354E-009,7E-011,9.337E-011,3.688E-012,2.712E-012,6.223E-010,2.124E-011,5.168E-012,0,1.608E-012,7.765E-012,1.608E-012,1.608E-012,2.938E-012,9.004E-012,8.654E-012,nan,nan,nan,nan,nan,5.128E-011,1.656E-016,1.995E-011
17.88,77.24,216.7,0.000003828,0.00033,0.000001538,2.031E-008,2.685E-007,0.000001525,0.209,2583000000000,2.415E-010,4.853E-011,7.398E-010,7.232E-014,0.000000002,1.268E-013,2.461E-011,3.761E-010,1.7E-012,3E-012,9.812E-013,3.138E-010,3.43E-011,1.577E-011,0.781,1.455E-010,4.245E-010,2.247E-012,9.48E-013,1.104E-010,1E-020,1E-020,1E-020,1E-020,1E-020,1E-020,1E-020,1E-020,1E-020,1E-020,1E-020,1E-020,1E-020,1E-020,1E-020,1E-020,1E-020,1E-020,1E-020,1E-020,1.868E-015,8.842E-011,1.025E-010,nan,9.38E-011,1.053E-010,2.077E-010,1.094E-011,1.587E-011,1.635E-010,2.676E-009,7E-011,9.332E-011,3.619E-012,2.624E-012,7.398E-010,1.685E-011,3.99E-012,0,1.582E-012,7.639E-012,1.582E-012,1.582E-012,2.82E-012,8.859E-012,8.515E-012,nan,nan,nan,nan,nan,4.853E-011,4.469E-017,1.973E-011
18.37,71.54,216.7,0.000003834,0.00033,0.000001753,1.81E-008,2.617E-007,0.000001506,0.209,2393000000000,2.415E-010,4.477E-011,8.792E-010,5.678E-014,2.507E-009,1.427E-013,3.113E-011,4.063E-010,1.7E-012,3E-012,1.414E-012,2.959E-010,3.409E-011,1.866E-011,0.781,1.435E-010,4.113E-010,2.405E-012,7.383E-013,9.549E-011,1E-020,1E-020,1E-020,1E-020,1E-020,1E-020,1E-020,1E-020,1E-020,1E-020,1E-020,1E-020,1E-020,1E-020,1E-020,1E-020,1E-020,1E-020,1E-020,1E-020,2.001E-015,1.236E-010,1.163E-010,nan,8.8E-011,9.963E-011,2.023E-010,1.076E-011,1.535E-011,1.99E-010,0.000000003,7E-011,9.327E-011,3.544E-012,2.544E-012,8.792E-010,1.289E-011,3.118E-012,0,1.544E-012,7.456E-012,1.544E-012,1.544E-012,2.691E-012,8.646E-012,8.31E-012,nan,nan,nan,nan,nan,4.477E-011,7.924E-018,1.949E-011
18.87,66.13,216.7,0.000003847,0.00033,0.000001971,0.000000016,2.546E-007,0.000001485,0.209,2212000000000,2.435E-010,4.077E-011,0.000000001,4.332E-014,0.000000003,1.595E-013,3.828E-011,4.344E-010,1.7E-012,3E-012,1.907E-012,2.786E-010,3.394E-011,2.177E-011,0.781,1.415E-010,3.984E-010,2.622E-012,5.741E-013,8.297E-011,1E-020,1E-020,1E-020,1E-020,1E-020,1E-020,1E-020,1E-020,1E-020,1E-020,1E-020,1E-020,1E-020,1E-020,1E-020,1E-020,1E-020,1E-020,1E-020,1E-020,2.137E-015,1.64E-010,1.306E-010,nan,8.199E-011,9.374E-011,1.967E-010,1.058E-011,1.481E-011,2.369E-010,3.414E-009,7E-011,9.322E-011,3.47E-012,2.47E-012,0.000000001,9.218E-012,2.383E-012,0,1.503E-012,7.257E-012,1.503E-012,1.503E-012,2.561E-012,8.416E-012,8.089E-012,nan,nan,nan,nan,nan,4.077E-011,1.764E-018,1.924E-011
19.39,60.99,216.7,0.00000387,0.00033,0.000002245,1.463E-008,2.463E-007,0.000001458,0.209,2040000000000,2.483E-010,3.664E-011,1.189E-009,3.358E-014,3.574E-009,1.844E-013,4.707E-011,4.604E-010,1.7E-012,3E-012,3.06E-012,2.611E-010,3.406E-011,2.578E-011,0.781,1.394E-010,3.848E-010,3.072E-012,4.437E-013,7.195E-011,1E-020,1E-020,1E-020,1E-020,1E-020,1E-020,1E-020,1E-020,1E-020,1E-020,1E-020,1E-020,1E-020,1E-020,1E-020,1E-020,1E-020,1E-020,1E-020,1E-020,2.319E-015,2.069E-010,1.457E-010,nan,7.558E-011,8.747E-011,1.907E-010,1.038E-011,1.423E-011,2.772E-010,3.809E-009,7E-011,9.317E-011,3.391E-012,2.391E-012,1.189E-009,6.095E-012,1.777E-012,0,1.461E-012,7.055E-012,1.461E-012,1.461E-012,2.435E-012,8.181E-012,7.864E-012,nan,nan,nan,nan,nan,3.664E-011,8.485E-020,1.901E-011
19.91,56.13,216.7,0.000003896,0.00033,0.00000253,1.35E-008,2.379E-007,0.000001429,0.209,1877000000000,2.54E-010,3.26E-011,1.361E-009,2.549E-014,4.108E-009,2.114E-013,5.614E-011,4.848E-010,1.7E-012,3E-012,4.408E-012,2.439E-010,3.426E-011,2.998E-011,0.781,1.374E-010,3.713E-010,3.591E-012,3.296E-013,6.184E-011,1E-020,1E-020,1E-020,1E-020,1E-020,1E-020,1E-020,1E-020,1E-020,1E-020,1E-020,1E-020,1E-020,1E-020,1E-020,1E-020,1E-020,1E-020,1E-020,1E-020,2.51E-015,2.493E-010,1.606E-010,nan,6.926E-011,8.127E-011,1.848E-010,1.018E-011,1.366E-011,3.171E-010,4.199E-009,7E-011,9.311E-011,3.313E-012,2.313E-012,1.361E-009,3.272E-012,1.238E-012,0,1.42E-012,6.858E-012,1.42E-012,1.42E-012,2.315E-012,7.952E-012,7.644E-012,nan,nan,nan,nan,nan,3.26E-011,5.426E-020,1.878E-011
20.47,51.53,217.1,0.000003935,0.00033,0.00000279,1.284E-008,2.285E-007,0.000001392,0.209,1720000000000,2.653E-010,2.945E-011,1.564E-009,2.18E-014,4.548E-009,2.743E-013,6.711E-011,5.045E-010,1.7E-012,3E-012,6.291E-012,2.283E-010,3.548E-011,3.644E-011,0.781,1.356E-010,3.568E-010,4.592E-012,2.531E-013,5.333E-011,1E-020,1E-020,1E-020,1E-020,1E-020,1E-020,1E-020,1E-020,1E-020,1E-020,1E-020,1E-020,1E-020,1E-020,1E-020,1E-020,1E-020,1E-020,1E-020,1E-020,2.781E-015,3.09E-010,1.78E-010,nan,6.25E-011,7.446E-011,1.779E-010,9.953E-012,1.3E-011,3.693E-010,4.56E-009,7E-011,9.304E-011,3.253E-012,2.201E-012,1.564E-009,1.874E-012,8.828E-013,0,1.375E-012,6.643E-012,1.375E-012,1.375E-012,2.193E-012,7.703E-012,7.404E-012,nan,nan,nan,nan,nan,2.945E-011,2.599E-020,1.855E-011
21.01,47.19,217.6,0.000003976,0.00033,0.000003037,1.232E-008,2.192E-007,0.000001354,0.209,1572000000000,2.774E-010,2.664E-011,1.766E-009,1.917E-014,4.948E-009,3.425E-013,7.802E-011,5.224E-010,1.7E-012,3E-012,8.188E-012,2.136E-010,3.685E-011,4.312E-011,0.781,1.339E-010,3.426E-010,5.69E-012,1.877E-013,4.553E-011,1E-020,1E-020,1E-020,1E-020,1E-020,1E-020,1E-020,1E-020,1E-020,1E-020,1E-020,1E-020,1E-020,1E-020,1E-020,1E-020,1E-020,1E-020,1E-020,1E-020,3.058E-015,3.698E-010,1.951E-010,nan,5.593E-011,6.781E-011,1.71E-010,9.725E-012,1.234E-011,4.218E-010,4.9E-009,7E-011,9.297E-011,3.199E-012,2.087E-012,1.766E-009,8.352E-013,5.827E-013,0,1.332E-012,6.434E-012,1.332E-012,1.332E-012,2.076E-012,7.46E-012,7.17E-012,nan,nan,nan,nan,nan,2.664E-011,7.732E-023,1.834E-011
21.61,43.1,218.2,0.00000403,0.00033,0.000003408,1.232E-008,2.106E-007,0.000001304,0.209,1432000000000,2.954E-010,2.43E-011,0.000000002,1.797E-014,5.259E-009,4.438E-013,9.079E-011,5.386E-010,1.7E-012,3E-012,9.717E-012,1.98E-010,3.895E-011,5.193E-011,0.781,1.315E-010,3.27E-010,8.495E-012,1.368E-013,3.851E-011,1E-020,1E-020,1E-020,1E-020,1E-020,1E-020,1E-020,1E-020,1E-020,1E-020,1E-020,1E-020,1E-020,1E-020,1E-020,1E-020,1E-020,1E-020,1E-020,1E-020,3.421E-015,4.366E-010,2.139E-010,nan,4.87E-011,6.048E-011,1.634E-010,9.473E-012,1.162E-011,4.796E-010,5.275E-009,7E-011,9.29E-011,3.139E-012,1.973E-012,0.000000002,4.162E-013,3.933E-013,0,1.287E-012,6.217E-012,1.287E-012,1.287E-012,1.973E-012,7.208E-012,6.928E-012,nan,nan,nan,nan,nan,2.43E-011,5.425E-023,1.814E-011
22.21,39.26,218.8,0.000004093,0.00033,0.000003756,1.248E-008,2.033E-007,0.000001255,0.209,1301000000000,3.181E-010,2.236E-011,2.248E-009,1.693E-014,5.519E-009,5.613E-013,1.04E-010,5.544E-010,1.7E-012,3E-012,1.164E-011,1.83E-010,4.128E-011,6.155E-011,0.781,1.29E-010,3.105E-010,1.227E-011,9.427E-014,3.233E-011,1E-020,1E-020,1E-020,1E-020,1E-020,1E-020,1E-020,1E-020,1E-020,1E-020,1E-020,1E-020,1E-020,1E-020,1E-020,1E-020,1E-020,1E-020,1E-020,1E-020,3.823E-015,5.029E-010,2.319E-010,nan,4.194E-011,5.347E-011,1.557E-010,9.218E-012,1.09E-011,5.409E-010,5.588E-009,7E-011,9.284E-011,3.09E-012,1.867E-012,2.248E-009,1.213E-013,2.409E-013,0,1.244E-012,6.009E-012,1.244E-012,1.244E-012,1.878E-012,6.967E-012,6.697E-012,nan,nan,nan,nan,nan,2.236E-011,3.132E-023,1.796E-011
22.83,35.65,219.4,0.000004177,0.00033,0.00000408,1.294E-008,1.981E-007,0.000001205,0.209,1177000000000,3.51E-010,2.105E-011,2.509E-009,1.612E-014,5.693E-009,7.167E-013,1.189E-010,5.706E-010,1.7E-012,3E-012,1.444E-011,1.681E-010,4.421E-011,7.331E-011,0.781,1.258E-010,2.912E-010,1.811E-011,6.536E-014,2.735E-011,1E-020,1E-020,1E-020,1E-020,1E-020,1E-020,1E-020,1E-020,1E-020,1E-020,1E-020,1E-020,1E-020,1E-020,1E-020,1E-020,1E-020,1E-020,1E-020,1E-020,4.324E-015,5.722E-010,2.494E-010,nan,3.566E-011,4.665E-011,1.474E-010,8.94E-012,1.014E-011,6.124E-010,5.8E-009,7E-011,9.283E-011,3.058E-012,1.767E-012,2.509E-009,4.595E-014,1.501E-013,0,1.202E-012,5.805E-012,1.202E-012,1.202E-012,1.795E-012,6.731E-012,6.47E-012,nan,nan,nan,nan,nan,2.105E-011,7.313E-024,1.781E-011
23.48,32.27,220.1,0.000004248,0.00033,0.00000439,1.352E-008,1.922E-007,0.000001156,0.209,1063000000000,4.04E-010,1.988E-011,2.812E-009,1.517E-014,5.788E-009,9.531E-013,1.361E-010,5.89E-010,1.7E-012,3E-012,1.868E-011,1.509E-010,4.771E-011,8.749E-011,0.781,1.221E-010,2.676E-010,2.807E-011,4.046E-014,2.256E-011,1E-020,1E-020,1E-020,1E-020,1E-020,1E-020,1E-020,1E-020,1E-020,1E-020,1E-020,1E-020,1E-020,1E-020,1E-020,1E-020,1E-020,1E-020,1E-020,1E-020,4.881E-015,6.449E-010,2.677E-010,nan,2.906E-011,3.95E-011,1.388E-010,8.649E-012,9.336E-012,6.875E-010,0.000000006,7E-011,9.281E-011,3.026E-012,1.672E-012,2.812E-009,2.122E-014,1.143E-013,0,1.16E-012,5.601E-012,1.16E-012,1.16E-012,1.723E-012,6.494E-012,6.242E-012,nan,nan,nan,nan,nan,1.988E-011,4.096E-025,1.768E-011
24.14,29.12,220.7,0.000004318,0.00033,0.000004697,1.414E-008,1.858E-007,0.000001109,0.209,956300000000,4.841E-010,1.879E-011,3.156E-009,1.41E-014,5.807E-009,1.304E-012,1.545E-010,6.107E-010,1.701E-012,3E-012,2.485E-011,1.329E-010,5.168E-011,1.037E-010,0.781,1.182E-010,2.399E-010,4.054E-011,2.035E-014,1.795E-011,1E-020,1E-020,1E-020,1E-020,1E-020,1E-020,1E-020,1E-020,1E-020,1E-020,1E-020,1E-020,1E-020,1E-020,1E-020,1E-020,1E-020,1E-020,1E-020,1E-020,5.492E-015,7.123E-010,2.849E-010,nan,2.288E-011,3.266E-011,1.3E-010,8.352E-012,8.534E-012,7.625E-010,6.196E-009,7E-011,9.278E-011,2.986E-012,1.586E-012,3.156E-009,1.594E-014,9.998E-014,0,1.12E-012,5.407E-012,1.12E-012,1.12E-012,1.659E-012,6.27E-012,6.026E-012,nan,nan,nan,nan,nan,1.879E-011,7.386E-027,1.757E-011
24.84,26.18,221.4,0.000004405,0.00033,0.000005038,1.482E-008,1.775E-007,0.000001065,0.209,857100000000,6.467E-010,1.775E-011,3.629E-009,1.264E-014,5.648E-009,2.013E-012,1.768E-010,6.433E-010,1.708E-012,3E-012,3.687E-011,1.128E-010,5.696E-011,1.258E-010,0.781,1.14E-010,2.003E-010,5.791E-011,1.077E-014,1.33E-011,1E-020,1E-020,1E-020,1E-020,1E-020,1E-020,1E-020,1E-020,1E-020,1E-020,1E-020,1E-020,1E-020,1E-020,1E-020,1E-020,1E-020,1E-020,1E-020,1E-020,6.293E-015,7.609E-010,2.979E-010,nan,1.813E-011,2.687E-011,1.205E-010,8.026E-012,7.709E-012,8.395E-010,6.175E-009,7E-011,9.267E-011,2.916E-012,1.516E-012,3.629E-009,1.217E-014,8.762E-014,0,1.084E-012,5.236E-012,1.084E-012,1.084E-012,1.603E-012,6.072E-012,5.836E-012,nan,nan,nan,nan,nan,1.775E-011,3.198E-027,1.748E-011
25.63,23.45,222.2,0.000004463,0.00033,0.000005291,1.523E-008,1.714E-007,0.000001038,0.209,765500000000,8.354E-010,1.697E-011,0.000000004,1.156E-014,5.41E-009,2.893E-012,1.941E-010,6.763E-010,1.723E-012,3E-012,5.11E-011,9.764E-011,6.171E-011,1.444E-010,0.781,1.11E-010,1.705E-010,7.236E-011,7.393E-015,1.057E-011,1E-020,1E-020,1E-020,1E-020,1E-020,1E-020,1E-020,1E-020,1E-020,1E-020,1E-020,1E-020,1E-020,1E-020,1E-020,1E-020,1E-020,1E-020,1E-020,1E-020,7.639E-015,7.942E-010,3.012E-010,nan,1.398E-011,2.149E-011,1.1E-010,7.651E-012,6.825E-012,8.908E-010,0.000000006,7E-011,9.233E-011,2.817E-012,1.454E-012,0.000000004,8.429E-015,6.329E-014,0,1.046E-012,5.049E-012,1.046E-012,1.046E-012,1.55E-012,5.855E-012,5.627E-012,nan,nan,nan,nan,nan,1.697E-011,1.741E-027,1.74E-011
26.42,20.92,223,0.00000451,0.00033,0.000005506,1.555E-008,1.661E-007,0.000001016,0.209,680900000000,0.000000001,1.631E-011,4.346E-009,1.064E-014,5.162E-009,3.778E-012,2.092E-010,7.077E-010,1.738E-012,3E-012,6.526E-011,8.477E-011,6.608E-011,1.61E-010,0.781,1.085E-010,1.451E-010,8.523E-011,6.005E-015,8.539E-012,1E-020,1E-020,1E-020,1E-020,1E-020,1E-020,1E-020,1E-020,1E-020,1E-020,1E-020,1E-020,1E-020,1E-020,1E-020,1E-020,1E-020,1E-020,1E-020,1E-020,9.076E-015,8.213E-010,3.013E-010,nan,1.022E-011,1.651E-011,9.972E-011,7.281E-012,5.969E-012,9.32E-010,5.895E-009,7E-011,9.193E-011,2.713E-012,1.398E-012,4.346E-009,4.888E-015,3.67E-014,0,1.008E-012,4.867E-012,1.008E-012,1.008E-012,1.501E-012,5.643E-012,5.424E-012,nan,nan,nan,nan,nan,1.631E-011,1.158E-027,1.733E-011
27.14,18.58,223.7,0.000004554,0.00033,0.000005705,1.584E-008,1.612E-007,9.967E-007,0.209,602600000000,1.195E-009,1.57E-011,4.657E-009,9.79E-015,4.933E-009,4.596E-012,2.231E-010,7.367E-010,1.753E-012,3E-012,7.834E-011,7.287E-011,7.011E-011,1.764E-010,0.781,1.061E-010,1.216E-010,9.713E-011,4.723E-015,6.665E-012,1E-020,1E-020,1E-020,1E-020,1E-020,1E-020,1E-020,1E-020,1E-020,1E-020,1E-020,1E-020,1E-020,1E-020,1E-020,1E-020,1E-020,1E-020,1E-020,1E-020,1.04E-014,8.463E-010,3.015E-010,nan,6.744E-012,1.191E-011,9.022E-011,6.939E-012,5.178E-012,0.000000001,5.754E-009,7E-011,9.156E-011,2.617E-012,1.346E-012,4.657E-009,1.616E-015,1.213E-014,0,9.728E-013,4.698E-012,9.728E-013,9.728E-013,1.455E-012,5.448E-012,5.237E-012,nan,nan,nan,nan,nan,1.57E-011,6.19E-028,1.726E-011
27.96,16.43,224.5,0.000004602,0.00033,0.00000594,1.618E-008,1.557E-007,9.736E-007,0.209,530900000000,1.494E-009,1.503E-011,5.057E-009,8.818E-015,4.623E-009,6.225E-012,2.397E-010,7.943E-010,1.786E-012,3E-012,1.031E-010,6.016E-011,7.488E-011,1.952E-010,0.781,1.036E-010,9.852E-011,1.09E-010,3.803E-015,5.082E-012,1E-020,1E-020,1E-020,1E-020,1E-020,1E-020,1E-020,1E-020,1E-020,1E-020,1E-020,1E-020,1E-020,1E-020,1E-020,1E-020,1E-020,1E-020,1E-020,1E-020,1.243E-014,8.375E-010,2.862E-010,nan,4.258E-012,8.319E-012,8.027E-011,6.56E-012,4.401E-012,0.000000001,5.488E-009,6.983E-011,9.083E-011,2.502E-012,1.298E-012,5.057E-009,0,0,0,9.324E-013,4.503E-012,9.324E-013,9.324E-013,1.404E-012,5.221E-012,5.019E-012,nan,nan,nan,nan,nan,1.503E-011,3.525E-028,1.719E-011
28.86,14.46,225.4,0.000004657,0.00033,0.000006212,1.659E-008,1.494E-007,0.000000947,0.209,465400000000,1.917E-009,1.431E-011,5.545E-009,7.725E-015,4.232E-009,8.65E-012,2.589E-010,8.801E-010,1.836E-012,3E-012,1.394E-010,4.663E-011,8.038E-011,2.172E-010,0.781,1.008E-010,7.579E-011,1.21E-010,3.235E-015,3.779E-012,1E-020,1E-020,1E-020,1E-020,1E-020,1E-020,1E-020,1E-020,1E-020,1E-020,1E-020,1E-020,1E-020,1E-020,1E-020,1E-020,1E-020,1E-020,1E-020,1E-020,1.514E-014,7.956E-010,2.558E-010,nan,2.736E-012,5.716E-012,6.989E-011,6.144E-012,3.638E-012,8.775E-010,5.1E-009,6.949E-011,8.974E-011,2.368E-012,1.255E-012,5.545E-009,0,0,0,8.866E-013,4.282E-012,8.866E-013,8.866E-013,1.346E-012,4.965E-012,4.773E-012,nan,nan,nan,nan,nan,1.431E-011,3.514E-028,1.711E-011
29.69,12.65,226.2,0.000004706,0.00033,0.00000646,0.000000017,1.437E-007,9.227E-007,0.209,405500000000,2.304E-009,1.365E-011,0.000000006,6.726E-015,3.874E-009,1.087E-011,2.764E-010,0.000000001,1.883E-012,3E-012,1.725E-010,3.425E-011,8.541E-011,2.374E-010,0.781,9.826E-011,5.501E-011,1.319E-010,2.715E-015,2.588E-012,1E-020,1E-020,1E-020,1E-020,1E-020,1E-020,1E-020,1E-020,1E-020,1E-020,1E-020,1E-020,1E-020,1E-020,1E-020,1E-020,1E-020,1E-020,1E-020,1E-020,1.762E-014,7.572E-010,2.28E-010,nan,1.343E-012,3.336E-012,6.04E-011,5.763E-012,2.94E-012,8.099E-010,4.744E-009,6.918E-011,8.874E-011,2.246E-012,1.215E-012,0.000000006,0,0,0,8.447E-013,4.079E-012,8.447E-013,8.447E-013,1.293E-012,4.73E-012,4.547E-012,nan,nan,nan,nan,nan,1.365E-011,3.504E-028,1.704E-011
30.65,11,227.3,0.000004751,0.00033,0.000006766,1.746E-008,1.351E-007,8.918E-007,0.209,349000000000,0.000000003,1.306E-011,6.433E-009,5.655E-015,3.441E-009,1.75E-011,2.926E-010,1.064E-009,1.994E-012,3E-012,2.298E-010,2.504E-011,9.087E-011,2.583E-010,0.781,9.55E-011,3.957E-011,1.36E-010,2.348E-015,1.804E-012,1E-020,1E-020,1E-020,1E-020,1E-020,1E-020,1E-020,1E-020,1E-020,1E-020,1E-020,1E-020,1E-020,1E-020,1E-020,1E-020,1E-020,1E-020,1E-020,1E-020,2.145E-014,6.688E-010,1.908E-010,nan,6.38E-013,1.95E-012,5.114E-011,5.341E-012,2.336E-012,6.881E-010,4.255E-009,6.855E-011,8.683E-011,2.174E-012,1.166E-012,6.433E-009,0,0,0,7.967E-013,3.848E-012,7.967E-013,7.967E-013,1.224E-012,4.462E-012,4.289E-012,nan,nan,nan,nan,nan,1.306E-011,3.49E-028,1.694E-011
31.66,9.512,228.6,0.000004791,0.00033,0.000007096,0.000000018,0.000000125,8.582E-007,0.209,296500000000,3.827E-009,1.254E-011,6.855E-009,4.582E-015,0.000000003,2.647E-011,3.075E-010,1.181E-009,2.138E-012,3E-012,2.989E-010,1.801E-011,9.637E-011,2.788E-010,0.781,9.273E-011,2.78E-011,1.36E-010,2.083E-015,1.285E-012,1E-020,1E-020,1E-020,1E-020,1E-020,1E-020,1E-020,1E-020,1E-020,1E-020,1E-020,1E-020,1E-020,1E-020,1E-020,1E-020,1E-020,1E-020,1E-020,1E-020,2.593E-014,5.545E-010,1.497E-010,nan,3.568E-013,1.192E-012,4.236E-011,4.909E-012,1.809E-012,5.391E-010,3.706E-009,6.777E-011,8.445E-011,2.134E-012,1.114E-012,6.855E-009,0,0,0,7.47E-013,3.608E-012,7.47E-013,7.47E-013,1.149E-012,4.183E-012,4.021E-012,nan,nan,nan,nan,nan,1.254E-011,3.474E-028,1.684E-011
32.59,8.165,229.9,0.000004828,0.00033,0.00000739,1.856E-008,1.156E-007,8.269E-007,0.209,249600000000,4.626E-009,1.208E-011,7.213E-009,3.611E-015,2.555E-009,3.582E-011,3.21E-010,1.291E-009,2.281E-012,3E-012,3.626E-010,1.181E-011,1.014E-010,2.969E-010,0.781,9.019E-011,1.751E-011,1.352E-010,1.847E-015,8.303E-013,1E-020,1E-020,1E-020,1E-020,1E-020,1E-020,1E-020,1E-020,1E-020,1E-020,1E-020,1E-020,1E-020,1E-020,1E-020,1E-020,1E-020,1E-020,1E-020,1E-020,3.025E-014,4.49E-010,1.126E-010,nan,1.164E-013,5.386E-013,3.443E-011,4.513E-012,1.339E-012,4.045E-010,3.198E-009,6.705E-011,8.201E-011,2.098E-012,1.066E-012,7.213E-009,0,0,0,7.011E-013,3.386E-012,7.011E-013,7.011E-013,1.078E-012,3.926E-012,3.774E-012,nan,nan,nan,nan,nan,1.208E-011,3.459E-028,1.674E-011
33.8,6.957,233.2,0.000004864,0.00033,0.000007613,1.932E-008,1.042E-007,7.865E-007,0.209,212900000000,5.882E-009,1.184E-011,7.246E-009,2.716E-015,2.098E-009,5.964E-011,3.345E-010,1.43E-009,2.55E-012,3E-012,4.352E-010,8.064E-012,1.062E-010,3.09E-010,0.781,8.74E-011,1.243E-011,1.241E-010,1.684E-015,5.864E-013,1E-020,1E-020,1E-020,1E-020,1E-020,1E-020,1E-020,1E-020,1E-020,1E-020,1E-020,1E-020,1E-020,1E-020,1E-020,1E-020,1E-020,1E-020,1E-020,1E-020,3.756E-014,3.248E-010,7.944E-011,nan,6.478E-014,3.207E-013,2.729E-011,4.068E-012,9.883E-013,2.801E-010,2.589E-009,6.626E-011,7.632E-011,2.074E-012,1.007E-012,7.246E-009,0,0,0,6.476E-013,3.128E-012,6.476E-013,6.476E-013,9.867E-013,3.627E-012,3.486E-012,nan,nan,nan,nan,nan,1.184E-011,3.439E-028,1.663E-011
34.87,5.878,236.1,0.000004896,0.00033,0.000007813,0.00000002,0.000000094,7.504E-007,0.209,180100000000,0.000000007,1.163E-011,7.276E-009,1.917E-015,1.69E-009,8.091E-011,3.465E-010,1.555E-009,2.791E-012,3E-012,5.001E-010,4.718E-012,1.105E-010,3.197E-010,0.781,8.49E-011,7.903E-012,1.142E-010,1.538E-015,3.686E-013,1E-020,1E-020,1E-020,1E-020,1E-020,1E-020,1E-020,1E-020,1E-020,1E-020,1E-020,1E-020,1E-020,1E-020,1E-020,1E-020,1E-020,1E-020,1E-020,1E-020,4.409E-014,2.14E-010,4.987E-011,nan,1.866E-014,1.261E-013,2.091E-011,3.671E-012,6.752E-013,1.691E-010,0.000000002,6.556E-011,7.123E-011,2.053E-012,9.553E-013,7.276E-009,0,0,0,5.998E-013,2.897E-012,5.998E-013,5.998E-013,9.051E-013,3.36E-012,3.229E-012,nan,nan,nan,nan,nan,1.163E-011,3.422E-028,1.653E-011
36.21,4.92,239.8,0.000004924,0.00033,0.000007819,2.111E-008,8.025E-008,7.052E-007,0.209,150800000000,8.205E-009,1.184E-011,6.786E-009,1.387E-015,1.315E-009,1.254E-010,3.596E-010,1.628E-009,3.241E-012,3E-012,5.559E-010,2.998E-012,1.12E-010,3.128E-010,0.781,8.247E-011,5.258E-012,9.949E-011,1.423E-015,2.413E-013,1E-020,1E-020,1E-020,1E-020,1E-020,1E-020,1E-020,1E-020,1E-020,1E-020,1E-020,1E-020,1E-020,1E-020,1E-020,1E-020,1E-020,1E-020,1E-020,1E-020,5.484E-014,1.318E-010,3.087E-011,nan,7.234E-015,6.047E-014,1.576E-011,3.265E-012,4.651E-013,1.007E-010,1.512E-009,6.524E-011,6.483E-011,1.987E-012,8.885E-013,6.786E-009,0,0,0,5.456E-013,2.635E-012,5.456E-013,5.456E-013,8.236E-013,3.056E-012,2.937E-012,nan,nan,nan,nan,nan,1.184E-011,3.405E-028,1.644E-011
37.45,4.077,243.3,0.000004949,0.00033,0.000007801,2.216E-008,6.748E-008,6.636E-007,0.209,124900000000,9.294E-009,1.209E-011,6.282E-009,9.449E-016,0.000000001,1.682E-010,3.715E-010,1.687E-009,3.672E-012,3E-012,6.049E-010,1.657E-012,1.13E-010,3.044E-010,0.781,8.029E-011,3.121E-012,8.569E-011,1.324E-015,1.384E-013,1E-020,1E-020,1E-020,1E-020,1E-020,1E-020,1E-020,1E-020,1E-020,1E-020,1E-020,1E-020,1E-020,1E-020,1E-020,1E-020,1E-020,1E-020,1E-020,1E-020,6.5E-014,6.167E-011,1.515E-011,nan,1.303E-015,1.764E-014,1.13E-011,2.9E-012,2.895E-013,4.468E-011,0.000000001,6.501E-011,5.893E-011,1.923E-012,8.266E-013,6.282E-009,0,0,0,4.961E-013,2.396E-012,4.961E-013,4.961E-013,7.505E-013,2.779E-012,2.671E-012,nan,nan,nan,nan,nan,1.209E-011,3.391E-028,1.635E-011
39,3.34,247.6,0.000004995,0.00033,0.0000075,2.386E-008,5.386E-008,6.031E-007,0.209,99410000000,1.045E-008,1.3E-011,4.924E-009,5.472E-016,7.073E-010,2.389E-010,3.858E-010,1.72E-009,4.421E-012,3E-012,5.998E-010,1.043E-012,1.07E-010,2.704E-010,0.781,7.786E-011,2.005E-012,7.227E-011,1.236E-015,8.599E-014,1E-020,1E-020,1E-020,1E-020,1E-020,1E-020,1E-020,1E-020,1E-020,1E-020,1E-020,1E-020,1E-020,1E-020,1E-020,1E-020,1E-020,1E-020,1E-020,1E-020,7.818E-014,2.879E-011,7.799E-012,nan,4.499E-016,7.497E-015,8.056E-012,2.543E-012,1.862E-013,2.143E-011,6.377E-010,6.5E-011,5.249E-011,1.848E-012,7.497E-013,4.924E-009,0,0,0,4.456E-013,2.152E-012,4.456E-013,4.456E-013,6.894E-013,2.496E-012,2.399E-012,nan,nan,nan,nan,nan,1.3E-011,3.372E-028,1.628E-011
40.52,2.701,251.8,0.000005051,0.00033,0.000007069,2.566E-008,4.143E-008,5.423E-007,0.209,77840000000,1.135E-008,1.421E-011,3.64E-009,2.506E-016,4.741E-010,3.104E-010,3.981E-010,1.744E-009,5.166E-012,3E-012,5.61E-010,6.215E-013,9.807E-011,2.304E-010,0.781,7.561E-011,1.225E-012,6.118E-011,1.159E-015,4.731E-014,1E-020,1E-020,1E-020,1E-020,1E-020,1E-020,1E-020,1E-020,1E-020,1E-020,1E-020,1E-020,1E-020,1E-020,1E-020,1E-020,1E-020,1E-020,1E-020,1E-020,8.983E-014,7.245E-012,2.82E-012,nan,3.95E-017,1.612E-015,5.475E-012,2.229E-012,1.09E-013,6.217E-012,3.309E-010,6.5E-011,4.72E-011,1.773E-012,6.773E-013,3.64E-009,0,0,0,4.013E-013,1.938E-012,4.013E-013,4.013E-013,6.382E-013,2.248E-012,2.16E-012,nan,nan,nan,nan,nan,1.421E-011,3.356E-028,1.623E-011
42.21,2.153,256.5,0.000005136,0.00033,0.000006326,2.787E-008,2.952E-008,4.731E-007,0.209,60890000000,1.182E-008,1.617E-011,2.382E-009,1.108E-016,2.841E-010,3.922E-010,4.083E-010,1.758E-009,5.991E-012,3E-012,4.515E-010,4.619E-013,8.218E-011,1.736E-010,0.781,7.338E-011,9.205E-013,5.307E-011,1.091E-015,2.608E-014,1E-020,1E-020,1E-020,1E-020,1E-020,1E-020,1E-020,1E-020,1E-020,1E-020,1E-020,1E-020,1E-020,1E-020,1E-020,1E-020,1E-020,1E-020,1E-020,1E-020,9.99E-014,2.175E-012,1.165E-012,nan,1.005E-017,5.589E-016,3.739E-012,1.953E-012,6.648E-014,2.118E-012,1.549E-010,6.5E-011,4.35E-011,1.685E-012,6.043E-013,2.382E-009,0,0,0,3.627E-013,1.751E-012,3.627E-013,3.627E-013,5.981E-013,2.032E-012,1.952E-012,nan,nan,nan,nan,nan,1.617E-011,3.342E-028,1.62E-011
44.14,1.687,261.8,0.000005199,0.00033,0.000005578,0.000000031,1.991E-008,0.000000397,0.209,46810000000,1.177E-008,1.945E-011,1.502E-009,4.959E-017,1.662E-010,4.748E-010,4.172E-010,1.78E-009,6.602E-012,3E-012,3.138E-010,3.688E-013,5.899E-011,1.204E-010,0.781,7.103E-011,7.373E-013,4.692E-011,1.026E-015,1.457E-014,1E-020,1E-020,1E-020,1E-020,1E-020,1E-020,1E-020,1E-020,1E-020,1E-020,1E-020,1E-020,1E-020,1E-020,1E-020,1E-020,1E-020,1E-020,1E-020,1E-020,1.024E-013,5.603E-013,4.524E-013,nan,2.104E-018,1.82E-016,2.497E-012,1.706E-012,3.977E-014,6.355E-013,6.597E-011,6.5E-011,3.812E-011,1.591E-012,5.409E-013,1.502E-009,0,0,0,3.26E-013,1.574E-012,3.26E-013,3.26E-013,5.589E-013,1.826E-012,1.755E-012,nan,nan,nan,nan,nan,1.945E-011,3.32E-028,1.615E-011
46.21,1.297,267.3,0.000005237,0.00033,0.000004694,3.471E-008,1.275E-008,3.216E-007,0.209,35250000000,1.136E-008,2.424E-011,9.161E-010,2.168E-017,9.974E-011,5.439E-010,4.224E-010,1.795E-009,6.961E-012,3E-012,2.051E-010,3.079E-013,3.279E-011,7.411E-011,0.781,6.855E-011,6.158E-013,4.131E-011,9.666E-016,8.549E-015,1E-020,1E-020,1E-020,1E-020,1E-020,1E-020,1E-020,1E-020,1E-020,1E-020,1E-020,1E-020,1E-020,1E-020,1E-020,1E-020,1E-020,1E-020,1E-020,1E-020,9.681E-014,9.233E-014,1.449E-013,nan,3.044E-019,4.753E-017,1.603E-012,1.491E-012,2.252E-014,1.313E-013,2.259E-011,6.391E-011,3.162E-011,1.487E-012,4.879E-013,9.161E-010,0,0,0,3.005E-013,1.451E-012,3.005E-013,3.005E-013,5.15E-013,1.683E-012,1.618E-012,nan,nan,nan,nan,nan,2.424E-011,3.3E-028,1.609E-011
48.48,0.9753,270.6,0.00000524,0.00033,0.000003707,4.063E-008,7.562E-009,2.509E-007,0.209,26120000000,1.073E-008,3.08E-011,5.784E-010,1.07E-017,6.856E-011,6.167E-010,4.244E-010,1.8E-009,7.104E-012,3E-012,1.356E-010,2.67E-013,1.19E-011,3.982E-011,0.781,6.594E-011,5.341E-013,3.674E-011,9.14E-016,5.851E-015,1E-020,1E-020,1E-020,1E-020,1E-020,1E-020,1E-020,1E-020,1E-020,1E-020,1E-020,1E-020,1E-020,1E-020,1E-020,1E-020,1E-020,1E-020,1E-020,1E-020,8.25E-014,1.22E-014,4.295E-014,nan,3.593E-020,1.106E-017,1.019E-012,1.318E-012,1.254E-014,2.509E-014,6.886E-012,6.049E-011,2.463E-011,1.373E-012,4.443E-013,5.784E-010,0,0,0,2.877E-013,1.39E-012,2.877E-013,2.877E-013,4.641E-013,1.612E-012,1.549E-012,nan,nan,nan,nan,nan,3.08E-011,3.282E-028,1.6E-011
51.12,0.714,268.5,0.000005197,0.00033,0.000002808,5.056E-008,4.358E-009,1.999E-007,0.209,19210000000,1.026E-008,3.791E-011,4.196E-010,6.606E-018,5.303E-011,7.375E-010,4.25E-010,1.8E-009,7.142E-012,3E-012,9.791E-011,2.427E-013,4.403E-012,2.299E-011,0.781,6.381E-011,4.855E-013,3.511E-011,8.74E-016,4.526E-015,1E-020,1E-020,1E-020,1E-020,1E-020,1E-020,1E-020,1E-020,1E-020,1E-020,1E-020,1E-020,1E-020,1E-020,1E-020,1E-020,1E-020,1E-020,1E-020,1E-020,6.077E-014,1.454E-015,1.35E-014,nan,4.461E-021,2.93E-018,6.83E-013,1.187E-012,7.478E-015,5.215E-015,2.297E-012,5.602E-011,1.921E-011,1.251E-012,4.049E-013,4.196E-010,0,0,0,2.803E-013,1.354E-012,2.803E-013,2.803E-013,4.134E-013,1.57E-012,1.509E-012,nan,nan,nan,nan,nan,3.791E-011,3.259E-028,1.589E-011
53.91,0.5064,263,0.000005127,0.00033,0.000002084,6.193E-008,3.382E-009,1.748E-007,0.209,13890000000,1.014E-008,4.365E-011,3.617E-010,5.309E-018,4.69E-011,8.923E-010,4.25E-010,1.8E-009,7.148E-012,3E-012,8.281E-011,2.321E-013,2.677E-012,1.725E-011,0.781,6.258E-011,4.643E-013,3.589E-011,8.517E-016,3.997E-015,1E-020,1E-020,1E-020,1E-020,1E-020,1E-020,1E-020,1E-020,1E-020,1E-020,1E-020,1E-020,1E-020,1E-020,1E-020,1E-020,1E-020,1E-020,1E-020,1E-020,3.724E-014,4.598E-016,5.589E-015,nan,1.42E-021,1.125E-018,4.708E-013,1.079E-012,4.656E-015,1.817E-015,1.07E-012,5.358E-011,1.625E-011,1.128E-012,3.676E-013,3.617E-010,0,0,0,2.714E-013,1.311E-012,2.714E-013,2.714E-013,3.728E-013,1.52E-012,1.461E-012,nan,nan,nan,nan,nan,4.365E-011,3.231E-028,1.579E-011
56.93,0.3454,255.5,0.000004965,0.00033,0.00000153,8.22E-008,2.639E-009,1.592E-007,0.209,9730000000,1.01E-008,4.806E-011,3.181E-010,4.359E-018,4.214E-011,1.265E-009,4.25E-010,1.8E-009,7.15E-012,3E-012,7.153E-011,2.234E-013,1.633E-012,1.326E-011,0.781,6.137E-011,4.467E-013,4.25E-011,8.302E-016,3.593E-015,1E-020,1E-020,1E-020,1E-020,1E-020,1E-020,1E-020,1E-020,1E-020,1E-020,1E-020,1E-020,1E-020,1E-020,1E-020,1E-020,1E-020,1E-020,1E-020,1E-020,1.719E-014,4.426E-017,1.669E-015,nan,1.419E-022,2.694E-019,3.081E-013,9.703E-013,2.682E-015,3.011E-016,4.347E-013,5.161E-011,1.304E-011,1.009E-012,3.314E-013,3.181E-010,0,0,0,2.67E-013,1.289E-012,2.67E-013,2.67E-013,3.397E-013,1.495E-012,1.437E-012,nan,nan,nan,nan,nan,4.806E-011,2.922E-028,1.569E-011
59.87,0.2244,247.4,0.000004759,0.00033,0.000001118,1.062E-007,2.09E-009,1.504E-007,0.209,6567000000,1.01E-008,5.135E-011,2.864E-010,3.69E-018,3.856E-011,1.739E-009,4.25E-010,1.8E-009,7.15E-012,3E-012,6.336E-011,2.163E-013,1.075E-012,1.062E-011,0.781,6.025E-011,4.326E-013,5.207E-011,8.109E-016,3.293E-015,1E-020,1E-020,1E-020,1E-020,1E-020,1E-020,1E-020,1E-020,1E-020,1E-020,1E-020,1E-020,1E-020,1E-020,1E-020,1E-020,1E-020,1E-020,1E-020,1E-020,7.356E-016,4.641E-018,4.217E-016,nan,1.095E-023,4.47E-020,1.872E-013,8.69E-013,1.363E-015,2.047E-017,1.99E-013,5.007E-011,9.915E-012,9.018E-013,2.985E-013,2.864E-010,0,0,0,2.656E-013,1.282E-012,2.656E-013,2.656E-013,3.135E-013,1.487E-012,1.429E-012,nan,nan,nan,nan,nan,5.135E-011,2.47E-028,1.56E-011
63.73,0.137,236.8,0.00000434,0.00033,8.016E-007,1.662E-007,1.649E-009,0.00000015,0.209,4158000000,1.025E-008,5.12E-011,2.611E-010,3.168E-018,3.579E-011,3.237E-009,4.25E-010,1.8E-009,7.15E-012,3E-012,5.718E-011,2.1E-013,7.785E-013,8.889E-012,0.781,5.916E-011,4.208E-013,1.073E-010,7.899E-016,3.056E-015,1E-020,1E-020,1E-020,1E-020,1E-020,1E-020,1E-020,1E-020,1E-020,1E-020,1E-020,1E-020,1E-020,1E-020,1E-020,1E-020,1E-020,1E-020,1E-020,1E-020,7.356E-016,8.914E-019,1.52E-016,nan,1.421E-024,1.131E-020,1.078E-013,7.522E-013,6.752E-016,2.155E-018,8.454E-014,4.732E-011,3.752E-012,7.844E-013,2.619E-013,2.611E-010,0,0,0,2.674E-013,1.291E-012,2.674E-013,2.674E-013,2.81E-013,1.497E-012,1.439E-012,nan,nan,nan,nan,nan,5.12E-011,2.032E-028,1.548E-011
67.83,0.07688,225.6,0.000003804,0.00033,4.738E-007,2.539E-007,1.305E-009,0.00000015,0.209,2446000000,0.000000011,4.663E-011,2.406E-010,2.757E-018,3.366E-011,5.691E-009,4.25E-010,1.8E-009,7.15E-012,3E-012,5.249E-011,2.052E-013,5.887E-013,7.644E-012,0.781,5.806E-011,4.102E-013,2.68E-010,7.7E-016,2.873E-015,1E-020,1E-020,1E-020,1E-020,1E-020,1E-020,1E-020,1E-020,1E-020,1E-020,1E-020,1E-020,1E-020,1E-020,1E-020,1E-020,1E-020,1E-020,1E-020,1E-020,7.356E-016,1.116E-019,5.23E-017,nan,7.562E-026,1.592E-021,5.532E-014,6.382E-013,2.81E-016,8.46E-020,2.711E-014,4.272E-011,7.386E-013,6.747E-013,2.279E-013,2.406E-010,0,0,0,2.692E-013,1.3E-012,2.692E-013,2.692E-013,2.419E-013,1.507E-012,1.449E-012,nan,nan,nan,nan,nan,4.663E-011,1.754E-028,1.531E-011
72.45,0.03838,214.1,0.000003169,0.00033,2.755E-007,4.684E-007,0.000000001,0.00000015,0.209,1288000000,1.375E-008,3.59E-011,2.232E-010,2.423E-018,3.197E-011,9.155E-009,4.25E-010,1.8E-009,7.15E-012,3E-012,4.883E-011,2.006E-013,4.66E-013,6.728E-012,0.781,5.686E-011,4.006E-013,7.411E-010,7.502E-016,2.726E-015,1E-020,1E-020,1E-020,1E-020,1E-020,1E-020,1E-020,1E-020,1E-020,1E-020,1E-020,1E-020,1E-020,1E-020,1E-020,1E-020,1E-020,1E-020,1E-020,1E-020,7.356E-016,1.702E-020,1.962E-017,nan,1.671E-027,1.317E-022,2.427E-014,5.216E-013,9.396E-017,1.357E-021,6.301E-015,3.745E-011,0,5.686E-013,1.943E-013,2.232E-010,0,0,0,2.713E-013,1.31E-012,2.713E-013,2.713E-013,1.926E-013,1.519E-012,1.46E-012,nan,nan,nan,nan,nan,3.59E-011,8.415E-029,1.505E-011
77.94,0.01606,202.6,0.000002369,0.0003288,2.794E-007,0.000001143,7.812E-010,0.00000015,0.209,569300000,2.239E-008,1.948E-011,2.074E-010,2.135E-018,3.055E-011,1.126E-008,4.25E-010,1.8E-009,7.15E-012,3E-012,4.585E-011,1.962E-013,3.79E-013,6.007E-012,0.781,5.549E-011,3.919E-013,1.637E-009,7.3E-016,2.601E-015,1E-020,1E-020,1E-020,1E-020,1E-020,1E-020,1E-020,1E-020,1E-020,1E-020,1E-020,1E-020,1E-020,1E-020,1E-020,1E-020,1E-020,1E-020,1E-020,1E-020,7.356E-016,1.358E-021,3.073E-018,nan,4.053E-029,9.38E-024,8.617E-015,3.975E-013,2.446E-017,1.552E-023,1.58E-015,3.25E-011,0,2.71E-013,7.354E-014,2.074E-010,0,0,0,2.725E-013,1.316E-012,2.725E-013,2.725E-013,1.401E-013,1.526E-012,1.467E-012,nan,nan,nan,nan,nan,1.948E-011,0,1.47E-011
