ALT,P1,P2,P3,P4,P5,P6,T1,T2,T3,T4,T5,T6,H2O_1,H2O_2,H2O_3,H2O_4,H2O_5,H2O_6,CO2_1,CO2_2,CO2_3,CO2_4,CO2_5,CO2_6,O3_1,O3_2,O3_3,O3_4,O3_5,O3_6,N2O_1,N2O_2,N2O_3,N2O_4,N2O_5,N2O_6,CO_1,CO_2,CO_3,CO_4,CO_5,CO_6,CH4_1,CH4_2,CH4_3,CH4_4,CH4_5,CH4_6,O2_1,O2_2,O2_3,O2_4,O2_5,O2_6,BRD_1,BRD_2,BRD_3,BRD_4,BRD_5,BRD_6,NO,SO2,NO2,NH3,HNO3,OH,HF,HCL,HBR,HI,CLO,OCS,H2CO,HOCL,N2,HCN,CH3CL,H2O2,C2H2,C2H6,PH3,COF2,SF6,H2S,HCOOH,HO2,O,CLONO2,NOPLUS,HOBR,C2H4,CH3OH,CH3BR,CH3CN,CF4,C4H2,HC3N,H2,CS,SO3
0.0,1013.0,1013.0,1018.0,1010.0,1013.0,1013.0,299.7,294.2,272.2,287.2,257.2,288.2,0.02593,0.01876,0.004316,0.01194,0.001405,0.007745,0.00033,0.00033,0.00033,0.00033,0.00033,0.00033,2.869e-08,3.017e-08,2.778e-08,2.412e-08,1.802e-08,2.66e-08,3.2e-07,3.2e-07,3.2e-07,3.1e-07,3.2e-07,3.2e-07,1.5e-07,1.5e-07,1.5e-07,1.5e-07,1.5e-07,1.5e-07,1.7e-06,1.7e-06,1.7e-06,1.7e-06,1.7e-06,1.7e-06,0.209,0.209,0.209,0.209,0.209,0.209,2.45e+13,2.496e+13,2.711e+13,2.549e+13,2.855e+13,2.548e+13,3e-10,3e-10,2.3e-11,5e-10,5e-11,4.4e-14,1e-14,1e-09,1.7e-12,3e-12,1e-14,6e-10,2.4e-09,7.7e-12,0.781,1.7e-10,7e-10,2e-10,3e-10,2e-09,1e-20,1e-20,1e-20,1e-20,1e-20,1e-20,1e-20,1e-20,1e-20,1e-20,1e-20,1e-20,1e-20,1e-20,1e-20,1e-20,1e-20,1e-20,1e-20,1e-20
1.0,904.0,902.0,897.3,896.0,887.8,898.8,293.7,289.7,268.7,281.7,259.1,281.7,0.01949,0.01378,0.003454,0.008701,0.001615,0.006071,0.00033,0.00033,0.00033,0.00033,0.00033,0.00033,3.15e-08,3.337e-08,2.8e-08,2.94e-08,2.072e-08,2.931e-08,3.2e-07,3.2e-07,3.2e-07,3.1e-07,3.2e-07,3.2e-07,1.45e-07,1.45e-07,1.45e-07,1.45e-07,1.45e-07,1.45e-07,1.7e-06,1.7e-06,1.7e-06,1.7e-06,1.7e-06,1.7e-06,0.209,0.209,0.209,0.209,0.209,0.209,2.231e+13,2.257e+13,2.42e+13,2.305e+13,2.484e+13,2.313e+13,3e-10,2.74e-10,2.3e-11,5e-10,5.96e-11,4.4e-14,1e-14,7.49e-10,1.7e-12,3e-12,1e-14,5.9e-10,1.07e-09,1.06e-11,0.781,1.65e-10,6.7e-10,1.95e-10,1.72e-10,2e-09,1e-20,1e-20,1e-20,1e-20,1e-20,1e-20,1e-20,1e-20,1e-20,1e-20,1e-20,1e-20,1e-20,1e-20,1e-20,1e-20,1e-20,1e-20,1e-20,1e-20
2.0,805.0,802.0,789.7,792.9,777.5,795.0,287.7,285.2,265.2,276.3,255.9,275.2,0.01534,0.00968,0.002788,0.00675,0.001427,0.004631,0.00033,0.00033,0.00033,0.00033,0.00033,0.00033,3.342e-08,3.694e-08,2.849e-08,3.379e-08,2.336e-08,3.237e-08,3.2e-07,3.2e-07,3.2e-07,3.1e-07,3.2e-07,3.2e-07,1.399e-07,1.399e-07,1.399e-07,1.399e-07,1.399e-07,1.399e-07,1.7e-06,1.7e-06,1.7e-06,1.7e-06,1.7e-06,1.7e-06,0.209,0.209,0.209,0.209,0.209,0.209,2.028e+13,2.038e+13,2.158e+13,2.08e+13,2.202e+13,2.094e+13,3e-10,2.36e-10,2.3e-11,4.63e-10,6.93e-11,4.4e-14,1.23e-14,5.61e-10,1.7e-12,3e-12,1e-14,5.8e-10,4.04e-10,1.22e-11,0.781,1.63e-10,6.43e-10,1.92e-10,9.57e-11,2e-09,1e-20,1e-20,1e-20,1e-20,1e-20,1e-20,1e-20,1e-20,1e-20,1e-20,1e-20,1e-20,1e-20,1e-20,1e-20,1e-20,1e-20,1e-20,1e-20,1e-20
3.0,715.0,710.0,693.8,700.0,679.8,701.2,283.7,279.2,261.7,270.9,252.7,268.7,0.0086,0.005984,0.002088,0.00482,0.001166,0.003182,0.00033,0.00033,0.00033,0.00033,0.00033,0.00033,3.504e-08,4.222e-08,3.2e-08,3.887e-08,2.767e-08,3.318e-08,3.2e-07,3.2e-07,3.2e-07,3.1e-07,3.2e-07,3.2e-07,1.349e-07,1.349e-07,1.349e-07,1.349e-07,1.349e-07,1.349e-07,1.7e-06,1.7e-06,1.7e-06,1.7e-06,1.7e-06,1.7e-06,0.209,0.209,0.209,0.209,0.209,0.209,1.827e+13,1.843e+13,1.922e+13,1.873e+13,1.95e+13,1.891e+13,3e-10,1.9e-10,2.3e-11,3.8e-10,7.91e-11,4.4e-14,1.97e-14,4.22e-10,1.7e-12,3e-12,1e-14,5.7e-10,2.27e-10,1.14e-11,0.781,1.61e-10,6.22e-10,1.89e-10,6.74e-11,2e-09,1e-20,1e-20,1e-20,1e-20,1e-20,1e-20,1e-20,1e-20,1e-20,1e-20,1e-20,1e-20,1e-20,1e-20,1e-20,1e-20,1e-20,1e-20,1e-20,1e-20
4.0,633.0,628.0,608.1,616.0,593.2,616.6,277.0,273.2,255.7,265.5,247.7,262.2,0.004441,0.003813,0.00128,0.00338,0.0007898,0.002158,0.00033,0.00033,0.00033,0.00033,0.00033,0.00033,3.561e-08,4.821e-08,3.567e-08,4.478e-08,3.253e-08,3.387e-08,3.2e-07,3.2e-07,3.2e-07,3.079e-07,3.2e-07,3.2e-07,1.312e-07,1.312e-07,1.312e-07,1.312e-07,1.312e-07,1.312e-07,1.7e-06,1.697e-06,1.697e-06,1.697e-06,1.697e-06,1.7e-06,0.209,0.209,0.209,0.209,0.209,0.209,1.656e+13,1.666e+13,1.724e+13,1.682e+13,1.736e+13,1.704e+13,3e-10,1.46e-10,2.3e-11,2.88e-10,8.87e-11,4.4e-14,3.18e-14,3.19e-10,1.7e-12,3e-12,1e-14,5.62e-10,1.4e-10,9.8e-12,0.781,1.6e-10,6.07e-10,1.84e-10,5.07e-11,1.98e-09,1e-20,1e-20,1e-20,1e-20,1e-20,1e-20,1e-20,1e-20,1e-20,1e-20,1e-20,1e-20,1e-20,1e-20,1e-20,1e-20,1e-20,1e-20,1e-20,1e-20
5.0,559.0,554.0,531.3,541.0,515.8,540.5,270.3,267.2,249.7,260.1,240.9,255.7,0.003346,0.002225,0.0008241,0.002218,0.0004309,0.001397,0.00033,0.00033,0.00033,0.00033,0.00033,0.00033,3.767e-08,5.512e-08,4.72e-08,5.328e-08,3.801e-08,3.768e-08,3.2e-07,3.2e-07,3.2e-07,3.024e-07,3.2e-07,3.2e-07,1.303e-07,1.303e-07,1.303e-07,1.303e-07,1.303e-07,1.303e-07,1.7e-06,1.687e-06,1.687e-06,1.687e-06,1.687e-06,1.7e-06,0.209,0.209,0.209,0.209,0.209,0.209,1.499e+13,1.503e+13,1.542e+13,1.508e+13,1.552e+13,1.532e+13,3e-10,1.18e-10,2.3e-11,2.04e-10,9.75e-11,4.4e-14,5.63e-14,2.39e-10,1.7e-12,3e-12,1e-14,5.55e-10,1e-10,8.01e-12,0.781,1.6e-10,6.02e-10,1.77e-10,3.99e-11,1.95e-09,1e-20,1e-20,1e-20,1e-20,1e-20,1e-20,1e-20,1e-20,1e-20,1e-20,1e-20,1e-20,1e-20,1e-20,1e-20,1e-20,1e-20,1e-20,1e-20,1e-20
6.0,492.0,487.0,462.7,474.0,446.7,472.2,263.6,261.2,243.7,253.1,234.1,249.2,0.002101,0.00151,0.0005103,0.00133,0.0002369,0.0009254,0.00033,0.00033,0.00033,0.00033,0.00033,0.00033,3.989e-08,6.408e-08,5.837e-08,6.564e-08,4.446e-08,4.112e-08,3.2e-07,3.2e-07,3.2e-07,2.906e-07,3.2e-07,3.2e-07,1.288e-07,1.288e-07,1.288e-07,1.288e-07,1.288e-07,1.288e-07,1.7e-06,1.672e-06,1.672e-06,1.672e-06,1.672e-06,1.7e-06,0.209,0.209,0.209,0.209,0.209,0.209,1.353e+13,1.351e+13,1.376e+13,1.357e+13,1.383e+13,1.373e+13,3e-10,9.71e-11,2.3e-11,1.46e-10,1.11e-10,4.4e-14,9.18e-14,1.79e-10,1.7e-12,3e-12,1e-14,5.48e-10,7.44e-11,6.42e-12,0.781,1.6e-10,6e-10,1.66e-10,3.19e-11,1.9e-09,1e-20,1e-20,1e-20,1e-20,1e-20,1e-20,1e-20,1e-20,1e-20,1e-20,1e-20,1e-20,1e-20,1e-20,1e-20,1e-20,1e-20,1e-20,1e-20,1e-20
7.0,432.0,426.0,401.6,413.0,385.3,411.1,257.0,254.7,237.7,246.1,227.3,242.7,0.001289,0.00102,0.0002321,0.0007971,0.000147,0.000572,0.00033,0.00033,0.00033,0.00033,0.00033,0.00033,4.223e-08,7.764e-08,7.891e-08,7.738e-08,7.252e-08,5.009e-08,3.2e-07,3.2e-07,3.2e-07,2.822e-07,3.2e-07,3.2e-07,1.247e-07,1.247e-07,1.247e-07,1.247e-07,1.247e-07,1.247e-07,1.699e-06,1.649e-06,1.649e-06,1.649e-06,1.649e-06,1.699e-06,0.209,0.209,0.209,0.209,0.209,0.209,1.218e+13,1.212e+13,1.225e+13,1.216e+13,1.229e+13,1.228e+13,3e-10,8.3e-11,2.3e-11,9.88e-11,1.26e-10,4.41e-14,1.53e-13,1.32e-10,1.7e-12,3e-12,1e-14,5.4e-10,6.04e-11,5.42e-12,0.781,1.6e-10,6e-10,1.49e-10,2.8e-11,1.85e-09,1e-20,1e-20,1e-20,1e-20,1e-20,1e-20,1e-20,1e-20,1e-20,1e-20,1e-20,1e-20,1e-20,1e-20,1e-20,1e-20,1e-20,1e-20,1e-20,1e-20
8.0,378.0,372.0,347.3,359.0,330.8,356.5,250.3,248.2,231.7,239.2,220.6,236.2,0.0007637,0.0006464,0.0001077,0.0003996,3.384e-05,0.0003667,0.00033,0.00033,0.00033,0.00033,0.00033,0.00033,4.471e-08,9.126e-08,1.039e-07,9.114e-08,1.04e-07,5.966e-08,3.2e-07,3.195e-07,3.195e-07,2.759e-07,3.195e-07,3.2e-07,1.185e-07,1.185e-07,1.185e-07,1.185e-07,1.185e-07,1.185e-07,1.697e-06,1.629e-06,1.629e-06,1.629e-06,1.629e-06,1.697e-06,0.209,0.209,0.209,0.209,0.209,0.209,1.095e+13,1.086e+13,1.086e+13,1.088e+13,1.087e+13,1.094e+13,3e-10,7.21e-11,2.3e-11,6.48e-11,1.39e-10,4.45e-14,2.41e-13,9.96e-11,1.7e-12,3e-12,1.01e-14,5.32e-10,5.01e-11,4.7e-12,0.781,1.6e-10,5.98e-10,1.23e-10,2.55e-11,1.79e-09,1e-20,1e-20,1e-20,1e-20,1e-20,1e-20,1e-20,1e-20,1e-20,1e-20,1e-20,1e-20,1e-20,1e-20,1e-20,1e-20,1e-20,1e-20,1e-20,1e-20
9.0,329.0,324.0,299.3,310.8,282.9,308.0,243.6,241.7,225.7,232.2,217.2,229.7,0.0004098,0.0004129,5.566e-05,0.00013,2.976e-05,0.0001583,0.00033,0.00033,0.00033,0.00033,0.00033,0.00033,5e-08,1.111e-07,1.567e-07,1.42e-07,2.1e-07,9.168e-08,3.195e-07,3.163e-07,3.163e-07,2.703e-07,3.163e-07,3.195e-07,1.094e-07,1.094e-07,1.094e-07,1.094e-07,1.094e-07,1.094e-07,1.693e-06,1.615e-06,1.615e-06,1.615e-06,1.615e-06,1.693e-06,0.209,0.209,0.209,0.209,0.209,0.209,9.789e+12,9.716e+12,9.612e+12,9.701e+12,9.44e+12,9.719e+12,3e-10,6.56e-11,2.32e-11,3.77e-11,1.53e-10,4.56e-14,4.04e-13,7.48e-11,1.7e-12,3e-12,1.05e-14,5.25e-10,4.22e-11,4.41e-12,0.781,1.6e-10,5.94e-10,9.09e-11,2.4e-11,1.72e-09,1e-20,1e-20,1e-20,1e-20,1e-20,1e-20,1e-20,1e-20,1e-20,1e-20,1e-20,1e-20,1e-20,1e-20,1e-20,1e-20,1e-20,1e-20,1e-20,1e-20
10.0,286.0,281.0,256.8,267.7,241.8,265.0,237.0,235.3,219.7,225.2,217.2,223.3,0.0001912,0.0002472,2.96e-05,4.24e-05,2e-05,6.996e-05,0.00033,0.00033,0.00033,0.00033,0.00033,0.00033,5.595e-08,1.304e-07,2.37e-07,1.89e-07,3e-07,1.313e-07,3.179e-07,3.096e-07,3.096e-07,2.651e-07,3.096e-07,3.179e-07,9.962e-08,9.962e-08,9.962e-08,9.962e-08,9.962e-08,9.962e-08,1.685e-06,1.579e-06,1.579e-06,1.579e-06,1.579e-06,1.685e-06,0.209,0.209,0.209,0.209,0.209,0.209,8.747e+12,8.656e+12,8.472e+12,8.616e+12,8.069e+12,8.602e+12,3e-10,6.08e-11,2.38e-11,2.03e-11,1.74e-10,4.68e-14,6.57e-13,5.68e-11,1.7e-12,3e-12,1.21e-14,5.18e-10,3.63e-11,4.34e-12,0.781,1.6e-10,5.88e-10,5.79e-11,2.27e-11,1.58e-09,1e-20,1e-20,1e-20,1e-20,1e-20,1e-20,1e-20,1e-20,1e-20,1e-20,1e-20,1e-20,1e-20,1e-20,1e-20,1e-20,1e-20,1e-20,1e-20,1e-20
11.0,247.0,243.0,219.9,230.0,206.7,227.0,230.1,228.8,219.2,225.2,217.2,216.8,7.306e-05,9.556e-05,1e-05,1.33e-05,1e-05,3.613e-05,0.00033,0.00033,0.00033,0.00033,0.00033,0.00033,6.613e-08,1.793e-07,3.624e-07,3.05e-07,3.5e-07,2.149e-07,3.14e-07,2.989e-07,2.989e-07,2.6e-07,2.989e-07,3.14e-07,8.964e-08,8.964e-08,8.964e-08,8.964e-08,8.964e-08,8.964e-08,1.675e-06,1.542e-06,1.542e-06,1.542e-06,1.542e-06,1.675e-06,0.209,0.209,0.209,0.209,0.209,0.209,7.78e+12,7.698e+12,7.271e+12,7.402e+12,6.898e+12,7.589e+12,3e-10,5.79e-11,2.62e-11,1.09e-11,2.02e-10,4.8e-14,1.2e-12,4.59e-11,1.7e-12,3e-12,1.87e-14,5.09e-10,3.43e-11,4.65e-12,0.781,1.6e-10,5.79e-10,3.43e-11,2.08e-11,1.3e-09,1e-20,1e-20,1e-20,1e-20,1e-20,1e-20,1e-20,1e-20,1e-20,1e-20,1e-20,1e-20,1e-20,1e-20,1e-20,1e-20,1e-20,1e-20,1e-20,1e-20
12.0,213.0,209.0,188.2,197.7,176.6,194.0,223.6,222.3,218.7,225.2,217.2,216.7,2.905e-05,2.944e-05,6e-06,6e-06,6e-06,1.906e-05,0.00033,0.00033,0.00033,0.00033,0.00033,0.00033,7.815e-08,2.23e-07,5.232e-07,4.1e-07,4e-07,3.095e-07,3.095e-07,2.936e-07,2.936e-07,2.549e-07,2.936e-07,3.095e-07,7.814e-08,7.814e-08,7.814e-08,7.814e-08,7.814e-08,7.814e-08,1.662e-06,1.508e-06,1.508e-06,1.506e-06,1.506e-06,1.662e-06,0.209,0.209,0.209,0.209,0.209,0.209,6.904e+12,6.814e+12,6.237e+12,6.363e+12,5.893e+12,6.489e+12,3e-10,5.6e-11,3.15e-11,6.3e-12,2.41e-10,4.94e-14,1.96e-12,4.36e-11,1.7e-12,3e-12,3.18e-14,4.98e-10,3.39e-11,5.01e-12,0.781,1.6e-10,5.66e-10,1.95e-11,1.76e-11,9.86e-10,1e-20,1e-20,1e-20,1e-20,1e-20,1e-20,1e-20,1e-20,1e-20,1e-20,1e-20,1e-20,1e-20,1e-20,1e-20,1e-20,1e-20,1e-20,1e-20,1e-20
13.0,182.0,179.0,161.1,170.0,151.0,165.8,217.0,215.8,218.2,225.2,217.2,216.7,9.9e-06,8e-06,5e-06,4.45e-06,4.45e-06,1.085e-05,0.00033,0.00033,0.00033,0.00033,0.00033,0.00033,9.289e-08,3e-07,7.036e-07,5e-07,6.5e-07,3.846e-07,3.048e-07,2.86e-07,2.86e-07,2.494e-07,2.86e-07,3.048e-07,6.374e-08,6.374e-08,6.374e-08,6.374e-08,6.374e-08,6.374e-08,1.645e-06,1.479e-06,1.479e-06,1.471e-06,1.471e-06,1.645e-06,0.209,0.209,0.209,0.209,0.209,0.209,6.079e+12,6.012e+12,5.351e+12,5.471e+12,5.039e+12,5.546e+12,2.99e-10,5.59e-11,4.45e-11,3.12e-12,2.76e-10,5.19e-14,3.12e-12,6.51e-11,1.7e-12,3e-12,5.61e-14,4.82e-10,3.5e-11,5.22e-12,0.781,1.59e-10,5.48e-10,1.08e-11,1.23e-11,7.22e-10,1e-20,1e-20,1e-20,1e-20,1e-20,1e-20,1e-20,1e-20,1e-20,1e-20,1e-20,1e-20,1e-20,1e-20,1e-20,1e-20,1e-20,1e-20,1e-20,1e-20
14.0,156.0,153.0,137.8,146.0,129.1,141.7,210.3,215.7,217.7,225.2,217.2,216.7,6.22e-06,5e-06,4.8e-06,4e-06,4.5e-06,5.927e-06,0.00033,0.00033,0.00033,0.00033,0.00033,0.00033,1.05e-07,4.4e-07,8e-07,6e-07,9e-07,5.03e-07,2.999e-07,2.8e-07,2.8e-07,2.433e-07,2.8e-07,2.999e-07,5.025e-08,5.025e-08,5.025e-08,5.025e-08,5.025e-08,5.025e-08,1.626e-06,1.451e-06,1.451e-06,1.434e-06,1.434e-06,1.626e-06,0.209,0.209,0.209,0.209,0.209,0.209,5.377e+12,5.141e+12,4.588e+12,4.699e+12,4.308e+12,4.739e+12,2.95e-10,5.64e-11,7.48e-11,1.11e-12,3.33e-10,5.65e-14,4.62e-12,1.01e-10,1.7e-12,3e-12,9.99e-14,4.6e-10,3.62e-11,5.6e-12,0.781,1.57e-10,5.28e-10,6.59e-12,7.32e-12,4.96e-10,1e-20,1e-20,1e-20,1e-20,1e-20,1e-20,1e-20,1e-20,1e-20,1e-20,1e-20,1e-20,1e-20,1e-20,1e-20,1e-20,1e-20,1e-20,1e-20,1e-20
15.0,132.0,130.0,117.8,126.0,110.3,121.1,203.7,215.7,217.2,225.2,217.2,216.7,4e-06,3.4e-06,4.7e-06,4e-06,4.55e-06,5e-06,0.00033,0.00033,0.00033,0.00033,0.00033,0.00033,1.256e-07,5e-07,9e-07,7e-07,1.2e-06,6.505e-07,2.944e-07,2.724e-07,2.724e-07,2.355e-07,2.724e-07,2.944e-07,3.941e-08,3.941e-08,3.941e-08,3.941e-08,3.941e-08,3.941e-08,1.605e-06,1.422e-06,1.422e-06,1.389e-06,1.389e-06,1.605e-06,0.209,0.209,0.209,0.209,0.209,0.209,4.697e+12,4.368e+12,3.931e+12,4.055e+12,3.681e+12,4.05e+12,2.83e-10,5.75e-11,1.71e-10,4.47e-13,4.52e-10,6.75e-14,7.09e-12,1.63e-10,1.7e-12,3e-12,1.78e-13,4.26e-10,3.62e-11,6.86e-12,0.781,1.55e-10,5.03e-10,4.2e-12,4.52e-12,3.35e-10,1e-20,1e-20,1e-20,1e-20,1e-20,1e-20,1e-20,1e-20,1e-20,1e-20,1e-20,1e-20,1e-20,1e-20,1e-20,1e-20,1e-20,1e-20,1e-20,1e-20
16.0,111.0,111.0,100.7,108.0,94.31,103.5,197.0,215.7,216.7,225.2,216.6,216.7,3e-06,3.3e-06,4.6e-06,4e-06,4.6e-06,3.95e-06,0.00033,0.00033,0.00033,0.00033,0.00033,0.00033,1.444e-07,6e-07,1.1e-06,8.5e-07,1.5e-06,8.701e-07,2.877e-07,2.611e-07,2.611e-07,2.282e-07,2.611e-07,2.877e-07,3.069e-08,3.069e-08,3.069e-08,3.069e-08,3.069e-08,3.069e-08,1.582e-06,1.39e-06,1.39e-06,1.342e-06,1.342e-06,1.582e-06,0.209,0.209,0.209,0.209,0.209,0.209,4.084e+12,3.73e+12,3.368e+12,3.476e+12,3.156e+12,3.462e+12,2.68e-10,5.75e-11,3.19e-10,2.11e-13,7.37e-10,8.25e-14,1.05e-11,2.37e-10,1.7e-12,3e-12,3.16e-13,3.88e-10,3.58e-11,8.77e-12,0.781,1.52e-10,4.77e-10,2.94e-12,2.59e-12,2.14e-10,1e-20,1e-20,1e-20,1e-20,1e-20,1e-20,1e-20,1e-20,1e-20,1e-20,1e-20,1e-20,1e-20,1e-20,1e-20,1e-20,1e-20,1e-20,1e-20,1e-20
17.0,93.7,95.0,86.1,92.8,80.58,88.5,194.8,215.7,216.2,225.2,216.0,216.7,2.9e-06,3.2e-06,4.5e-06,4.05e-06,4.65e-06,3.85e-06,0.00033,0.00033,0.00033,0.00033,0.00033,0.00033,2.5e-07,7e-07,1.4e-06,1e-06,1.9e-06,1.187e-06,2.783e-07,2.421e-07,2.421e-07,2.179e-07,2.421e-07,2.783e-07,2.489e-08,2.489e-08,2.489e-08,2.489e-08,2.489e-08,2.489e-08,1.553e-06,1.356e-06,1.356e-06,1.29e-06,1.29e-06,1.553e-06,0.209,0.209,0.209,0.209,0.209,0.209,3.486e+12,3.192e+12,2.886e+12,2.987e+12,2.704e+12,2.96e+12,2.52e-10,5.37e-11,5.19e-10,1.1e-13,1.31e-09,1.04e-13,1.69e-11,3.13e-10,1.7e-12,3e-12,5.65e-13,3.48e-10,3.5e-11,1.2e-11,0.781,1.49e-10,4.49e-10,2.3e-12,1.55e-12,1.49e-10,1e-20,1e-20,1e-20,1e-20,1e-20,1e-20,1e-20,1e-20,1e-20,1e-20,1e-20,1e-20,1e-20,1e-20,1e-20,1e-20,1e-20,1e-20,1e-20,1e-20
18.0,78.9,81.2,73.6,79.8,68.82,75.65,198.8,216.8,215.7,225.2,215.4,216.7,2.75e-06,3.15e-06,4.5e-06,4.3e-06,4.7e-06,3.825e-06,0.00033,0.00033,0.00033,0.00033,0.00033,0.00033,5e-07,1e-06,1.8e-06,1.3e-06,2.45e-06,1.587e-06,2.671e-07,2.174e-07,2.174e-07,2.035e-07,2.174e-07,2.671e-07,1.966e-08,1.966e-08,1.966e-08,1.966e-08,1.966e-08,1.966e-08,1.521e-06,1.323e-06,1.323e-06,1.23e-06,1.23e-06,1.521e-06,0.209,0.209,0.209,0.209,0.209,0.209,2.877e+12,2.715e+12,2.473e+12,2.568e+12,2.316e+12,2.53e+12,2.4e-10,4.78e-11,7.71e-10,6.7e-14,2.11e-09,1.3e-13,2.57e-11,3.85e-10,1.7e-12,3e-12,1.04e-12,3.09e-10,3.42e-11,1.63e-11,0.781,1.45e-10,4.21e-10,2.24e-12,8.63e-13,1.05e-10,1e-20,1e-20,1e-20,1e-20,1e-20,1e-20,1e-20,1e-20,1e-20,1e-20,1e-20,1e-20,1e-20,1e-20,1e-20,1e-20,1e-20,1e-20,1e-20,1e-20
19.0,66.6,69.5,62.8,68.6,58.75,64.67,202.7,217.9,215.2,225.2,214.8,216.7,2.6e-06,3.2e-06,4.5e-06,4.5e-06,4.75e-06,3.85e-06,0.00033,0.00033,0.00033,0.00033,0.00033,0.00033,9.5e-07,1.5e-06,2.3e-06,1.7e-06,3.1e-06,2.03e-06,2.527e-07,1.843e-07,1.843e-07,1.817e-07,1.843e-07,2.527e-07,1.549e-08,1.549e-08,1.549e-08,1.549e-08,1.549e-08,1.549e-08,1.48e-06,1.281e-06,1.281e-06,1.157e-06,1.161e-06,1.48e-06,0.209,0.209,0.209,0.209,0.209,0.209,2.381e+12,2.312e+12,2.115e+12,2.208e+12,1.982e+12,2.163e+12,2.44e-10,3.97e-11,1.06e-09,3.97e-14,3.17e-09,1.64e-13,4.02e-11,4.42e-10,1.7e-12,3e-12,2.04e-12,2.74e-10,3.39e-11,2.26e-11,0.781,1.41e-10,3.95e-10,2.68e-12,5.3e-13,7.96e-11,1e-20,1e-20,1e-20,1e-20,1e-20,1e-20,1e-20,1e-20,1e-20,1e-20,1e-20,1e-20,1e-20,1e-20,1e-20,1e-20,1e-20,1e-20,1e-20,1e-20
20.0,56.5,59.5,53.7,59.0,50.14,55.29,206.7,219.2,215.2,225.2,214.2,216.7,2.6e-06,3.3e-06,4.5e-06,4.6e-06,4.8e-06,3.9e-06,0.00033,0.00033,0.00033,0.00033,0.00033,0.00033,1.4e-06,2e-06,2.9e-06,2.1e-06,3.7e-06,2.579e-06,2.365e-07,1.607e-07,1.621e-07,1.567e-07,1.621e-07,2.365e-07,1.331e-08,1.331e-08,1.331e-08,1.331e-08,1.331e-08,1.331e-08,1.424e-06,1.224e-06,1.224e-06,1.072e-06,1.084e-06,1.424e-06,0.209,0.209,0.209,0.209,0.209,0.209,1.981e+12,1.967e+12,1.809e+12,1.899e+12,1.697e+12,1.849e+12,2.55e-10,3.19e-11,1.39e-09,2.41e-14,4.2e-09,2.16e-13,5.77e-11,4.89e-10,1.7e-12,3e-12,4.64e-12,2.41e-10,3.43e-11,3.07e-11,0.781,1.37e-10,3.69e-10,3.68e-12,3.1e-13,6.01e-11,1e-20,1e-20,1e-20,1e-20,1e-20,1e-20,1e-20,1e-20,1e-20,1e-20,1e-20,1e-20,1e-20,1e-20,1e-20,1e-20,1e-20,1e-20,1e-20,1e-20
21.0,48.0,51.0,45.8,50.7,42.77,47.29,210.7,220.4,215.2,225.2,213.6,217.6,2.65e-06,3.45e-06,4.5e-06,4.7e-06,4.85e-06,3.975e-06,0.00033,0.00033,0.00033,0.00033,0.00033,0.00033,1.8e-06,2.4e-06,3.5e-06,2.7e-06,4e-06,3.028e-06,2.194e-07,1.323e-07,1.362e-07,1.35e-07,1.362e-07,2.194e-07,1.232e-08,1.232e-08,1.232e-08,1.232e-08,1.232e-08,1.232e-08,1.355e-06,1.154e-06,1.154e-06,9.903e-07,1.014e-06,1.355e-06,0.209,0.209,0.209,0.209,0.209,0.209,1.651e+12,1.677e+12,1.543e+12,1.632e+12,1.451e+12,1.575e+12,2.77e-10,2.67e-11,1.76e-09,1.92e-14,4.94e-09,3.4e-13,7.77e-11,5.22e-10,1.7e-12,3e-12,8.15e-12,2.14e-10,3.68e-11,4.29e-11,0.781,1.34e-10,3.43e-10,5.62e-12,1.89e-13,4.57e-11,1e-20,1e-20,1e-20,1e-20,1e-20,1e-20,1e-20,1e-20,1e-20,1e-20,1e-20,1e-20,1e-20,1e-20,1e-20,1e-20,1e-20,1e-20,1e-20,1e-20
22.0,40.9,43.7,39.1,43.6,36.47,40.47,214.6,221.6,215.2,225.2,213.0,218.6,2.8e-06,3.6e-06,4.53e-06,4.8e-06,4.9e-06,4.065e-06,0.00033,0.00033,0.00033,0.00033,0.00033,0.00033,2.4e-06,2.9e-06,3.9e-06,3.3e-06,4.2e-06,3.647e-06,2.051e-07,1.146e-07,1.23e-07,1.218e-07,1.23e-07,2.051e-07,1.232e-08,1.232e-08,1.232e-08,1.232e-08,1.232e-08,1.232e-08,1.272e-06,1.066e-06,1.066e-06,9.17e-07,9.561e-07,1.272e-06,0.209,0.209,0.209,0.209,0.209,0.209,1.381e+12,1.429e+12,1.317e+12,1.403e+12,1.241e+12,1.342e+12,3.07e-10,2.28e-11,2.16e-09,1.72e-14,5.46e-09,5.09e-13,9.9e-11,5.49e-10,1.7e-12,3e-12,1.07e-11,1.88e-10,4.03e-11,5.76e-11,0.781,1.3e-10,3.17e-10,1.03e-11,1.04e-13,3.4e-11,1e-20,1e-20,1e-20,1e-20,1e-20,1e-20,1e-20,1e-20,1e-20,1e-20,1e-20,1e-20,1e-20,1e-20,1e-20,1e-20,1e-20,1e-20,1e-20,1e-20
23.0,35.0,37.6,33.4,37.5,31.09,34.67,217.0,222.8,215.2,225.2,212.4,219.6,2.9e-06,3.85e-06,4.55e-06,4.83e-06,4.95e-06,4.2e-06,0.00033,0.00033,0.00033,0.00033,0.00033,0.00033,3.4e-06,3.4e-06,4.3e-06,3.7e-06,4.5e-06,4.168e-06,1.967e-07,1.035e-07,1.124e-07,1.102e-07,1.122e-07,1.967e-07,1.307e-08,1.307e-08,1.307e-08,1.307e-08,1.307e-08,1.307e-08,1.191e-06,9.73e-07,9.73e-07,8.574e-07,9.009e-07,1.191e-06,0.209,0.209,0.209,0.209,0.209,0.209,1.169e+12,1.223e+12,1.125e+12,1.207e+12,1.061e+12,1.144e+12,3.6e-10,2.07e-11,2.58e-09,1.59e-14,5.74e-09,7.59e-13,1.23e-10,5.75e-10,1.7e-12,3e-12,1.52e-11,1.64e-10,4.5e-11,7.65e-11,0.781,1.25e-10,2.86e-10,1.97e-11,5.75e-14,2.6e-11,1e-20,1e-20,1e-20,1e-20,1e-20,1e-20,1e-20,1e-20,1e-20,1e-20,1e-20,1e-20,1e-20,1e-20,1e-20,1e-20,1e-20,1e-20,1e-20,1e-20
24.0,30.0,32.2,28.6,32.28,26.49,29.72,219.2,223.9,215.2,226.6,211.8,220.6,3.2e-06,4e-06,4.6e-06,4.85e-06,5e-06,4.3e-06,0.00033,0.00033,0.00033,0.00033,0.00033,0.00033,4.3e-06,4e-06,4.7e-06,4.2e-06,4.6e-06,4.627e-06,1.875e-07,9.622e-08,1.048e-07,9.893e-08,1.043e-07,1.875e-07,1.4e-08,1.4e-08,1.4e-08,1.4e-08,1.4e-08,1.4e-08,1.118e-06,8.8e-07,8.8e-07,8.013e-07,8.479e-07,1.118e-06,0.209,0.209,0.209,0.209,0.209,0.209,992000000000.0,1.042e+12,963300000000.0,1.033e+12,906500000000.0,976500000000.0,4.51e-10,1.9e-11,3.06e-09,1.44e-14,5.84e-09,1.16e-12,1.5e-10,6.04e-10,1.7e-12,3e-12,2.24e-11,1.37e-10,5.06e-11,9.92e-11,0.781,1.19e-10,2.48e-10,3.7e-11,2.23e-14,1.89e-11,1e-20,1e-20,1e-20,1e-20,1e-20,1e-20,1e-20,1e-20,1e-20,1e-20,1e-20,1e-20,1e-20,1e-20,1e-20,1e-20,1e-20,1e-20,1e-20,1e-20
25.0,25.7,27.7,24.4,27.8,22.56,25.49,221.4,225.1,215.2,228.1,211.2,221.6,3.25e-06,4.2e-06,4.65e-06,4.9e-06,5e-06,4.425e-06,0.00033,0.00033,0.00033,0.00033,0.00033,0.00033,5.4e-06,4.8e-06,5.1e-06,4.5e-06,4.7e-06,5.118e-06,1.756e-07,8.958e-08,9.661e-08,8.775e-08,9.57e-08,1.756e-07,1.521e-08,1.521e-08,1.498e-08,1.51e-08,1.521e-08,1.498e-08,1.055e-06,7.888e-07,7.931e-07,7.477e-07,7.961e-07,1.055e-06,0.209,0.209,0.209,0.209,0.209,0.209,841300000000.0,891900000000.0,821800000000.0,883400000000.0,774200000000.0,833700000000.0,6.85e-10,1.75e-11,3.74e-09,1.23e-14,5.61e-09,2.18e-12,1.82e-10,6.51e-10,1.71e-12,3e-12,3.97e-11,1.08e-10,5.82e-11,1.31e-10,0.781,1.13e-10,1.91e-10,6.2e-11,8.51e-15,1.22e-11,1e-20,1e-20,1e-20,1e-20,1e-20,1e-20,1e-20,1e-20,1e-20,1e-20,1e-20,1e-20,1e-20,1e-20,1e-20,1e-20,1e-20,1e-20,1e-20,1e-20
27.5,17.63,19.07,16.46,19.23,15.13,17.43,227.0,228.45,215.5,231.0,213.6,224.0,3.6e-06,4.45e-06,4.7e-06,4.95e-06,5e-06,4.575e-06,0.00033,0.00033,0.00033,0.00033,0.00033,0.00033,7.8e-06,6e-06,5.6e-06,5.3e-06,4.9e-06,5.803e-06,1.588e-07,8.006e-08,8.693e-08,7.327e-08,8.598e-08,1.588e-07,1.722e-08,1.722e-08,1.598e-08,1.649e-08,1.722e-08,1.598e-08,9.87e-07,7.046e-07,7.13e-07,6.956e-07,7.449e-07,9.87e-07,0.209,0.209,0.209,0.209,0.209,0.209,562900000000.0,605000000000.0,553600000000.0,603400000000.0,513400000000.0,564000000000.0,1.28e-09,1.54e-11,4.81e-09,9.37e-15,4.82e-09,5e-12,2.3e-10,7.51e-10,1.76e-12,3e-12,8.48e-11,6.7e-11,7.21e-11,1.84e-10,0.781,1.05e-10,1.1e-10,1.03e-10,4.09e-15,5.74e-12,1e-20,1e-20,1e-20,1e-20,1e-20,1e-20,1e-20,1e-20,1e-20,1e-20,1e-20,1e-20,1e-20,1e-20,1e-20,1e-20,1e-20,1e-20,1e-20,1e-20
30.0,12.2,13.2,11.1,13.4,10.2,11.97,232.3,233.7,217.4,235.1,216.0,226.5,4e-06,4.7e-06,4.75e-06,5e-06,5e-06,4.725e-06,0.00033,0.00033,0.00033,0.00033,0.00033,0.00033,9.3e-06,7e-06,6.1e-06,5.7e-06,5.4e-06,6.553e-06,1.416e-07,6.698e-08,7.524e-08,5.941e-08,7.314e-08,1.416e-07,1.995e-08,1.995e-08,1.71e-08,1.808e-08,2.037e-08,1.71e-08,9.136e-07,6.315e-07,6.438e-07,6.442e-07,6.941e-07,9.136e-07,0.209,0.209,0.209,0.209,0.209,0.209,380700000000.0,409400000000.0,370100000000.0,413100000000.0,342300000000.0,383000000000.0,2.45e-09,1.34e-11,6.16e-09,6.35e-15,3.74e-09,1.17e-11,2.83e-10,9.88e-10,1.9e-12,3e-12,1.85e-10,2.96e-11,8.73e-11,2.45e-10,0.781,9.73e-11,4.72e-11,1.36e-10,2.52e-15,2.14e-12,1e-20,1e-20,1e-20,1e-20,1e-20,1e-20,1e-20,1e-20,1e-20,1e-20,1e-20,1e-20,1e-20,1e-20,1e-20,1e-20,1e-20,1e-20,1e-20,1e-20
32.5,8.52,9.3,7.56,9.4,6.91,8.258,237.7,239.0,220.4,240.0,218.5,229.6,4.3e-06,4.85e-06,4.8e-06,5e-06,5e-06,4.825e-06,0.00033,0.00033,0.00033,0.00033,0.00033,0.00033,9.85e-06,8.1e-06,6.8e-06,6.9e-06,5.9e-06,7.373e-06,1.165e-07,4.958e-08,6.126e-08,4.154e-08,5.71e-08,1.165e-07,2.266e-08,2.266e-08,1.85e-08,1.997e-08,2.486e-08,1.85e-08,8.3e-07,5.592e-07,5.746e-07,5.888e-07,6.434e-07,8.3e-07,0.209,0.209,0.209,0.209,0.209,0.209,259800000000.0,282000000000.0,248600000000.0,283900000000.0,229200000000.0,252400000000.0,4.53e-09,1.21e-11,7.21e-09,3.68e-15,2.59e-09,3.4e-11,3.2e-10,1.28e-09,2.26e-12,3e-12,3.57e-10,1.21e-11,1.01e-10,2.96e-10,0.781,9.04e-11,1.79e-11,1.36e-10,1.86e-15,8.49e-13,1e-20,1e-20,1e-20,1e-20,1e-20,1e-20,1e-20,1e-20,1e-20,1e-20,1e-20,1e-20,1e-20,1e-20,1e-20,1e-20,1e-20,1e-20,1e-20,1e-20
35.0,6.0,6.52,5.18,6.61,4.701,5.746,243.1,245.2,227.9,247.2,222.3,236.5,4.6e-06,4.95e-06,4.85e-06,5e-06,5e-06,4.9e-06,0.00033,0.00033,0.00033,0.00033,0.00033,0.00033,9.7e-06,8.9e-06,7.1e-06,7.7e-06,6.2e-06,7.837e-06,9.275e-08,3.695e-08,5.116e-08,3.032e-08,4.67e-08,9.275e-08,2.487e-08,2.487e-08,1.997e-08,2.183e-08,3.168e-08,2.009e-08,7.46e-07,5.008e-07,5.05e-07,5.24e-07,5.883e-07,7.46e-07,0.209,0.209,0.209,0.209,0.209,0.209,178900000000.0,192700000000.0,164700000000.0,193800000000.0,153300000000.0,176100000000.0,7.14e-09,1.16e-11,7.28e-09,1.82e-15,1.64e-09,8.35e-11,3.48e-10,1.57e-09,2.82e-12,3e-12,5.08e-10,4.31e-12,1.11e-10,3.21e-10,0.781,8.46e-11,7.35e-12,1.13e-10,1.52e-15,3.42e-13,1e-20,1e-20,1e-20,1e-20,1e-20,1e-20,1e-20,1e-20,1e-20,1e-20,1e-20,1e-20,1e-20,1e-20,1e-20,1e-20,1e-20,1e-20,1e-20,1e-20
37.5,4.26,4.64,3.6,4.72,3.23,4.041,248.5,251.3,235.5,254.6,228.5,243.4,4.9e-06,5e-06,4.9e-06,5e-06,5e-06,4.95e-06,0.00033,0.00033,0.00033,0.00033,0.00033,0.00033,8.8e-06,8.7e-06,7.2e-06,7.8e-06,6.25e-06,7.8e-06,6.693e-08,2.519e-08,3.968e-08,1.949e-08,3.439e-08,6.693e-08,2.738e-08,2.716e-08,2.147e-08,2.343e-08,4.429e-08,2.22e-08,6.618e-07,4.453e-07,4.481e-07,4.506e-07,5.238e-07,6.618e-07,0.209,0.209,0.209,0.209,0.209,0.209,124300000000.0,133800000000.0,110800000000.0,134400000000.0,102500000000.0,123800000000.0,9.34e-09,1.21e-11,6.26e-09,9.26e-16,9.68e-10,1.7e-10,3.72e-10,1.69e-09,3.69e-12,3e-12,6.07e-10,1.6e-12,1.13e-10,3.04e-10,0.781,8.02e-11,3.03e-12,8.51e-11,1.32e-15,1.34e-13,1e-20,1e-20,1e-20,1e-20,1e-20,1e-20,1e-20,1e-20,1e-20,1e-20,1e-20,1e-20,1e-20,1e-20,1e-20,1e-20,1e-20,1e-20,1e-20,1e-20
40.0,3.05,3.33,2.53,3.4,2.243,2.871,254.0,257.5,243.2,262.1,234.7,250.4,5.2e-06,5.1e-06,4.95e-06,5e-06,5e-06,5.025e-06,0.00033,0.00033,0.00033,0.00033,0.00033,0.00033,7.5e-06,7.55e-06,6.9e-06,7e-06,5.9e-06,7.3e-06,4.513e-08,1.736e-08,2.995e-08,1.274e-08,2.471e-08,4.513e-08,3.098e-08,2.962e-08,2.331e-08,2.496e-08,6.472e-08,2.497e-08,5.638e-07,3.916e-07,3.931e-07,3.708e-07,4.505e-07,5.638e-07,0.209,0.209,0.209,0.209,0.209,0.209,87030000000.0,93730000000.0,75400000000.0,94020000000.0,69270000000.0,83100000000.0,1.12e-08,1.36e-11,4.03e-09,2.94e-16,5.33e-10,2.85e-10,3.95e-10,1.74e-09,4.91e-12,3e-12,5.95e-10,6.71e-13,1.03e-10,2.48e-10,0.781,7.63e-11,1.32e-12,6.37e-11,1.18e-15,5.39e-14,1e-20,1e-20,1e-20,1e-20,1e-20,1e-20,1e-20,1e-20,1e-20,1e-20,1e-20,1e-20,1e-20,1e-20,1e-20,1e-20,1e-20,1e-20,1e-20,1e-20
42.5,2.2,2.41,1.8,2.48,1.57,2.06,259.4,263.7,250.8,269.5,240.8,257.3,5.5e-06,5.3e-06,5e-06,5e-06,5e-06,5.15e-06,0.00033,0.00033,0.00033,0.00033,0.00033,0.00033,5.9e-06,5.9e-06,5.9e-06,5.4e-06,5.1e-06,6.2e-06,2.751e-08,1.158e-08,2.08e-08,9.001e-09,1.631e-08,2.751e-08,3.51e-08,3.138e-08,2.622e-08,2.647e-08,1.041e-07,2.824e-08,4.614e-07,3.389e-07,3.395e-07,2.992e-07,3.708e-07,4.614e-07,0.209,0.209,0.209,0.209,0.209,0.209,61470000000.0,66240000000.0,52020000000.0,66700000000.0,47260000000.0,58030000000.0,1.19e-08,1.65e-11,2.17e-09,8.72e-17,2.52e-10,4.06e-10,4.1e-10,1.76e-09,6.13e-12,3e-12,4.33e-10,4.35e-13,7.95e-11,1.64e-10,0.781,7.3e-11,8.69e-13,5.17e-11,1.08e-15,2.25e-14,1e-20,1e-20,1e-20,1e-20,1e-20,1e-20,1e-20,1e-20,1e-20,1e-20,1e-20,1e-20,1e-20,1e-20,1e-20,1e-20,1e-20,1e-20,1e-20,1e-20
45.0,1.59,1.76,1.29,1.82,1.113,1.491,264.8,269.9,258.5,273.6,247.0,264.2,5.7e-06,5.45e-06,5e-06,5e-06,5e-06,5.225e-06,0.00033,0.00033,0.00033,0.00033,0.00033,0.00033,4.5e-06,4.5e-06,4.6e-06,4.2e-06,4.1e-06,5.25e-06,1.591e-08,7.665e-09,1.311e-08,6.286e-09,1.066e-08,1.591e-08,3.987e-08,3.307e-08,3.057e-08,2.809e-08,1.507e-07,3.241e-08,3.631e-07,2.873e-07,2.876e-07,2.445e-07,3.004e-07,3.631e-07,0.209,0.209,0.209,0.209,0.209,0.209,43520000000.0,47260000000.0,36170000000.0,48210000000.0,32660000000.0,40900000000.0,1.17e-08,2.1e-11,1.15e-09,2.98e-17,1.21e-10,5.11e-10,4.21e-10,1.79e-09,6.85e-12,3e-12,2.51e-10,3.34e-13,4.82e-11,9.74e-11,0.781,7e-11,6.68e-13,4.44e-11,9.97e-16,1.04e-14,1e-20,1e-20,1e-20,1e-20,1e-20,1e-20,1e-20,1e-20,1e-20,1e-20,1e-20,1e-20,1e-20,1e-20,1e-20,1e-20,1e-20,1e-20,1e-20,1e-20
47.5,1.16,1.29,0.94,1.34,0.79,1.09,269.6,275.2,265.1,276.2,253.2,270.6,5.9e-06,5.5e-06,5e-06,5e-06,5e-06,5.25e-06,0.00033,0.00033,0.00033,0.00033,0.00033,0.00033,3.45e-06,3.5e-06,3.7e-06,3.2e-06,3e-06,4.1e-06,9.378e-09,5.321e-09,8.071e-09,4.558e-09,7.064e-09,9.378e-09,4.482e-08,3.487e-08,3.803e-08,2.999e-08,2.163e-07,3.717e-08,2.773e-07,2.384e-07,2.386e-07,2e-07,2.453e-07,2.773e-07,0.209,0.209,0.209,0.209,0.209,0.209,31190000000.0,33980000000.0,25700000000.0,35160000000.0,22610000000.0,29200000000.0,1.1e-08,2.77e-11,6.66e-10,1.3e-17,7.7e-11,5.79e-10,4.24e-10,1.8e-09,7.08e-12,3e-12,1.56e-10,2.8e-13,1.63e-11,4.92e-11,0.781,6.7e-11,5.6e-13,3.8e-11,9.34e-16,6.57e-15,1e-20,1e-20,1e-20,1e-20,1e-20,1e-20,1e-20,1e-20,1e-20,1e-20,1e-20,1e-20,1e-20,1e-20,1e-20,1e-20,1e-20,1e-20,1e-20,1e-20
50.0,0.854,0.951,0.683,0.987,0.5719,0.7978,270.2,275.7,265.7,277.2,259.3,270.7,6e-06,5.5e-06,4.95e-06,4.95e-06,4.95e-06,5.225e-06,0.00033,0.00033,0.00033,0.00033,0.00033,0.00033,2.8e-06,2.8e-06,2.75e-06,2.5e-06,2.6e-06,3.1e-06,4.752e-09,3.215e-09,4.164e-09,2.795e-09,3.972e-09,4.752e-09,5.092e-08,3.645e-08,6.245e-08,3.22e-08,3.141e-07,4.597e-08,2.1e-07,1.944e-07,1.944e-07,1.66e-07,1.98e-07,2.1e-07,0.209,0.209,0.209,0.209,0.209,0.209,22910000000.0,25000000000.0,18630000000.0,25810000000.0,15990000000.0,21360000000.0,1.03e-08,3.56e-11,4.43e-10,7.13e-18,5.55e-11,6.75e-10,4.25e-10,1.8e-09,7.14e-12,3e-12,1.04e-10,2.47e-13,5.1e-12,2.53e-11,0.781,6.43e-11,4.94e-13,3.48e-11,8.83e-16,4.74e-15,1e-20,1e-20,1e-20,1e-20,1e-20,1e-20,1e-20,1e-20,1e-20,1e-20,1e-20,1e-20,1e-20,1e-20,1e-20,1e-20,1e-20,1e-20,1e-20,1e-20
55.0,0.456,0.515,0.362,0.537,0.299,0.425,263.4,269.3,260.6,274.0,259.1,260.8,6e-06,5.35e-06,4.85e-06,4.85e-06,4.85e-06,5.1e-06,0.00033,0.00033,0.00033,0.00033,0.00033,0.00033,1.8e-06,1.8e-06,1.7e-06,1.7e-06,1.6e-06,1.8e-06,3e-09,2.03e-09,2.629e-09,1.765e-09,2.508e-09,3e-09,5.985e-08,3.923e-08,1.48e-07,3.65e-08,4.842e-07,6.639e-08,1.651e-07,1.574e-07,1.574e-07,1.5e-07,1.59e-07,1.65e-07,0.209,0.209,0.209,0.209,0.209,0.209,12550000000.0,13860000000.0,10070000000.0,14210000000.0,8364000000.0,11810000000.0,1.01e-08,4.59e-11,3.39e-10,4.8e-18,4.45e-11,9.53e-10,4.25e-10,1.8e-09,7.15e-12,3e-12,7.69e-11,2.28e-13,2e-12,1.5e-11,0.781,6.21e-11,4.56e-13,3.62e-11,8.43e-16,3.79e-15,1e-20,1e-20,1e-20,1e-20,1e-20,1e-20,1e-20,1e-20,1e-20,1e-20,1e-20,1e-20,1e-20,1e-20,1e-20,1e-20,1e-20,1e-20,1e-20,1e-20
60.0,0.239,0.272,0.188,0.288,0.155,0.219,253.1,257.1,250.8,262.7,250.9,247.0,6e-06,5e-06,4.5e-06,4.5e-06,4.5e-06,4.75e-06,0.00033,0.00033,0.00033,0.00033,0.00033,0.00033,1.1e-06,1.3e-06,1e-06,1.2e-06,9.5e-07,1.1e-06,2.065e-09,1.397e-09,1.809e-09,1.214e-09,1.726e-09,2.065e-09,6.96e-08,4.673e-08,2.926e-07,4.589e-08,7.147e-07,1.073e-07,1.5e-07,1.5e-07,1.5e-07,1.5e-07,1.5e-07,1.5e-07,0.209,0.209,0.209,0.209,0.209,0.209,6844000000.0,7668000000.0,5433000000.0,7946000000.0,4478000000.0,6426000000.0,1.01e-08,5.15e-11,2.85e-10,3.66e-18,3.84e-11,1.76e-09,4.25e-10,1.8e-09,7.15e-12,3e-12,6.3e-11,2.16e-13,1.05e-12,1.05e-11,0.781,6.02e-11,4.32e-13,5.25e-11,8.1e-16,3.28e-15,1e-20,1e-20,1e-20,1e-20,1e-20,1e-20,1e-20,1e-20,1e-20,1e-20,1e-20,1e-20,1e-20,1e-20,1e-20,1e-20,1e-20,1e-20,1e-20,1e-20
65.0,0.121,0.139,0.095,0.147,0.079,0.109,236.0,240.1,240.9,239.7,248.4,233.3,5.4e-06,4.4e-06,4e-06,4e-06,4e-06,4.2e-06,0.00033,0.00033,0.00033,0.00033,0.00033,0.00033,6.5e-07,8e-07,5.5e-07,8e-07,6.5e-07,7e-07,1.507e-09,1.02e-09,1.321e-09,8.866e-10,1.26e-09,1.507e-09,9.188e-08,6.404e-08,5.586e-07,6.375e-08,1.067e-06,1.862e-07,1.5e-07,1.5e-07,1.5e-07,1.5e-07,1.5e-07,1.5e-07,0.209,0.209,0.209,0.209,0.209,0.209,3716000000.0,4196000000.0,2858000000.0,4445000000.0,2305000000.0,3386000000.0,1.03e-08,5.11e-11,2.53e-10,3e-18,3.49e-11,3.74e-09,4.25e-10,1.8e-09,7.15e-12,3e-12,5.52e-11,2.08e-13,6.86e-13,8.34e-12,0.781,5.88e-11,4.17e-13,1.26e-10,7.83e-16,2.98e-15,1e-20,1e-20,1e-20,1e-20,1e-20,1e-20,1e-20,1e-20,1e-20,1e-20,1e-20,1e-20,1e-20,1e-20,1e-20,1e-20,1e-20,1e-20,1e-20,1e-20
70.0,0.058,0.067,0.047,0.071,0.04,0.0522,218.9,218.1,230.7,216.6,245.4,219.6,4.5e-06,3.7e-06,3.3e-06,3.3e-06,3.3e-06,3.5e-06,0.00033,0.00033,0.00033,0.00033,0.00033,0.00033,3e-07,4e-07,3.2e-07,4e-07,5e-07,3e-07,1.149e-09,7.772e-10,1.007e-09,6.756e-10,9.602e-10,1.149e-09,1.938e-07,1.177e-07,1.078e-06,1.176e-07,1.516e-06,3.059e-07,1.5e-07,1.5e-07,1.5e-07,1.5e-07,1.5e-07,1.5e-07,0.209,0.209,0.209,0.209,0.209,0.209,1920000000.0,2227000000.0,1477000000.0,2376000000.0,1181000000.0,1723000000.0,1.15e-08,4.32e-11,2.31e-10,2.57e-18,3.27e-11,7.19e-09,4.25e-10,1.8e-09,7.15e-12,3e-12,5.04e-11,2.03e-13,5.14e-13,7.11e-12,0.781,5.75e-11,4.05e-13,3.77e-10,7.6e-16,2.79e-15,1e-20,1e-20,1e-20,1e-20,1e-20,1e-20,1e-20,1e-20,1e-20,1e-20,1e-20,1e-20,1e-20,1e-20,1e-20,1e-20,1e-20,1e-20,1e-20,1e-20
75.0,0.026,0.03,0.0222,0.032,0.02,0.024,201.8,196.1,220.4,193.6,234.7,208.4,3.3e-06,2.95e-06,2.7e-06,2.7e-06,2.7e-06,2.825e-06,0.00033,0.00033,0.00033,0.00033,0.00033,0.00033,1.8e-07,1.9e-07,2.5e-07,2e-07,3.3e-07,2.5e-07,8.89e-10,6.257e-10,7.883e-10,5.538e-10,7.554e-10,8.89e-10,5.688e-07,2.935e-07,1.897e-06,3.033e-07,2.166e-06,6.375e-07,1.5e-07,1.5e-07,1.5e-07,1.5e-07,1.5e-07,1.5e-07,0.209,0.209,0.209,0.209,0.209,0.209,933800000.0,1109000000.0,730100000.0,1198000000.0,617600000.0,834700000.0,1.61e-08,2.83e-11,2.15e-10,2.27e-18,3.12e-11,1.12e-08,4.25e-10,1.8e-09,7.15e-12,3e-12,4.72e-11,1.98e-13,4.16e-13,6.33e-12,0.781,5.62e-11,3.96e-13,1.12e-09,7.4e-16,2.66e-15,1e-20,1e-20,1e-20,1e-20,1e-20,1e-20,1e-20,1e-20,1e-20,1e-20,1e-20,1e-20,1e-20,1e-20,1e-20,1e-20,1e-20,1e-20,1e-20,1e-20
80.0,0.011,0.012,0.0103,0.0125,0.00966,0.0105,184.8,174.1,210.1,170.6,223.9,198.6,2.1e-06,2.1e-06,2e-06,2e-06,2e-06,2.05e-06,0.000328,0.000328,0.000328,0.000328,0.000328,0.000328,3.3e-07,2e-07,2.3e-07,1.8e-07,1.3e-07,3e-07,7.056e-10,5.166e-10,6.333e-10,4.649e-10,6.097e-10,7.056e-10,1.549e-06,6.815e-07,2.96e-06,7.894e-07,3.06e-06,1.497e-06,1.5e-07,1.5e-07,1.5e-07,1.5e-07,1.5e-07,1.5e-07,0.209,0.209,0.209,0.209,0.209,0.209,431400000.0,499600000.0,355300000.0,531100000.0,312700000.0,383200000.0,2.68e-08,1.33e-11,2.02e-10,2.04e-18,3.01e-11,1.13e-08,4.25e-10,1.8e-09,7.15e-12,3e-12,4.49e-11,1.95e-13,3.53e-13,5.78e-12,0.781,5.5e-11,3.89e-13,2e-09,7.23e-16,2.56e-15,1e-20,1e-20,1e-20,1e-20,1e-20,1e-20,1e-20,1e-20,1e-20,1e-20,1e-20,1e-20,1e-20,1e-20,1e-20,1e-20,1e-20,1e-20,1e-20,1e-20
85.0,0.0044,0.00448,0.00456,0.00451,0.0045,0.00446,177.1,165.1,199.8,161.7,213.1,188.9,1.3e-06,1.33e-06,1.33e-06,1.33e-06,1.33e-06,1.33e-06,0.00032,0.00032,0.00032,0.00032,0.00032,0.00032,5e-07,5.7e-07,5.5e-07,6.5e-07,7.5e-07,5e-07,5.716e-10,4.352e-10,5.194e-10,3.979e-10,5.024e-10,5.716e-10,3.849e-06,1.465e-06,4.526e-06,1.823e-06,4.564e-06,3.239e-06,1.5e-07,1.5e-07,1.5e-07,1.5e-07,1.5e-07,1.5e-07,0.2,0.2,0.2,0.2,0.2,0.2,180100000.0,196700000.0,165400000.0,202200000.0,153100000.0,171100000.0,7.01e-08,5.56e-12,1.92e-10,1.85e-18,2.92e-11,6.1e-09,4.25e-10,1.8e-09,7.15e-12,3e-12,4.3e-11,1.92e-13,3.09e-13,5.37e-12,0.781,5.37e-11,3.83e-13,1.68e-09,7.07e-16,2.49e-15,1e-20,1e-20,1e-20,1e-20,1e-20,1e-20,1e-20,1e-20,1e-20,1e-20,1e-20,1e-20,1e-20,1e-20,1e-20,1e-20,1e-20,1e-20,1e-20,1e-20
90.0,0.00172,0.00164,0.00198,0.00161,0.002022,0.00184,177.0,165.0,199.5,161.6,202.3,186.9,8.5e-07,8.5e-07,8.5e-07,8.5e-07,8.5e-07,8.5e-07,0.00031,0.00031,0.00031,0.00031,0.00031,0.00031,5.2e-07,7.5e-07,8e-07,9e-07,8e-07,7e-07,4.708e-10,3.727e-10,4.333e-10,3.459e-10,4.21e-10,4.708e-10,6.59e-06,2.849e-06,6.862e-06,3.402e-06,6.877e-06,5.843e-06,1.4e-07,1.4e-07,1.4e-07,1.4e-07,1.4e-07,1.4e-07,0.19,0.19,0.19,0.19,0.19,0.19,70430000.0,72040000.0,71940000.0,72210000.0,72440000.0,71360000.0,2.13e-07,2.24e-12,1.83e-10,1.71e-18,2.84e-11,1.51e-09,4.25e-10,1.8e-09,7.15e-12,3e-12,4.16e-11,1.89e-13,2.76e-13,5.05e-12,0.78,5.25e-11,3.78e-13,4.31e-10,6.94e-16,2.43e-15,1e-20,1e-20,1e-20,1e-20,1e-20,1e-20,1e-20,1e-20,1e-20,1e-20,1e-20,1e-20,1e-20,1e-20,1e-20,1e-20,1e-20,1e-20,1e-20,1e-20
95.0,0.000688,0.000625,0.000877,0.000606,0.000907,0.00076,184.3,178.3,208.3,176.8,211.0,188.4,5.4e-07,5.4e-07,5.4e-07,5.4e-07,5.4e-07,5.4e-07,0.00027,0.00027,0.00027,0.00027,0.00027,0.00027,5e-07,7e-07,8e-07,8e-07,8e-07,7e-07,3.932e-10,3.237e-10,3.666e-10,3.047e-10,3.579e-10,3.932e-10,1.044e-05,5.166e-06,1.054e-05,5.916e-06,1.055e-05,1.013e-05,1.3e-07,1.3e-07,1.3e-07,1.3e-07,1.3e-07,1.3e-07,0.18,0.18,0.18,0.18,0.18,0.18,27060000.0,25410000.0,30520000.0,24840000.0,31160000.0,29240000.0,7.12e-07,8.96e-13,1.76e-10,1.59e-18,2.78e-11,2.42e-10,4.25e-10,1.8e-09,7.15e-12,3e-12,4.03e-11,1.87e-13,2.5e-13,4.78e-12,0.779,5.12e-11,3.73e-13,4.98e-11,6.81e-16,2.37e-15,1e-20,1e-20,1e-20,1e-20,1e-20,1e-20,1e-20,1e-20,1e-20,1e-20,1e-20,1e-20,1e-20,1e-20,1e-20,1e-20,1e-20,1e-20,1e-20,1e-20
100.0,0.000289,0.000258,0.0004074,0.000248,0.000423,0.00032,190.7,190.5,218.6,190.4,218.5,195.1,4e-07,4e-07,4e-07,4e-07,4e-07,4e-07,0.000195,0.000195,0.000195,0.000195,0.000195,0.000195,4e-07,4e-07,4e-07,4e-07,4e-07,4e-07,3.323e-10,2.844e-10,3.14e-10,2.713e-10,3.08e-10,3.323e-10,1.705e-05,1.008e-05,1.709e-05,1.043e-05,1.71e-05,1.692e-05,1.2e-07,1.2e-07,1.2e-07,1.2e-07,1.2e-07,1.2e-07,0.16,0.16,0.16,0.16,0.16,0.16,10980000.0,9816000.0,13510000.0,9441000.0,14030000.0,11890000.0,2.08e-06,3.58e-13,1.7e-10,1.48e-18,2.73e-11,4.47e-11,4.25e-10,1.8e-09,7.15e-12,3e-12,3.93e-11,1.85e-13,2.3e-13,4.56e-12,0.777,5e-11,3.69e-13,6.76e-12,6.7e-16,2.33e-15,1e-20,1e-20,1e-20,1e-20,1e-20,1e-20,1e-20,1e-20,1e-20,1e-20,1e-20,1e-20,1e-20,1e-20,1e-20,1e-20,1e-20,1e-20,1e-20,1e-20
105.0,0.00013,0.000117,0.0002,0.000113,0.000207,0.000145,212.0,222.2,237.1,226.0,234.0,208.8,3.4e-07,3.4e-07,3.4e-07,3.4e-07,3.4e-07,3.4e-07,0.00011,0.00011,0.00011,0.00011,0.00011,0.00011,2e-07,2e-07,2e-07,2e-07,2e-07,2e-07,2.837e-10,2.524e-10,2.717e-10,2.439e-10,2.678e-10,2.837e-10,2.471e-05,1.865e-05,2.473e-05,1.881e-05,2.473e-05,2.467e-05,1.1e-07,1.1e-07,1.1e-07,1.1e-07,1.1e-07,1.1e-07,0.14,0.14,0.14,0.14,0.14,0.14,4445000.0,3816000.0,6114000.0,3624000.0,6412000.0,5033000.0,4.5e-06,1.43e-13,1.64e-10,1.4e-18,2.68e-11,1.77e-11,4.25e-10,1.8e-09,7.15e-12,3e-12,3.83e-11,1.83e-13,2.13e-13,4.37e-12,0.774,4.87e-11,3.66e-13,8.38e-13,6.59e-16,2.29e-15,1e-20,1e-20,1e-20,1e-20,1e-20,1e-20,1e-20,1e-20,1e-20,1e-20,1e-20,1e-20,1e-20,1e-20,1e-20,1e-20,1e-20,1e-20,1e-20,1e-20
110.0,6.47e-05,6.11e-05,0.0001057,6e-05,0.000108,7.1e-05,241.6,262.4,259.5,270.1,252.6,240.0,2.8e-07,2.8e-07,2.8e-07,2.8e-07,2.8e-07,2.8e-07,6e-05,6e-05,6e-05,6e-05,6e-05,6e-05,5e-08,5e-08,5e-08,5e-08,5e-08,5e-08,2.443e-10,2.26e-10,2.373e-10,2.21e-10,2.35e-10,2.443e-10,3.358e-05,2.863e-05,3.359e-05,2.869e-05,3.359e-05,3.356e-05,9.5e-08,9.5e-08,9.5e-08,9.5e-08,9.5e-08,9.5e-08,0.12,0.12,0.12,0.12,0.12,0.12,1941000.0,1688000.0,2952000.0,1610000.0,3099000.0,2144000.0,7.98e-06,5.73e-14,1.59e-10,1.32e-18,2.64e-11,1.19e-11,4.25e-10,1.8e-09,7.15e-12,3e-12,3.75e-11,1.81e-13,1.98e-13,4.21e-12,0.77,4.75e-11,3.62e-13,9.56e-14,6.49e-16,2.25e-15,1e-20,1e-20,1e-20,1e-20,1e-20,1e-20,1e-20,1e-20,1e-20,1e-20,1e-20,1e-20,1e-20,1e-20,1e-20,1e-20,1e-20,1e-20,1e-20,1e-20
115.0,3.6e-05,3.56e-05,5.98e-05,3.54e-05,6e-05,4.01e-05,299.7,316.8,293.0,322.7,288.5,300.0,2.4e-07,2.4e-07,2.4e-07,2.4e-07,2.4e-07,2.4e-07,4e-05,4e-05,4e-05,4e-05,4e-05,4e-05,5e-09,5e-09,5e-09,5e-09,5e-09,5e-09,2.12e-10,2.039e-10,2.089e-10,2.017e-10,2.079e-10,2.12e-10,4.148e-05,3.89e-05,4.149e-05,3.892e-05,4.149e-05,4.148e-05,6e-08,6e-08,6e-08,6e-08,6e-08,6e-08,0.094,0.094,0.094,0.094,0.094,0.094,870600.0,814500.0,1479000.0,795100.0,1507000.0,968800.0,1e-05,2.29e-14,1.55e-10,1.25e-18,2.6e-11,1.35e-11,4.25e-10,1.8e-09,7.15e-12,3e-12,3.68e-11,1.8e-13,1.86e-13,4.06e-12,0.765,4.62e-11,3.59e-13,1e-14,6.4e-16,2.22e-15,1e-20,1e-20,1e-20,1e-20,1e-20,1e-20,1e-20,1e-20,1e-20,1e-20,1e-20,1e-20,1e-20,1e-20,1e-20,1e-20,1e-20,1e-20,1e-20,1e-20
120.0,2.25e-05,2.27e-05,3.6e-05,2.26e-05,3.59e-05,2.54e-05,380.0,380.0,333.0,380.0,333.0,360.0,2e-07,2e-07,2e-07,2e-07,2e-07,2e-07,3.5e-05,3.5e-05,3.5e-05,3.5e-05,3.5e-05,3.5e-05,5e-10,5e-10,5e-10,5e-10,5e-10,5e-10,1.851e-10,1.851e-10,1.851e-10,1.851e-10,1.851e-10,1.851e-10,5e-05,5e-05,5e-05,5e-05,5e-05,5e-05,3e-08,3e-08,3e-08,3e-08,3e-08,3e-08,0.0725,0.0725,0.0725,0.0725,0.0725,0.0725,422500.0,433000.0,783600.0,431100.0,781400.0,511400.0,1e-05,9.17e-15,1.51e-10,1.19e-18,2.57e-11,2.2e-11,4.25e-10,1.8e-09,7.15e-12,3e-12,3.61e-11,1.78e-13,1.75e-13,3.93e-12,0.76,4.5e-11,3.56e-13,1e-15,6.32e-16,2.19e-15,1e-20,1e-20,1e-20,1e-20,1e-20,1e-20,1e-20,1e-20,1e-20,1e-20,1e-20,1e-20,1e-20,1e-20,1e-20,1e-20,1e-20,1e-20,1e-20,1e-20
