ALTX,CLONO2,HNO4,CHCL2F,CCL4,F11,F12,C2CL2F4,C2CL3F3,N2O5,HNO3,CF4,CHCLF2,CCLF3,C2CLF5,NO2,PAN,ACET,CH3CN,CHF2CF3,CFH2CF3,CF3CH3,CH3CHF2,CH2F2,CCl2FCH3,CH3CClF2,??????,CHCl2CF3,CHClFCF3,CHCl2C2F5,C2HCl2F3CF2,SO2,ISOP,CHF3
0.0,4.7369999999999997e-12,8.8509999999999993e-13,nan,1.2999999999999999e-10,1.3999999999999998e-10,2.4e-10,1.2000000000000001e-11,1.8999999999999999e-11,1.3119999999999999e-16,5.738e-11,6.9999999999999991e-11,9.3499999999999987e-11,5.0000000000000005e-12,3.9999999999999999e-12,2.2999999999999998e-11,6.5939999999999995e-14,4.7700000000000001e-10,1e-10,2e-12,9.6589999999999999e-12,2e-12,2e-12,3.8539999999999995e-12,1.1199999999999999e-11,1.077e-11,nan,nan,nan,nan,nan,2.9999999999999995e-10,1.01e-10,2.1439999999999999e-11
1.0,4.1620000000000002e-12,2.0310000000000001e-12,nan,1.2999999999999999e-10,1.3999999999999998e-10,2.4e-10,1.2000000000000001e-11,1.8999999999999999e-11,4.0649999999999995e-16,6.6709999999999995e-11,6.9999999999999991e-11,9.3499999999999987e-11,5.0000000000000005e-12,3.9999999999999999e-12,2.2999999999999998e-11,1.467e-13,5.4049999999999994e-10,1e-10,1.9829999999999999e-12,9.5779999999999998e-12,1.9829999999999999e-12,1.9829999999999999e-12,3.8029999999999999e-12,1.1109999999999999e-11,1.0679999999999999e-11,nan,nan,nan,nan,nan,2.7399999999999998e-10,2.8500000000000002e-11,2.1399999999999998e-11
2.0,3.587e-12,3.1769999999999995e-12,nan,1.2990000000000001e-10,1.399e-10,2.3989999999999997e-10,1.2000000000000001e-11,1.8989999999999997e-11,6.8179999999999996e-16,7.6029999999999995e-11,6.9999999999999991e-11,9.3499999999999987e-11,5.0000000000000005e-12,3.9999999999999999e-12,2.2999999999999998e-11,8.6049999999999992e-13,6.1390000000000002e-10,1e-10,1.9680000000000001e-12,9.5039999999999999e-12,1.9680000000000001e-12,1.9680000000000001e-12,3.7550000000000001e-12,1.1019999999999999e-11,1.0589999999999999e-11,nan,nan,nan,nan,nan,2.3599999999999996e-10,6.7700000000000004e-12,2.1359999999999998e-11
3.0,2.8909999999999997e-12,7.4439999999999994e-12,nan,1.2990000000000001e-10,1.399e-10,2.3989999999999997e-10,1.2000000000000001e-11,1.8989999999999997e-11,5.3289999999999999e-14,8.1759999999999997e-11,6.9999999999999991e-11,9.3499999999999987e-11,5.0000000000000005e-12,3.9999999999999999e-12,2.2999999999999998e-11,2.2529999999999998e-12,7.2259999999999997e-10,1e-10,1.9510000000000001e-12,9.4229999999999997e-12,1.9510000000000001e-12,1.9510000000000001e-12,3.7230000000000002e-12,1.093e-11,1.0499999999999999e-11,nan,nan,nan,nan,nan,1.8999999999999999e-10,1.8800000000000001e-12,2.1339999999999998e-11
4.0,2.1950000000000002e-12,1.1709999999999999e-11,nan,1.2980000000000001e-10,1.398e-10,2.3979999999999999e-10,1.199e-11,1.8980000000000002e-11,1.059e-13,8.7479999999999992e-11,6.9999999999999991e-11,9.3499999999999987e-11,5.0000000000000005e-12,3.9999999999999999e-12,2.2999999999999998e-11,3.5059999999999998e-12,8.225e-10,1e-10,1.934e-12,9.3419999999999996e-12,1.934e-12,1.934e-12,3.7069999999999995e-12,1.083e-11,1.0409999999999999e-11,nan,nan,nan,nan,nan,1.4599999999999999e-10,1.1799999999999998e-12,2.1319999999999997e-11
5.0,1.7170000000000001e-12,1.9619999999999999e-11,nan,1.297e-10,1.3969999999999999e-10,2.3979999999999999e-10,1.199e-11,1.8980000000000002e-11,1.1769999999999999e-12,9.1529999999999993e-11,6.9999999999999991e-11,9.3499999999999987e-11,5.0000000000000005e-12,3.9999999999999999e-12,2.2999999999999998e-11,5.1689999999999995e-12,9.2840000000000002e-10,1e-10,1.9190000000000002e-12,9.2679999999999997e-12,1.9190000000000002e-12,1.9190000000000002e-12,3.6970000000000001e-12,1.075e-11,1.0329999999999998e-11,nan,nan,nan,nan,nan,1.1799999999999998e-10,1.1499999999999999e-12,2.1309999999999999e-11
6.0,1.238e-12,2.7519999999999999e-11,nan,1.296e-10,1.3959999999999999e-10,2.3970000000000001e-10,1.199e-11,1.897e-11,2.2479999999999997e-12,9.5579999999999995e-11,6.9999999999999991e-11,9.3499999999999987e-11,5.0000000000000005e-12,3.9999999999999999e-12,2.2999999999999998e-11,1.0879999999999999e-11,9.8469999999999992e-10,1e-10,1.9019999999999998e-12,9.185999999999999e-12,1.9019999999999998e-12,1.9019999999999998e-12,3.6890000000000001e-12,1.0649999999999998e-11,1.024e-11,nan,nan,nan,nan,nan,9.7099999999999993e-11,1.04e-12,2.1299999999999997e-11
7.0,9.7749999999999982e-13,3.2839999999999993e-11,nan,1.2949999999999999e-10,1.3959999999999999e-10,2.3959999999999998e-10,1.199e-11,1.8960000000000002e-11,2.435e-12,9.9139999999999993e-11,6.9999999999999991e-11,9.3499999999999987e-11,5.0000000000000005e-12,3.9999999999999999e-12,2.2999999999999998e-11,1.62e-11,1.012e-09,1e-10,1.8869999999999999e-12,9.1129999999999996e-12,1.8869999999999999e-12,1.8869999999999999e-12,3.6810000000000002e-12,1.057e-11,1.0159999999999999e-11,nan,nan,nan,nan,nan,8.2999999999999998e-11,1.0899999999999998e-12,2.1290000000000002e-11
8.0,7.1699999999999997e-13,3.8160000000000001e-11,nan,1.2939999999999999e-10,1.3949999999999998e-10,2.395e-10,1.198e-11,1.895e-11,2.6219999999999999e-12,1.0269999999999999e-10,6.9999999999999991e-11,9.3499999999999987e-11,5.0000000000000005e-12,3.9999999999999999e-12,2.2999999999999998e-11,1.8919999999999998e-11,1.0330000000000001e-09,1e-10,1.8699999999999999e-12,9.0310000000000006e-12,1.8699999999999999e-12,1.8699999999999999e-12,3.6699999999999995e-12,1.0469999999999999e-11,1.0069999999999999e-11,nan,nan,nan,nan,nan,7.2100000000000002e-11,1.2699999999999998e-12,2.128e-11
9.0,6.2309999999999994e-13,3.5760000000000001e-11,nan,1.2929999999999998e-10,1.394e-10,2.3939999999999997e-10,1.198e-11,1.8940000000000001e-11,2.5259999999999999e-12,1.111e-10,6.9999999999999991e-11,9.3499999999999987e-11,5.0000000000000005e-12,3.9999999999999999e-12,2.3200000000000001e-11,2.2129999999999999e-11,9.9689999999999994e-10,1e-10,1.8519999999999998e-12,8.9430000000000002e-12,1.8519999999999998e-12,1.8519999999999998e-12,3.6550000000000001e-12,1.037e-11,9.966999999999999e-12,nan,nan,nan,nan,nan,6.5599999999999998e-11,9.3899999999999994e-13,2.1259999999999999e-11
10.0,5.2919999999999991e-13,3.3359999999999995e-11,nan,1.2919999999999998e-10,1.3919999999999999e-10,2.3929999999999999e-10,1.198e-11,1.893e-11,2.4299999999999999e-12,1.195e-10,6.9999999999999991e-11,9.3499999999999987e-11,5.0000000000000005e-12,3.9999999999999999e-12,2.3799999999999998e-11,2.758e-11,8.5220000000000001e-10,8.0000000000000008e-11,1.8300000000000001e-12,8.8389999999999998e-12,1.8300000000000001e-12,1.8300000000000001e-12,3.6289999999999996e-12,1.025e-11,9.8519999999999996e-12,nan,nan,nan,nan,nan,6.0799999999999999e-11,6.9599999999999996e-13,2.1219999999999999e-11
11.0,5.3129999999999997e-13,2.9280000000000001e-11,nan,1.2889999999999999e-10,1.3889999999999998e-10,2.39e-10,1.197e-11,1.8899999999999997e-11,2.7139999999999999e-12,1.431e-10,6.9999999999999991e-11,9.3499999999999987e-11,5.0000000000000005e-12,3.9999999999999999e-12,2.6199999999999997e-11,2.6719999999999999e-11,5.4999999999999996e-10,6e-11,1.8229999999999998e-12,8.8029999999999995e-12,1.8229999999999998e-12,1.8229999999999998e-12,3.5839999999999997e-12,1.021e-11,9.8110000000000001e-12,nan,nan,nan,nan,nan,5.7899999999999995e-11,4.9399999999999991e-13,2.1140000000000001e-11
12.0,5.3340000000000003e-13,2.5189999999999999e-11,nan,1.285e-10,1.3859999999999999e-10,2.3870000000000001e-10,1.196e-11,1.8869999999999999e-11,2.9979999999999999e-12,1.667e-10,6.9999999999999991e-11,9.3499999999999987e-11,5.0000000000000005e-12,3.9999999999999999e-12,3.1500000000000001e-11,2.4640000000000002e-11,2.464e-10,4.0000000000000004e-11,1.8149999999999998e-12,8.7660000000000004e-12,1.8149999999999998e-12,1.8149999999999998e-12,3.5339999999999997e-12,1.0159999999999999e-11,9.769999999999999e-12,nan,nan,nan,nan,nan,5.5999999999999994e-11,3.4099999999999996e-13,2.106e-11
13.0,1.451e-12,2.8139999999999999e-11,nan,1.2659999999999998e-10,1.3679999999999998e-10,2.3699999999999996e-10,1.1909999999999999e-11,1.8709999999999999e-11,7.3539999999999996e-12,3.2169999999999999e-10,6.9999999999999991e-11,9.3499999999999987e-11,4.5800000000000003e-12,3.7399999999999998e-12,4.4499999999999995e-11,3.6699999999999993e-11,1.0329999999999999e-10,2.0000000000000002e-11,1.7899999999999998e-12,8.6430000000000002e-12,1.7899999999999998e-12,1.7899999999999998e-12,3.491e-12,1.002e-11,9.6329999999999998e-12,nan,nan,nan,nan,nan,5.5899999999999996e-11,2.1499999999999999e-13,2.0979999999999998e-11
14.0,2.368e-12,3.1089999999999999e-11,nan,1.2469999999999999e-10,1.3489999999999999e-10,2.353e-10,1.185e-11,1.8539999999999998e-11,1.1709999999999999e-11,4.7659999999999999e-10,6.9999999999999991e-11,9.3499999999999987e-11,4.1999999999999991e-12,3.4999999999999996e-12,7.4800000000000003e-11,4.5199999999999996e-11,5.1340000000000001e-11,0.0,1.7650000000000001e-12,8.522000000000001e-12,1.7650000000000001e-12,1.7650000000000001e-12,3.4419999999999997e-12,9.8819999999999985e-12,9.4979999999999985e-12,nan,nan,nan,nan,nan,5.64e-11,1.07e-13,2.088e-11
15.0,1.037e-11,4.4060000000000001e-11,nan,1.1869999999999999e-10,1.2919999999999998e-10,2.3000000000000001e-10,1.167e-11,1.8029999999999998e-11,3.6380000000000001e-11,9.2729999999999999e-10,6.9999999999999991e-11,9.3499999999999987e-11,4.0499999999999999e-12,3.2399999999999999e-12,1.71e-10,4.5949999999999994e-11,2.252e-11,0.0,1.7259999999999999e-12,8.3349999999999995e-12,1.7259999999999999e-12,1.7259999999999999e-12,3.3649999999999999e-12,9.6649999999999997e-12,9.290000000000001e-12,nan,nan,nan,nan,nan,5.7500000000000002e-11,3.1300000000000003e-14,2.0740000000000001e-11
16.0,1.8369999999999997e-11,5.7029999999999996e-11,nan,1.127e-10,1.2339999999999998e-10,2.2469999999999998e-10,1.1489999999999999e-11,1.751e-11,6.1049999999999999e-11,1.378e-09,6.9999999999999991e-11,9.3499999999999987e-11,3.8999999999999999e-12,3.0000000000000001e-12,3.1899999999999998e-10,3.7410000000000003e-11,1.196e-11,0.0,1.6879999999999999e-12,8.1529999999999989e-12,1.6879999999999999e-12,1.6879999999999999e-12,3.237e-12,9.4539999999999991e-12,9.0869999999999995e-12,nan,nan,nan,nan,nan,5.7500000000000002e-11,4.6399999999999997e-15,2.05e-11
17.0,5.5710000000000001e-11,8.1269999999999994e-11,nan,1.026e-10,1.138e-10,2.1569999999999999e-10,1.1199999999999999e-11,1.664e-11,1.1569999999999999e-10,2.0699999999999997e-09,6.9999999999999991e-11,9.3410000000000004e-11,3.75e-12,2.79e-12,5.1899999999999997e-10,2.5109999999999998e-11,6.2039999999999998e-12,0.0,1.6309999999999998e-12,7.8750000000000003e-12,1.6309999999999998e-12,1.6309999999999998e-12,3.0410000000000001e-12,9.1319999999999995e-12,8.7770000000000011e-12,nan,nan,nan,nan,nan,5.3699999999999993e-11,2.7199999999999998e-16,2.0139999999999998e-11
18.0,9.3039999999999996e-11,1.055e-10,nan,9.2559999999999988e-11,1.0409999999999999e-10,2.0659999999999999e-10,1.0900000000000001e-11,1.5760000000000002e-11,1.703e-10,2.7620000000000002e-09,6.9999999999999991e-11,9.3309999999999999e-11,3.5999999999999996e-12,2.5999999999999998e-12,7.7099999999999992e-10,1.5679999999999998e-11,3.6769999999999998e-12,0.0,1.5749999999999999e-12,7.6059999999999997e-12,1.5749999999999999e-12,1.5749999999999999e-12,2.7889999999999999e-12,8.82e-12,8.478e-12,nan,nan,nan,nan,nan,4.7799999999999999e-11,1.2599999999999999e-17,1.9669999999999998e-11
19.0,1.7479999999999998e-10,1.3439999999999997e-10,nan,8.0370000000000003e-11,9.2159999999999995e-11,1.9519999999999998e-10,1.053e-11,1.4660000000000001e-11,2.4709999999999995e-10,3.5140000000000001e-09,6.9999999999999991e-11,9.3209999999999994e-11,3.45e-12,2.4499999999999999e-12,1.0599999999999999e-09,8.2309999999999992e-12,2.1849999999999997e-12,0.0,1.4920000000000001e-12,7.2039999999999996e-12,1.4920000000000001e-12,1.4920000000000001e-12,2.5259999999999999e-12,8.3539999999999993e-12,8.0299999999999987e-12,nan,nan,nan,nan,nan,3.9700000000000002e-11,1.0799999999999999e-19,1.9179999999999999e-11
20.0,2.5659999999999997e-10,1.6319999999999999e-10,nan,6.8170000000000009e-11,8.021e-11,1.8379999999999998e-10,1.0149999999999999e-11,1.356e-11,3.2389999999999999e-10,4.266e-09,6.9999999999999991e-11,9.3099999999999994e-11,3.3000000000000001e-12,2.2999999999999999e-12,1.39e-09,2.7870000000000001e-12,1.1450000000000001e-12,0.0,1.4129999999999999e-12,6.824e-12,1.4129999999999999e-12,1.4129999999999999e-12,2.2939999999999997e-12,7.9129999999999999e-12,7.6059999999999997e-12,nan,nan,nan,nan,nan,3.1900000000000001e-11,4.8999999999999996e-20,1.8739999999999998e-11
21.0,3.681e-10,1.9459999999999998e-10,nan,5.6110000000000001e-11,6.7990000000000003e-11,1.7119999999999999e-10,9.7310000000000004e-12,1.236e-11,4.2039999999999996e-10,4.8909999999999998e-09,6.9999999999999991e-11,9.296999999999999e-11,3.1999999999999997e-12,2.0899999999999998e-12,1.7599999999999999e-09,8.4559999999999995e-13,5.874e-13,0.0,1.3329999999999999e-12,6.4389999999999995e-12,1.3329999999999999e-12,1.3329999999999999e-12,2.0789999999999999e-12,7.4659999999999991e-12,7.1760000000000001e-12,nan,nan,nan,nan,nan,2.6699999999999996e-11,7.7900000000000005e-23,1.8339999999999998e-11
22.0,4.7959999999999998e-10,2.2599999999999997e-10,nan,4.4049999999999999e-11,5.5759999999999997e-11,1.585e-10,9.3109999999999986e-12,1.116e-11,5.1679999999999991e-10,5.5159999999999996e-09,6.9999999999999991e-11,9.2849999999999995e-11,3.0999999999999997e-12,1.9e-12,2.16e-09,1.467e-13,2.7139999999999998e-13,0.0,1.2580000000000001e-12,6.0769999999999992e-12,1.2580000000000001e-12,1.2580000000000001e-12,1.9060000000000002e-12,7.0459999999999997e-12,6.7729999999999995e-12,nan,nan,nan,nan,nan,2.2799999999999998e-11,3.9400000000000002e-23,1.8009999999999998e-11
23.0,5.9100000000000003e-10,2.5409999999999998e-10,nan,3.3949999999999996e-11,4.4799999999999997e-11,1.452e-10,8.8649999999999999e-12,9.9310000000000004e-12,6.3179999999999993e-10,5.8580000000000002e-09,6.9999999999999991e-11,9.2819999999999996e-11,3.0499999999999997e-12,1.7400000000000001e-12,2.5799999999999998e-09,2.5449999999999998e-14,1.254e-13,0.0,1.1909999999999999e-12,5.7499999999999995e-12,1.1909999999999999e-12,1.1909999999999999e-12,1.7719999999999999e-12,6.6669999999999998e-12,6.4080000000000002e-12,nan,nan,nan,nan,nan,2.0699999999999997e-11,7.8599999999999998e-25,1.777e-11
24.0,7.0239999999999997e-10,2.8219999999999997e-10,nan,2.385e-11,3.3840000000000003e-11,1.319e-10,8.4189999999999996e-12,8.7020000000000007e-12,7.4680000000000005e-10,6.1999999999999993e-09,6.9999999999999991e-11,9.2800000000000005e-11,3.0000000000000001e-12,1.5999999999999998e-12,3.0599999999999998e-09,1.6709999999999999e-14,1.0249999999999999e-13,0.0,1.1269999999999999e-12,5.4419999999999996e-12,1.1269999999999999e-12,1.1269999999999999e-12,1.67e-12,6.3099999999999996e-12,6.0649999999999997e-12,nan,nan,nan,nan,nan,1.8999999999999999e-11,8.2399999999999993e-27,1.7589999999999998e-11
25.0,7.7239999999999994e-10,3.0099999999999999e-10,nan,1.7010000000000001e-11,2.5499999999999999e-11,1.1829999999999999e-10,7.9489999999999985e-12,7.5149999999999994e-12,8.5760000000000002e-10,6.17e-09,6.9999999999999991e-11,9.2649999999999998e-11,2.9000000000000002e-12,1.5000000000000001e-12,3.7399999999999999e-09,1.128e-14,8.4699999999999995e-14,0.0,1.0759999999999999e-12,5.1959999999999993e-12,1.0759999999999999e-12,1.0759999999999999e-12,1.5899999999999999e-12,6.0249999999999999e-12,5.7909999999999999e-12,nan,nan,nan,nan,nan,1.7499999999999998e-11,2.2099999999999998e-27,1.7459999999999997e-11
27.5,8.5869999999999994e-10,3.0160000000000002e-10,nan,5.0270000000000003e-12,9.6339999999999987e-12,8.5519999999999993e-11,6.7700000000000004e-12,4.7869999999999997e-12,9.8879999999999994e-10,5.6839999999999998e-09,6.9999999999999991e-11,9.1379999999999986e-11,2.5699999999999998e-12,1.32e-12,4.8099999999999997e-09,0.0,0.0,0.0,9.5559999999999989e-13,4.615e-12,9.5559999999999989e-13,9.5559999999999989e-13,1.4330000000000001e-12,5.3510000000000001e-12,5.1439999999999999e-12,nan,nan,nan,nan,nan,1.54e-11,3.53e-28,1.7229999999999998e-11
30.0,7.4279999999999996e-10,2.175e-10,nan,8.2019999999999998e-13,2.4409999999999998e-12,5.6829999999999999e-11,5.6199999999999999e-12,2.6780000000000001e-12,7.8450000000000003e-10,4.6109999999999991e-09,6.9060000000000005e-11,8.8369999999999988e-11,2.1999999999999999e-12,1.1999999999999999e-12,6.1599999999999994e-09,0.0,0.0,0.0,8.2889999999999993e-13,4.0029999999999998e-12,8.2889999999999993e-13,8.2889999999999993e-13,1.2729999999999999e-12,4.6419999999999998e-12,4.4619999999999994e-12,nan,nan,nan,nan,nan,1.34e-11,3.5e-28,1.7010000000000001e-11
32.5,4.5849999999999997e-10,1.151e-10,nan,1.204e-13,5.5529999999999997e-13,3.4979999999999998e-11,4.5469999999999999e-12,1.3659999999999998e-12,4.1399999999999997e-10,3.2449999999999999e-09,6.7110000000000001e-11,8.2449999999999997e-11,2.0999999999999995e-12,1.0699999999999999e-12,7.2099999999999997e-09,0.0,0.0,0.0,7.0519999999999996e-13,3.4059999999999998e-12,7.0519999999999996e-13,7.0519999999999996e-13,1.0849999999999999e-12,3.9489999999999994e-12,3.7960000000000004e-12,nan,nan,nan,nan,nan,1.2099999999999999e-11,3.4599999999999997e-28,1.675e-11
35.0,2.0049999999999998e-10,4.6259999999999997e-11,nan,1.3039999999999999e-14,1.024e-13,2.0129999999999999e-11,3.6229999999999998e-12,6.3700000000000001e-13,1.5559999999999998e-10,1.978e-09,6.5469999999999995e-11,7.0610000000000002e-11,2.0499999999999999e-12,9.490000000000001e-13,7.2799999999999997e-09,0.0,0.0,0.0,5.9399999999999999e-13,2.869e-12,5.9399999999999999e-13,5.9399999999999999e-13,8.9519999999999996e-13,3.3269999999999999e-12,3.1979999999999999e-12,nan,nan,nan,nan,nan,1.1600000000000001e-11,3.4199999999999999e-28,1.6520000000000002e-11
37.5,5.8670000000000003e-11,1.448e-11,nan,1.0500000000000001e-15,1.5810000000000001e-14,1.1109999999999999e-11,2.8839999999999998e-12,2.8200000000000001e-13,4.2290000000000003e-11,1.0150000000000001e-09,6.4999999999999995e-11,5.8679999999999998e-11,1.9199999999999999e-12,8.2399999999999992e-13,6.2599999999999995e-09,0.0,0.0,0.0,4.9399999999999991e-13,2.3860000000000001e-12,4.9399999999999991e-13,4.9399999999999991e-13,7.4740000000000003e-13,2.7669999999999998e-12,2.66e-12,nan,nan,nan,nan,nan,1.2099999999999999e-11,3.3899999999999999e-28,1.635e-11
40.0,8.817999999999999e-12,3.333e-12,nan,4.864e-17,1.9389999999999998e-15,6.014e-12,2.3149999999999997e-12,1.222e-13,7.4889999999999993e-12,3.8549999999999996e-10,6.4999999999999995e-11,4.835e-11,1.7999999999999998e-12,6.9999999999999995e-13,4.0299999999999995e-09,0.0,0.0,0.0,4.1329999999999997e-13,1.996e-12,4.1329999999999997e-13,4.1329999999999997e-13,6.5059999999999997e-13,2.3149999999999997e-12,2.2249999999999999e-12,nan,nan,nan,nan,nan,1.36e-11,3.3599999999999998e-28,1.624e-11
42.5,1.3189999999999999e-12,8.8570000000000005e-13,nan,5.0809999999999994e-18,3.8109999999999997e-16,3.4460000000000001e-12,1.9060000000000002e-12,5.9299999999999997e-14,1.426e-12,1.2519999999999999e-10,6.4999999999999995e-11,4.2879999999999998e-11,1.67e-12,5.92e-13,2.1700000000000002e-09,0.0,0.0,0.0,3.5619999999999999e-13,1.7199999999999999e-12,3.5619999999999999e-13,3.5619999999999999e-13,5.9129999999999991e-13,1.9949999999999999e-12,1.917e-12,nan,nan,nan,nan,nan,1.6500000000000001e-11,3.3399999999999995e-28,1.6189999999999998e-11
45.0,1.61e-13,2.2439999999999998e-13,nan,5.3719999999999992e-19,7.7159999999999993e-17,1.9980000000000002e-12,1.5999999999999998e-12,2.9490000000000002e-14,2.195e-13,3.4799999999999999e-11,6.4999999999999995e-11,3.561e-11,1.5499999999999999e-12,5.1399999999999993e-13,1.15e-09,0.0,0.0,0.0,3.1010000000000001e-13,1.497e-12,3.1010000000000001e-13,3.1010000000000001e-13,5.4189999999999994e-13,1.737e-12,1.6689999999999999e-12,nan,nan,nan,nan,nan,2.0999999999999999e-11,3.3099999999999994e-28,1.613e-11
47.5,1.8889999999999999e-14,5.9919999999999999e-14,nan,5.5480000000000003e-20,1.5849999999999998e-17,1.1809999999999999e-12,1.3749999999999999e-12,1.5069999999999999e-14,3.7060000000000002e-14,9.5329999999999999e-12,6.274999999999999e-11,2.7359999999999997e-11,1.4199999999999998e-12,4.5999999999999996e-13,6.6599999999999997e-10,0.0,0.0,0.0,2.9019999999999997e-13,1.4020000000000001e-12,2.9019999999999997e-13,2.9019999999999997e-13,4.8619999999999999e-13,1.6259999999999999e-12,1.5629999999999999e-12,nan,nan,nan,nan,nan,2.7699999999999999e-11,3.29e-28,1.6039999999999997e-11
50.0,1.855e-15,1.6689999999999999e-14,nan,5.6879999999999996e-21,3.6580000000000001e-18,7.6870000000000005e-13,1.2309999999999999e-12,8.6169999999999994e-15,6.5860000000000001e-15,2.7919999999999998e-12,5.7000000000000003e-11,2.0399999999999999e-11,1.2999999999999999e-12,4.1999999999999998e-13,4.4299999999999997e-10,0.0,0.0,0.0,2.8389999999999998e-13,1.3710000000000001e-12,2.8389999999999998e-13,2.8389999999999998e-13,4.298e-13,1.5899999999999999e-12,1.528e-12,nan,nan,nan,nan,nan,3.5599999999999999e-11,3.2700000000000001e-28,1.593e-11
55.0,7.0319999999999989e-17,2.4899999999999998e-15,nan,2.281e-22,4.1729999999999999e-19,3.8759999999999998e-13,1.0369999999999999e-12,3.5499999999999997e-15,4.8580000000000003e-16,5.8979999999999997e-13,5.2620000000000002e-11,1.509e-11,1.08e-12,3.5299999999999996e-13,3.3899999999999997e-10,0.0,0.0,0.0,2.679e-13,1.2939999999999999e-12,2.679e-13,2.679e-13,3.5690000000000002e-13,1.5000000000000001e-12,1.4419999999999999e-12,nan,nan,nan,nan,nan,4.5899999999999998e-11,3.2200000000000002e-28,1.5750000000000001e-11
60.0,2.8700000000000001e-18,3.6589999999999999e-16,nan,5.0920000000000003e-24,3.4650000000000001e-20,1.8179999999999999e-13,8.645e-13,1.3039999999999999e-15,7.9189999999999992e-18,1.8849999999999998e-13,5.0000000000000002e-11,9.7749999999999998e-12,8.9700000000000001e-13,2.97e-13,2.85e-10,0.0,0.0,0.0,2.6549999999999998e-13,1.282e-12,2.6549999999999998e-13,2.6549999999999998e-13,3.1229999999999999e-13,1.4869999999999998e-12,1.4289999999999999e-12,nan,nan,nan,nan,nan,5.1499999999999997e-11,2.4499999999999997e-28,1.56e-11
65.0,2.1739999999999999e-19,7.9130000000000003e-17,nan,1.699e-25,3.3529999999999997e-21,8.2649999999999994e-14,7.1399999999999989e-13,4.61e-16,1.913e-19,4.9119999999999997e-14,4.6409999999999998e-11,1.7e-12,7.4600000000000005e-13,2.4999999999999999e-13,2.5300000000000001e-10,0.0,0.0,0.0,2.6800000000000002e-13,1.2939999999999999e-12,2.6800000000000002e-13,2.6800000000000002e-13,2.7039999999999999e-13,1.5000000000000001e-12,1.4419999999999999e-12,nan,nan,nan,nan,nan,5.1099999999999997e-11,1.8899999999999999e-28,1.544e-11
70.0,3.0249999999999993e-20,3.1679999999999998e-17,nan,3.1839999999999996e-27,2.3829999999999999e-22,3.4319999999999999e-14,5.7989999999999998e-13,1.4270000000000001e-16,2.6259999999999999e-21,1.021e-14,3.9889999999999997e-11,0.0,6.1999999999999998e-13,2.1099999999999998e-13,2.31e-10,0.0,0.0,0.0,2.702e-13,1.305e-12,2.702e-13,2.702e-13,2.2e-13,1.5129999999999999e-12,1.4539999999999999e-12,nan,nan,nan,nan,nan,4.3199999999999997e-11,1.6500000000000001e-28,1.5209999999999998e-11
75.0,3.2569999999999996e-21,7.0749999999999997e-18,nan,9.5999999999999997e-29,2.0839999999999998e-23,1.3799999999999999e-14,4.6099999999999995e-13,4.3219999999999997e-17,3.6919999999999994e-23,2.2329999999999998e-15,3.4919999999999994e-11,0.0,5.1500000000000003e-13,1.77e-13,2.1499999999999998e-10,0.0,0.0,0.0,2.7249999999999995e-13,1.3159999999999998e-12,2.7249999999999995e-13,2.7249999999999995e-13,1.6400000000000001e-13,1.526e-12,1.4670000000000001e-12,nan,nan,nan,nan,nan,2.8299999999999999e-11,0.0,1.489e-11
80.0,2.634e-23,2.6759999999999998e-19,nan,1.6379999999999998e-30,1.3459999999999999e-24,4.9839999999999997e-15,3.5299999999999996e-13,1.1309999999999999e-17,5.1249999999999993e-25,1.1220000000000001e-15,3.0809999999999995e-11,0.0,9.999999999999999e-14,1.0000000000000001e-15,2.02e-10,0.0,0.0,0.0,2.7249999999999995e-13,1.3159999999999998e-12,2.7249999999999995e-13,2.7249999999999995e-13,1.2329999999999999e-13,1.526e-12,1.4670000000000001e-12,nan,nan,nan,nan,nan,1.3299999999999999e-11,0.0,1.4559999999999999e-11
85.0,3.313e-26,3.2959999999999998e-21,nan,4.605e-32,1.0799999999999999e-25,1.7039999999999999e-15,2.5240000000000002e-13,2.861e-18,2.1689999999999999e-27,3.5660000000000003e-17,3.0230000000000002e-11,0.0,1e-14,9.9999999999999992e-18,1.9200000000000001e-10,0.0,0.0,0.0,2.7249999999999995e-13,1.3159999999999998e-12,2.7249999999999995e-13,2.7249999999999995e-13,1.0139999999999999e-13,1.526e-12,1.4670000000000001e-12,nan,nan,nan,nan,nan,5.5599999999999997e-12,0.0,1.4339999999999999e-11
90.0,2.134e-29,1.497e-24,nan,6.9849999999999996e-34,6.0990000000000001e-27,4.9169999999999998e-16,1.5879999999999999e-13,5.7979999999999999e-19,6.0959999999999999e-31,3.2129999999999998e-20,3e-11,0.0,1.0000000000000001e-15,9.9999999999999998e-20,1.8299999999999999e-10,0.0,0.0,0.0,2.702e-13,1.305e-12,2.702e-13,2.702e-13,8.9409999999999995e-14,1.5129999999999999e-12,1.4539999999999999e-12,nan,nan,nan,nan,nan,2.2400000000000001e-12,0.0,1.4219999999999999e-11
95.0,1.366e-31,2.2269999999999999e-27,nan,1.7429999999999999e-35,4.2459999999999997e-28,1.272e-16,7.5849999999999987e-14,1.0589999999999999e-19,6.3359999999999994e-34,7.7699999999999992e-23,3e-11,0.0,9.9999999999999998e-17,1.0000000000000001e-21,1.7599999999999999e-10,0.0,0.0,0.0,2.6549999999999998e-13,1.282e-12,2.6549999999999998e-13,2.6549999999999998e-13,8.4029999999999996e-14,1.4869999999999998e-12,1.4289999999999999e-12,nan,nan,nan,nan,nan,8.9599999999999992e-13,0.0,1.417e-11
100.0,4.1280000000000002e-34,1.918e-30,nan,2.2240000000000001e-37,1.923e-29,2.3509999999999999e-17,2.131e-14,1.182e-20,9.8549999999999998e-38,9.7519999999999997e-26,3e-11,0.0,9.9999999999999988e-19,1.0000000000000001e-21,1.7000000000000001e-10,0.0,0.0,0.0,2.6089999999999998e-13,1.2599999999999999e-12,2.6089999999999998e-13,2.6089999999999998e-13,7.9069999999999998e-14,1.4619999999999998e-12,1.405e-12,nan,nan,nan,nan,nan,3.5799999999999999e-13,0.0,1.412e-11
105.0,3.4329999999999997e-36,2.507e-32,nan,4.2829999999999994e-39,1.1099999999999998e-30,3.6399999999999999e-18,3.1069999999999998e-15,9.3719999999999988e-22,0.0,1.1289999999999999e-27,0.0,0.0,9.9999999999999995e-21,1.0000000000000001e-21,1.64e-10,0.0,0.0,0.0,2.6089999999999998e-13,1.2599999999999999e-12,2.6089999999999998e-13,2.6089999999999998e-13,7.478999999999999e-14,1.4619999999999998e-12,1.405e-12,nan,nan,nan,nan,nan,1.43e-13,0.0,1.408e-11
110.0,0.0,3.2830000000000001e-34,nan,0.0,5.1579999999999997e-32,4.2509999999999996e-19,2.0889999999999998e-16,3.5449999999999998e-23,0.0,2.1509999999999999e-29,0.0,0.0,1.0000000000000001e-21,1.0000000000000001e-21,1.5899999999999999e-10,0.0,0.0,0.0,2.6089999999999998e-13,1.2599999999999999e-12,2.6089999999999998e-13,2.6089999999999998e-13,7.1129999999999996e-14,1.4619999999999998e-12,1.405e-12,nan,nan,nan,nan,nan,5.7299999999999993e-14,0.0,1.4039999999999999e-11
115.0,0.0,1.605e-35,nan,0.0,3.3929999999999996e-33,4.9809999999999997e-20,1.0839999999999999e-17,1.2229999999999998e-24,0.0,1.7199999999999997e-30,0.0,0.0,1.0000000000000001e-21,1.0000000000000001e-21,1.5499999999999998e-10,0.0,0.0,0.0,2.6089999999999998e-13,1.2599999999999999e-12,2.6089999999999998e-13,2.6089999999999998e-13,6.8329999999999998e-14,1.4619999999999998e-12,1.405e-12,nan,nan,nan,nan,nan,2.2899999999999999e-14,0.0,1.4009999999999999e-11
120.0,0.0,2.0259999999999999e-36,nan,0.0,3.7379999999999999e-34,8.7919999999999982e-21,8.9679999999999992e-19,6.9789999999999993e-26,0.0,2.8129999999999999e-31,0.0,0.0,1.0000000000000001e-21,1.0000000000000001e-21,1.51e-10,0.0,0.0,0.0,2.6089999999999998e-13,1.2599999999999999e-12,2.6089999999999998e-13,2.6089999999999998e-13,6.6169999999999997e-14,1.4619999999999998e-12,1.405e-12,nan,nan,nan,nan,nan,9.1700000000000003e-15,0.0,1.398e-11
